"method","seed","variable","group","direction","weight"
"qgcomp",NA,"URXCEM",NA,"Positive",0.220909664282941
"qgcomp",NA,"URXPMM",NA,"Positive",0.169342750223621
"qgcomp",NA,"URXDHB",NA,"Positive",0.13122762140941
"qgcomp",NA,"URXAMC",NA,"Positive",0.119390686641609
"qgcomp",NA,"URXCYM",NA,"Positive",0.0989005220581263
"qgcomp",NA,"URXATC",NA,"Positive",0.0953752492034313
"qgcomp",NA,"URXMAD",NA,"Positive",0.0888203974086948
"qgcomp",NA,"URXBMA",NA,"Positive",0.0659301935624883
"qgcomp",NA,"URX34M",NA,"Positive",0.0101029152096786
"qgcomp",NA,"URXPHG",NA,"Negative",0.284392402960222
"qgcomp",NA,"URXHP2",NA,"Negative",0.196553844184818
"qgcomp",NA,"URXMB3",NA,"Negative",0.184397869679081
"qgcomp",NA,"URXHPM",NA,"Negative",0.130528944364285
"qgcomp",NA,"URXAAM",NA,"Negative",0.126438288223239
"qgcomp",NA,"URXIPM3",NA,"Negative",0.0671364979744686
"qgcomp",NA,"URX2MH",NA,"Negative",0.0105521526138876
"gWQS",71,"URXCEM",NA,"Positive",0.249226958671621
"gWQS",71,"URXPMM",NA,"Positive",0.176858892508223
"gWQS",71,"URXDHB",NA,"Positive",0.140751330787959
"gWQS",71,"URXCYM",NA,"Positive",0.0946851821925918
"gWQS",71,"URXBMA",NA,"Positive",0.0931420015215254
"gWQS",71,"URXATC",NA,"Positive",0.0656087309680507
"gWQS",71,"URXMAD",NA,"Positive",0.0624331968580383
"gWQS",71,"URXAMC",NA,"Positive",0.0427629346446382
"gWQS",71,"URX2MH",NA,"Positive",0.0309393944685349
"gWQS",71,"URXHPM",NA,"Positive",0.0140719223991809
"gWQS",71,"URX34M",NA,"Positive",0.0086678400995336
"gWQS",71,"URXIPM3",NA,"Positive",0.00690981616264889
"gWQS",71,"URXMB3",NA,"Positive",0.00388033880638746
"gWQS",71,"URXAAM",NA,"Positive",0.0037658762145367
"gWQS",71,"URXPHG",NA,"Positive",0.00333897778963621
"gWQS",71,"URXHP2",NA,"Positive",0.00295660590689301
"gWQS",71,"URXCEM",NA,"Negative",0.00455924696725981
"gWQS",71,"URXPMM",NA,"Negative",0.00328557765991279
"gWQS",71,"URXDHB",NA,"Negative",0.0055371784493071
"gWQS",71,"URXCYM",NA,"Negative",0.00462045632185074
"gWQS",71,"URXBMA",NA,"Negative",0.00551021361426096
"gWQS",71,"URXATC",NA,"Negative",0.00696437240128053
"gWQS",71,"URXMAD",NA,"Negative",0.0110121859361953
"gWQS",71,"URXAMC",NA,"Negative",0.01813673839261
"gWQS",71,"URX2MH",NA,"Negative",0.0283642001012635
"gWQS",71,"URXHPM",NA,"Negative",0.0675615186840013
"gWQS",71,"URX34M",NA,"Negative",0.0850168822846589
"gWQS",71,"URXIPM3",NA,"Negative",0.0782600545937128
"gWQS",71,"URXMB3",NA,"Negative",0.170874898068029
"gWQS",71,"URXAAM",NA,"Negative",0.156205544318795
"gWQS",71,"URXPHG",NA,"Negative",0.239421127028964
"gWQS",71,"URXHP2",NA,"Negative",0.114669805177898
"groupWQS",71,"URX2MH","Aromatic hydrocarbons","Combined",0.104166472771056
"groupWQS",71,"URX34M","Aromatic hydrocarbons","Combined",0.103696392411243
"groupWQS",71,"URXBMA","Aromatic hydrocarbons","Combined",0.158813209445869
"groupWQS",71,"URXMAD","Aromatic hydrocarbons","Combined",0.0667468957989805
"groupWQS",71,"URXPHG","Aromatic hydrocarbons","Combined",0.566577029572852
"groupWQS",71,"URXDHB","Dienes/alkenes/epoxides","Combined",0.0475645058203987
"groupWQS",71,"URXMB3","Dienes/alkenes/epoxides","Combined",0.310554303517578
"groupWQS",71,"URXIPM3","Dienes/alkenes/epoxides","Combined",0.235482201839495
"groupWQS",71,"URXHP2","Dienes/alkenes/epoxides","Combined",0.406398988822557
"groupWQS",71,"URXAAM","Nitrile/amide/cyanide-related","Combined",0.0143811030939098
"groupWQS",71,"URXAMC","Nitrile/amide/cyanide-related","Combined",0.287718046853564
"groupWQS",71,"URXCEM","Nitrile/amide/cyanide-related","Combined",0.295688964640416
"groupWQS",71,"URXCYM","Nitrile/amide/cyanide-related","Combined",0.106274783391738
"groupWQS",71,"URXATC","Nitrile/amide/cyanide-related","Combined",0.295937102020391
"groupWQS",71,"URXHPM","Reactive aldehydes","Combined",0.152607986992662
"groupWQS",71,"URXPMM","Reactive aldehydes","Combined",0.84739201300735
"SGL-WQS (unweighted, lambda=0)",71,"URX2MH","Aromatic hydrocarbons","Positive",0
"SGL-WQS (unweighted, lambda=0)",71,"URX34M","Aromatic hydrocarbons","Positive",0.0622608490944023
"SGL-WQS (unweighted, lambda=0)",71,"URXBMA","Aromatic hydrocarbons","Positive",0.39841536580077
"SGL-WQS (unweighted, lambda=0)",71,"URXMAD","Aromatic hydrocarbons","Positive",0.539323785104828
"SGL-WQS (unweighted, lambda=0)",71,"URXPHG","Aromatic hydrocarbons","Positive",0
"SGL-WQS (unweighted, lambda=0)",71,"URXDHB","Dienes/alkenes/epoxides","Positive",1
"SGL-WQS (unweighted, lambda=0)",71,"URXMB3","Dienes/alkenes/epoxides","Positive",0
"SGL-WQS (unweighted, lambda=0)",71,"URXIPM3","Dienes/alkenes/epoxides","Positive",0
"SGL-WQS (unweighted, lambda=0)",71,"URXHP2","Dienes/alkenes/epoxides","Positive",0
"SGL-WQS (unweighted, lambda=0)",71,"URXAAM","Nitrile/amide/cyanide-related","Positive",0
"SGL-WQS (unweighted, lambda=0)",71,"URXAMC","Nitrile/amide/cyanide-related","Positive",0.223037130516231
"SGL-WQS (unweighted, lambda=0)",71,"URXCEM","Nitrile/amide/cyanide-related","Positive",0.414578524444486
"SGL-WQS (unweighted, lambda=0)",71,"URXCYM","Nitrile/amide/cyanide-related","Positive",0.184841079380263
"SGL-WQS (unweighted, lambda=0)",71,"URXATC","Nitrile/amide/cyanide-related","Positive",0.17754326565902
"SGL-WQS (unweighted, lambda=0)",71,"URXHPM","Reactive aldehydes","Positive",0
"SGL-WQS (unweighted, lambda=0)",71,"URXPMM","Reactive aldehydes","Positive",1
"SGL-WQS (unweighted, lambda=0)",71,"URX2MH","Aromatic hydrocarbons","Negative",0.0361821135555519
"SGL-WQS (unweighted, lambda=0)",71,"URX34M","Aromatic hydrocarbons","Negative",0
"SGL-WQS (unweighted, lambda=0)",71,"URXBMA","Aromatic hydrocarbons","Negative",0
"SGL-WQS (unweighted, lambda=0)",71,"URXMAD","Aromatic hydrocarbons","Negative",0
"SGL-WQS (unweighted, lambda=0)",71,"URXPHG","Aromatic hydrocarbons","Negative",0.963817886444448
"SGL-WQS (unweighted, lambda=0)",71,"URXDHB","Dienes/alkenes/epoxides","Negative",0
"SGL-WQS (unweighted, lambda=0)",71,"URXMB3","Dienes/alkenes/epoxides","Negative",0.408805544906797
"SGL-WQS (unweighted, lambda=0)",71,"URXIPM3","Dienes/alkenes/epoxides","Negative",0.150656460415138
"SGL-WQS (unweighted, lambda=0)",71,"URXHP2","Dienes/alkenes/epoxides","Negative",0.440537994678065
"SGL-WQS (unweighted, lambda=0)",71,"URXAAM","Nitrile/amide/cyanide-related","Negative",1
"SGL-WQS (unweighted, lambda=0)",71,"URXAMC","Nitrile/amide/cyanide-related","Negative",0
"SGL-WQS (unweighted, lambda=0)",71,"URXCEM","Nitrile/amide/cyanide-related","Negative",0
"SGL-WQS (unweighted, lambda=0)",71,"URXCYM","Nitrile/amide/cyanide-related","Negative",0
"SGL-WQS (unweighted, lambda=0)",71,"URXATC","Nitrile/amide/cyanide-related","Negative",0
"SGL-WQS (unweighted, lambda=0)",71,"URXHPM","Reactive aldehydes","Negative",1
"SGL-WQS (unweighted, lambda=0)",71,"URXPMM","Reactive aldehydes","Negative",0
"SGL-WQS (unweighted, lambda.min path)",71,"URX2MH","Aromatic hydrocarbons","Positive",0
"SGL-WQS (unweighted, lambda.min path)",71,"URX34M","Aromatic hydrocarbons","Positive",0.0347333124329493
"SGL-WQS (unweighted, lambda.min path)",71,"URXBMA","Aromatic hydrocarbons","Positive",0.437616500235783
"SGL-WQS (unweighted, lambda.min path)",71,"URXMAD","Aromatic hydrocarbons","Positive",0.527650187331268
"SGL-WQS (unweighted, lambda.min path)",71,"URXPHG","Aromatic hydrocarbons","Positive",0
"SGL-WQS (unweighted, lambda.min path)",71,"URXDHB","Dienes/alkenes/epoxides","Positive",1
"SGL-WQS (unweighted, lambda.min path)",71,"URXMB3","Dienes/alkenes/epoxides","Positive",0
"SGL-WQS (unweighted, lambda.min path)",71,"URXIPM3","Dienes/alkenes/epoxides","Positive",0
"SGL-WQS (unweighted, lambda.min path)",71,"URXHP2","Dienes/alkenes/epoxides","Positive",0
"SGL-WQS (unweighted, lambda.min path)",71,"URXAAM","Nitrile/amide/cyanide-related","Positive",0
"SGL-WQS (unweighted, lambda.min path)",71,"URXAMC","Nitrile/amide/cyanide-related","Positive",0.230534158668278
"SGL-WQS (unweighted, lambda.min path)",71,"URXCEM","Nitrile/amide/cyanide-related","Positive",0.421098253534386
"SGL-WQS (unweighted, lambda.min path)",71,"URXCYM","Nitrile/amide/cyanide-related","Positive",0.162711814322194
"SGL-WQS (unweighted, lambda.min path)",71,"URXATC","Nitrile/amide/cyanide-related","Positive",0.185655773475142
"SGL-WQS (unweighted, lambda.min path)",71,"URXHPM","Reactive aldehydes","Positive",0
"SGL-WQS (unweighted, lambda.min path)",71,"URXPMM","Reactive aldehydes","Positive",1
"SGL-WQS (unweighted, lambda.min path)",71,"URX2MH","Aromatic hydrocarbons","Negative",0.0368039510091454
"SGL-WQS (unweighted, lambda.min path)",71,"URX34M","Aromatic hydrocarbons","Negative",0
"SGL-WQS (unweighted, lambda.min path)",71,"URXBMA","Aromatic hydrocarbons","Negative",0
"SGL-WQS (unweighted, lambda.min path)",71,"URXMAD","Aromatic hydrocarbons","Negative",0
"SGL-WQS (unweighted, lambda.min path)",71,"URXPHG","Aromatic hydrocarbons","Negative",0.963196048990855
"SGL-WQS (unweighted, lambda.min path)",71,"URXDHB","Dienes/alkenes/epoxides","Negative",0
"SGL-WQS (unweighted, lambda.min path)",71,"URXMB3","Dienes/alkenes/epoxides","Negative",0.386269358797892
"SGL-WQS (unweighted, lambda.min path)",71,"URXIPM3","Dienes/alkenes/epoxides","Negative",0.134736247425325
"SGL-WQS (unweighted, lambda.min path)",71,"URXHP2","Dienes/alkenes/epoxides","Negative",0.478994393776782
"SGL-WQS (unweighted, lambda.min path)",71,"URXAAM","Nitrile/amide/cyanide-related","Negative",1
"SGL-WQS (unweighted, lambda.min path)",71,"URXAMC","Nitrile/amide/cyanide-related","Negative",0
"SGL-WQS (unweighted, lambda.min path)",71,"URXCEM","Nitrile/amide/cyanide-related","Negative",0
"SGL-WQS (unweighted, lambda.min path)",71,"URXCYM","Nitrile/amide/cyanide-related","Negative",0
"SGL-WQS (unweighted, lambda.min path)",71,"URXATC","Nitrile/amide/cyanide-related","Negative",0
"SGL-WQS (unweighted, lambda.min path)",71,"URXHPM","Reactive aldehydes","Negative",1
"SGL-WQS (unweighted, lambda.min path)",71,"URXPMM","Reactive aldehydes","Negative",0
"SGL-WQS (survey, lambda=0)",71,"URX2MH","Aromatic hydrocarbons","Positive",0
"SGL-WQS (survey, lambda=0)",71,"URX34M","Aromatic hydrocarbons","Positive",0
"SGL-WQS (survey, lambda=0)",71,"URXBMA","Aromatic hydrocarbons","Positive",0
"SGL-WQS (survey, lambda=0)",71,"URXMAD","Aromatic hydrocarbons","Positive",0
"SGL-WQS (survey, lambda=0)",71,"URXPHG","Aromatic hydrocarbons","Positive",0
"SGL-WQS (survey, lambda=0)",71,"URXDHB","Dienes/alkenes/epoxides","Positive",0
"SGL-WQS (survey, lambda=0)",71,"URXMB3","Dienes/alkenes/epoxides","Positive",0
"SGL-WQS (survey, lambda=0)",71,"URXIPM3","Dienes/alkenes/epoxides","Positive",0
"SGL-WQS (survey, lambda=0)",71,"URXHP2","Dienes/alkenes/epoxides","Positive",0
"SGL-WQS (survey, lambda=0)",71,"URXAAM","Nitrile/amide/cyanide-related","Positive",0
"SGL-WQS (survey, lambda=0)",71,"URXAMC","Nitrile/amide/cyanide-related","Positive",0
"SGL-WQS (survey, lambda=0)",71,"URXCEM","Nitrile/amide/cyanide-related","Positive",0
"SGL-WQS (survey, lambda=0)",71,"URXCYM","Nitrile/amide/cyanide-related","Positive",0
"SGL-WQS (survey, lambda=0)",71,"URXATC","Nitrile/amide/cyanide-related","Positive",0
"SGL-WQS (survey, lambda=0)",71,"URXHPM","Reactive aldehydes","Positive",0
"SGL-WQS (survey, lambda=0)",71,"URXPMM","Reactive aldehydes","Positive",0
"SGL-WQS (survey, lambda=0)",71,"URX2MH","Aromatic hydrocarbons","Negative",0
"SGL-WQS (survey, lambda=0)",71,"URX34M","Aromatic hydrocarbons","Negative",0
"SGL-WQS (survey, lambda=0)",71,"URXBMA","Aromatic hydrocarbons","Negative",0
"SGL-WQS (survey, lambda=0)",71,"URXMAD","Aromatic hydrocarbons","Negative",0
"SGL-WQS (survey, lambda=0)",71,"URXPHG","Aromatic hydrocarbons","Negative",0
"SGL-WQS (survey, lambda=0)",71,"URXDHB","Dienes/alkenes/epoxides","Negative",0
"SGL-WQS (survey, lambda=0)",71,"URXMB3","Dienes/alkenes/epoxides","Negative",0
"SGL-WQS (survey, lambda=0)",71,"URXIPM3","Dienes/alkenes/epoxides","Negative",0
"SGL-WQS (survey, lambda=0)",71,"URXHP2","Dienes/alkenes/epoxides","Negative",0
"SGL-WQS (survey, lambda=0)",71,"URXAAM","Nitrile/amide/cyanide-related","Negative",0
"SGL-WQS (survey, lambda=0)",71,"URXAMC","Nitrile/amide/cyanide-related","Negative",0
"SGL-WQS (survey, lambda=0)",71,"URXCEM","Nitrile/amide/cyanide-related","Negative",0
"SGL-WQS (survey, lambda=0)",71,"URXCYM","Nitrile/amide/cyanide-related","Negative",0
"SGL-WQS (survey, lambda=0)",71,"URXATC","Nitrile/amide/cyanide-related","Negative",0
"SGL-WQS (survey, lambda=0)",71,"URXHPM","Reactive aldehydes","Negative",0
"SGL-WQS (survey, lambda=0)",71,"URXPMM","Reactive aldehydes","Negative",0
"SGL-WQS (survey, lambda.min path)",71,"URX2MH","Aromatic hydrocarbons","Positive",0.0616772778200268
"SGL-WQS (survey, lambda.min path)",71,"URX34M","Aromatic hydrocarbons","Positive",0.382727897201116
"SGL-WQS (survey, lambda.min path)",71,"URXBMA","Aromatic hydrocarbons","Positive",0.17741796849556
"SGL-WQS (survey, lambda.min path)",71,"URXMAD","Aromatic hydrocarbons","Positive",0.378176856483297
"SGL-WQS (survey, lambda.min path)",71,"URXPHG","Aromatic hydrocarbons","Positive",0
"SGL-WQS (survey, lambda.min path)",71,"URXDHB","Dienes/alkenes/epoxides","Positive",1
"SGL-WQS (survey, lambda.min path)",71,"URXMB3","Dienes/alkenes/epoxides","Positive",0
"SGL-WQS (survey, lambda.min path)",71,"URXIPM3","Dienes/alkenes/epoxides","Positive",0
"SGL-WQS (survey, lambda.min path)",71,"URXHP2","Dienes/alkenes/epoxides","Positive",0
"SGL-WQS (survey, lambda.min path)",71,"URXAAM","Nitrile/amide/cyanide-related","Positive",0
"SGL-WQS (survey, lambda.min path)",71,"URXAMC","Nitrile/amide/cyanide-related","Positive",0.0236627704421065
"SGL-WQS (survey, lambda.min path)",71,"URXCEM","Nitrile/amide/cyanide-related","Positive",0.67658915928086
"SGL-WQS (survey, lambda.min path)",71,"URXCYM","Nitrile/amide/cyanide-related","Positive",0
"SGL-WQS (survey, lambda.min path)",71,"URXATC","Nitrile/amide/cyanide-related","Positive",0.299748070277034
"SGL-WQS (survey, lambda.min path)",71,"URXHPM","Reactive aldehydes","Positive",0
"SGL-WQS (survey, lambda.min path)",71,"URXPMM","Reactive aldehydes","Positive",1
"SGL-WQS (survey, lambda.min path)",71,"URX2MH","Aromatic hydrocarbons","Negative",0
"SGL-WQS (survey, lambda.min path)",71,"URX34M","Aromatic hydrocarbons","Negative",0
"SGL-WQS (survey, lambda.min path)",71,"URXBMA","Aromatic hydrocarbons","Negative",0
"SGL-WQS (survey, lambda.min path)",71,"URXMAD","Aromatic hydrocarbons","Negative",0
"SGL-WQS (survey, lambda.min path)",71,"URXPHG","Aromatic hydrocarbons","Negative",1
"SGL-WQS (survey, lambda.min path)",71,"URXDHB","Dienes/alkenes/epoxides","Negative",0
"SGL-WQS (survey, lambda.min path)",71,"URXMB3","Dienes/alkenes/epoxides","Negative",0.462214995235149
"SGL-WQS (survey, lambda.min path)",71,"URXIPM3","Dienes/alkenes/epoxides","Negative",0.00762982608094297
"SGL-WQS (survey, lambda.min path)",71,"URXHP2","Dienes/alkenes/epoxides","Negative",0.530155178683908
"SGL-WQS (survey, lambda.min path)",71,"URXAAM","Nitrile/amide/cyanide-related","Negative",0.974489294595593
"SGL-WQS (survey, lambda.min path)",71,"URXAMC","Nitrile/amide/cyanide-related","Negative",0
"SGL-WQS (survey, lambda.min path)",71,"URXCEM","Nitrile/amide/cyanide-related","Negative",0
"SGL-WQS (survey, lambda.min path)",71,"URXCYM","Nitrile/amide/cyanide-related","Negative",0.0255107054044067
"SGL-WQS (survey, lambda.min path)",71,"URXATC","Nitrile/amide/cyanide-related","Negative",0
"SGL-WQS (survey, lambda.min path)",71,"URXHPM","Reactive aldehydes","Negative",1
"SGL-WQS (survey, lambda.min path)",71,"URXPMM","Reactive aldehydes","Negative",0
"gWQS",42,"URXPMM",NA,"Positive",0.275273592440129
"gWQS",42,"URXMAD",NA,"Positive",0.16357052848776
"gWQS",42,"URXCEM",NA,"Positive",0.148628183922223
"gWQS",42,"URXCYM",NA,"Positive",0.0980816112332943
"gWQS",42,"URXBMA",NA,"Positive",0.0682324565931646
"gWQS",42,"URXAMC",NA,"Positive",0.0644214442140403
"gWQS",42,"URXDHB",NA,"Positive",0.0568135074929831
"gWQS",42,"URXATC",NA,"Positive",0.0505022279009182
"gWQS",42,"URX2MH",NA,"Positive",0.022889381290198
"gWQS",42,"URX34M",NA,"Positive",0.0207073674576999
"gWQS",42,"URXIPM3",NA,"Positive",0.0108898197104871
"gWQS",42,"URXAAM",NA,"Positive",0.00509699337557615
"gWQS",42,"URXMB3",NA,"Positive",0.00400042879521023
"gWQS",42,"URXHP2",NA,"Positive",0.00396176352062245
"gWQS",42,"URXPHG",NA,"Positive",0.00369218493795874
"gWQS",42,"URXHPM",NA,"Positive",0.00323850862773467
"gWQS",42,"URXPMM",NA,"Negative",0.00363302881210876
"gWQS",42,"URXMAD",NA,"Negative",0.00385244672888781
"gWQS",42,"URXCEM",NA,"Negative",0.00347903410395948
"gWQS",42,"URXCYM",NA,"Negative",0.002672331795649
"gWQS",42,"URXBMA",NA,"Negative",0.0045279455117939
"gWQS",42,"URXAMC",NA,"Negative",0.00536775650539473
"gWQS",42,"URXDHB",NA,"Negative",0.011698842528268
"gWQS",42,"URXATC",NA,"Negative",0.00759207413935969
"gWQS",42,"URX2MH",NA,"Negative",0.0380128126942611
"gWQS",42,"URX34M",NA,"Negative",0.0552304117431929
"gWQS",42,"URXIPM3",NA,"Negative",0.0684295278286788
"gWQS",42,"URXAAM",NA,"Negative",0.116049352154914
"gWQS",42,"URXMB3",NA,"Negative",0.160985772195551
"gWQS",42,"URXHP2",NA,"Negative",0.0634173103601884
"gWQS",42,"URXPHG",NA,"Negative",0.202947108028176
"gWQS",42,"URXHPM",NA,"Negative",0.252104244869616
"groupWQS",42,"URX2MH","Aromatic hydrocarbons","Combined",0.123848352683115
"groupWQS",42,"URX34M","Aromatic hydrocarbons","Combined",0.159767987331272
"groupWQS",42,"URXBMA","Aromatic hydrocarbons","Combined",0.165369055872839
"groupWQS",42,"URXMAD","Aromatic hydrocarbons","Combined",0.122519590472882
"groupWQS",42,"URXPHG","Aromatic hydrocarbons","Combined",0.428495013639699
"groupWQS",42,"URXDHB","Dienes/alkenes/epoxides","Combined",0.0879279375473746
"groupWQS",42,"URXMB3","Dienes/alkenes/epoxides","Combined",0.410584198411745
"groupWQS",42,"URXIPM3","Dienes/alkenes/epoxides","Combined",0.115463939941727
"groupWQS",42,"URXHP2","Dienes/alkenes/epoxides","Combined",0.386023924098412
"groupWQS",42,"URXAAM","Nitrile/amide/cyanide-related","Combined",0.00577563220220972
"groupWQS",42,"URXAMC","Nitrile/amide/cyanide-related","Combined",0.235349436237568
"groupWQS",42,"URXCEM","Nitrile/amide/cyanide-related","Combined",0.378870946085426
"groupWQS",42,"URXCYM","Nitrile/amide/cyanide-related","Combined",0.159279927310253
"groupWQS",42,"URXATC","Nitrile/amide/cyanide-related","Combined",0.220724058164598
"groupWQS",42,"URXHPM","Reactive aldehydes","Combined",0.103685176392691
"groupWQS",42,"URXPMM","Reactive aldehydes","Combined",0.896314823607293
"SGL-WQS (unweighted, lambda=0)",42,"URX2MH","Aromatic hydrocarbons","Positive",0
"SGL-WQS (unweighted, lambda=0)",42,"URX34M","Aromatic hydrocarbons","Positive",0.0622608490944023
"SGL-WQS (unweighted, lambda=0)",42,"URXBMA","Aromatic hydrocarbons","Positive",0.39841536580077
"SGL-WQS (unweighted, lambda=0)",42,"URXMAD","Aromatic hydrocarbons","Positive",0.539323785104828
"SGL-WQS (unweighted, lambda=0)",42,"URXPHG","Aromatic hydrocarbons","Positive",0
"SGL-WQS (unweighted, lambda=0)",42,"URXDHB","Dienes/alkenes/epoxides","Positive",1
"SGL-WQS (unweighted, lambda=0)",42,"URXMB3","Dienes/alkenes/epoxides","Positive",0
"SGL-WQS (unweighted, lambda=0)",42,"URXIPM3","Dienes/alkenes/epoxides","Positive",0
"SGL-WQS (unweighted, lambda=0)",42,"URXHP2","Dienes/alkenes/epoxides","Positive",0
"SGL-WQS (unweighted, lambda=0)",42,"URXAAM","Nitrile/amide/cyanide-related","Positive",0
"SGL-WQS (unweighted, lambda=0)",42,"URXAMC","Nitrile/amide/cyanide-related","Positive",0.223037130516231
"SGL-WQS (unweighted, lambda=0)",42,"URXCEM","Nitrile/amide/cyanide-related","Positive",0.414578524444486
"SGL-WQS (unweighted, lambda=0)",42,"URXCYM","Nitrile/amide/cyanide-related","Positive",0.184841079380263
"SGL-WQS (unweighted, lambda=0)",42,"URXATC","Nitrile/amide/cyanide-related","Positive",0.17754326565902
"SGL-WQS (unweighted, lambda=0)",42,"URXHPM","Reactive aldehydes","Positive",0
"SGL-WQS (unweighted, lambda=0)",42,"URXPMM","Reactive aldehydes","Positive",1
"SGL-WQS (unweighted, lambda=0)",42,"URX2MH","Aromatic hydrocarbons","Negative",0.0361821135555519
"SGL-WQS (unweighted, lambda=0)",42,"URX34M","Aromatic hydrocarbons","Negative",0
"SGL-WQS (unweighted, lambda=0)",42,"URXBMA","Aromatic hydrocarbons","Negative",0
"SGL-WQS (unweighted, lambda=0)",42,"URXMAD","Aromatic hydrocarbons","Negative",0
"SGL-WQS (unweighted, lambda=0)",42,"URXPHG","Aromatic hydrocarbons","Negative",0.963817886444448
"SGL-WQS (unweighted, lambda=0)",42,"URXDHB","Dienes/alkenes/epoxides","Negative",0
"SGL-WQS (unweighted, lambda=0)",42,"URXMB3","Dienes/alkenes/epoxides","Negative",0.408805544906797
"SGL-WQS (unweighted, lambda=0)",42,"URXIPM3","Dienes/alkenes/epoxides","Negative",0.150656460415138
"SGL-WQS (unweighted, lambda=0)",42,"URXHP2","Dienes/alkenes/epoxides","Negative",0.440537994678065
"SGL-WQS (unweighted, lambda=0)",42,"URXAAM","Nitrile/amide/cyanide-related","Negative",1
"SGL-WQS (unweighted, lambda=0)",42,"URXAMC","Nitrile/amide/cyanide-related","Negative",0
"SGL-WQS (unweighted, lambda=0)",42,"URXCEM","Nitrile/amide/cyanide-related","Negative",0
"SGL-WQS (unweighted, lambda=0)",42,"URXCYM","Nitrile/amide/cyanide-related","Negative",0
"SGL-WQS (unweighted, lambda=0)",42,"URXATC","Nitrile/amide/cyanide-related","Negative",0
"SGL-WQS (unweighted, lambda=0)",42,"URXHPM","Reactive aldehydes","Negative",1
"SGL-WQS (unweighted, lambda=0)",42,"URXPMM","Reactive aldehydes","Negative",0
"SGL-WQS (unweighted, lambda.min path)",42,"URX2MH","Aromatic hydrocarbons","Positive",0
"SGL-WQS (unweighted, lambda.min path)",42,"URX34M","Aromatic hydrocarbons","Positive",0.0212941622309809
"SGL-WQS (unweighted, lambda.min path)",42,"URXBMA","Aromatic hydrocarbons","Positive",0.470811032191432
"SGL-WQS (unweighted, lambda.min path)",42,"URXMAD","Aromatic hydrocarbons","Positive",0.507894805577587
"SGL-WQS (unweighted, lambda.min path)",42,"URXPHG","Aromatic hydrocarbons","Positive",0
"SGL-WQS (unweighted, lambda.min path)",42,"URXDHB","Dienes/alkenes/epoxides","Positive",1
"SGL-WQS (unweighted, lambda.min path)",42,"URXMB3","Dienes/alkenes/epoxides","Positive",0
"SGL-WQS (unweighted, lambda.min path)",42,"URXIPM3","Dienes/alkenes/epoxides","Positive",0
"SGL-WQS (unweighted, lambda.min path)",42,"URXHP2","Dienes/alkenes/epoxides","Positive",0
"SGL-WQS (unweighted, lambda.min path)",42,"URXAAM","Nitrile/amide/cyanide-related","Positive",0
"SGL-WQS (unweighted, lambda.min path)",42,"URXAMC","Nitrile/amide/cyanide-related","Positive",0.232820372568055
"SGL-WQS (unweighted, lambda.min path)",42,"URXCEM","Nitrile/amide/cyanide-related","Positive",0.41983535520798
"SGL-WQS (unweighted, lambda.min path)",42,"URXCYM","Nitrile/amide/cyanide-related","Positive",0.15943199744391
"SGL-WQS (unweighted, lambda.min path)",42,"URXATC","Nitrile/amide/cyanide-related","Positive",0.187912274780054
"SGL-WQS (unweighted, lambda.min path)",42,"URXHPM","Reactive aldehydes","Positive",0
"SGL-WQS (unweighted, lambda.min path)",42,"URXPMM","Reactive aldehydes","Positive",1
"SGL-WQS (unweighted, lambda.min path)",42,"URX2MH","Aromatic hydrocarbons","Negative",0.0357758403639979
"SGL-WQS (unweighted, lambda.min path)",42,"URX34M","Aromatic hydrocarbons","Negative",0
"SGL-WQS (unweighted, lambda.min path)",42,"URXBMA","Aromatic hydrocarbons","Negative",0
"SGL-WQS (unweighted, lambda.min path)",42,"URXMAD","Aromatic hydrocarbons","Negative",0
"SGL-WQS (unweighted, lambda.min path)",42,"URXPHG","Aromatic hydrocarbons","Negative",0.964224159636002
"SGL-WQS (unweighted, lambda.min path)",42,"URXDHB","Dienes/alkenes/epoxides","Negative",0
"SGL-WQS (unweighted, lambda.min path)",42,"URXMB3","Dienes/alkenes/epoxides","Negative",0.380302643226455
"SGL-WQS (unweighted, lambda.min path)",42,"URXIPM3","Dienes/alkenes/epoxides","Negative",0.129012747668015
"SGL-WQS (unweighted, lambda.min path)",42,"URXHP2","Dienes/alkenes/epoxides","Negative",0.49068460910553
"SGL-WQS (unweighted, lambda.min path)",42,"URXAAM","Nitrile/amide/cyanide-related","Negative",1
"SGL-WQS (unweighted, lambda.min path)",42,"URXAMC","Nitrile/amide/cyanide-related","Negative",0
"SGL-WQS (unweighted, lambda.min path)",42,"URXCEM","Nitrile/amide/cyanide-related","Negative",0
"SGL-WQS (unweighted, lambda.min path)",42,"URXCYM","Nitrile/amide/cyanide-related","Negative",0
"SGL-WQS (unweighted, lambda.min path)",42,"URXATC","Nitrile/amide/cyanide-related","Negative",0
"SGL-WQS (unweighted, lambda.min path)",42,"URXHPM","Reactive aldehydes","Negative",1
"SGL-WQS (unweighted, lambda.min path)",42,"URXPMM","Reactive aldehydes","Negative",0
"SGL-WQS (survey, lambda=0)",42,"URX2MH","Aromatic hydrocarbons","Positive",0
"SGL-WQS (survey, lambda=0)",42,"URX34M","Aromatic hydrocarbons","Positive",0
"SGL-WQS (survey, lambda=0)",42,"URXBMA","Aromatic hydrocarbons","Positive",0
"SGL-WQS (survey, lambda=0)",42,"URXMAD","Aromatic hydrocarbons","Positive",0
"SGL-WQS (survey, lambda=0)",42,"URXPHG","Aromatic hydrocarbons","Positive",0
"SGL-WQS (survey, lambda=0)",42,"URXDHB","Dienes/alkenes/epoxides","Positive",0
"SGL-WQS (survey, lambda=0)",42,"URXMB3","Dienes/alkenes/epoxides","Positive",0
"SGL-WQS (survey, lambda=0)",42,"URXIPM3","Dienes/alkenes/epoxides","Positive",0
"SGL-WQS (survey, lambda=0)",42,"URXHP2","Dienes/alkenes/epoxides","Positive",0
"SGL-WQS (survey, lambda=0)",42,"URXAAM","Nitrile/amide/cyanide-related","Positive",0
"SGL-WQS (survey, lambda=0)",42,"URXAMC","Nitrile/amide/cyanide-related","Positive",0
"SGL-WQS (survey, lambda=0)",42,"URXCEM","Nitrile/amide/cyanide-related","Positive",0
"SGL-WQS (survey, lambda=0)",42,"URXCYM","Nitrile/amide/cyanide-related","Positive",0
"SGL-WQS (survey, lambda=0)",42,"URXATC","Nitrile/amide/cyanide-related","Positive",0
"SGL-WQS (survey, lambda=0)",42,"URXHPM","Reactive aldehydes","Positive",0
"SGL-WQS (survey, lambda=0)",42,"URXPMM","Reactive aldehydes","Positive",0
"SGL-WQS (survey, lambda=0)",42,"URX2MH","Aromatic hydrocarbons","Negative",0
"SGL-WQS (survey, lambda=0)",42,"URX34M","Aromatic hydrocarbons","Negative",0
"SGL-WQS (survey, lambda=0)",42,"URXBMA","Aromatic hydrocarbons","Negative",0
"SGL-WQS (survey, lambda=0)",42,"URXMAD","Aromatic hydrocarbons","Negative",0
"SGL-WQS (survey, lambda=0)",42,"URXPHG","Aromatic hydrocarbons","Negative",0
"SGL-WQS (survey, lambda=0)",42,"URXDHB","Dienes/alkenes/epoxides","Negative",0
"SGL-WQS (survey, lambda=0)",42,"URXMB3","Dienes/alkenes/epoxides","Negative",0
"SGL-WQS (survey, lambda=0)",42,"URXIPM3","Dienes/alkenes/epoxides","Negative",0
"SGL-WQS (survey, lambda=0)",42,"URXHP2","Dienes/alkenes/epoxides","Negative",0
"SGL-WQS (survey, lambda=0)",42,"URXAAM","Nitrile/amide/cyanide-related","Negative",0
"SGL-WQS (survey, lambda=0)",42,"URXAMC","Nitrile/amide/cyanide-related","Negative",0
"SGL-WQS (survey, lambda=0)",42,"URXCEM","Nitrile/amide/cyanide-related","Negative",0
"SGL-WQS (survey, lambda=0)",42,"URXCYM","Nitrile/amide/cyanide-related","Negative",0
"SGL-WQS (survey, lambda=0)",42,"URXATC","Nitrile/amide/cyanide-related","Negative",0
"SGL-WQS (survey, lambda=0)",42,"URXHPM","Reactive aldehydes","Negative",0
"SGL-WQS (survey, lambda=0)",42,"URXPMM","Reactive aldehydes","Negative",0
"SGL-WQS (survey, lambda.min path)",42,"URX2MH","Aromatic hydrocarbons","Positive",0.0482462287144035
"SGL-WQS (survey, lambda.min path)",42,"URX34M","Aromatic hydrocarbons","Positive",0.389574047743253
"SGL-WQS (survey, lambda.min path)",42,"URXBMA","Aromatic hydrocarbons","Positive",0.171086947931367
"SGL-WQS (survey, lambda.min path)",42,"URXMAD","Aromatic hydrocarbons","Positive",0.391092775610977
"SGL-WQS (survey, lambda.min path)",42,"URXPHG","Aromatic hydrocarbons","Positive",0
"SGL-WQS (survey, lambda.min path)",42,"URXDHB","Dienes/alkenes/epoxides","Positive",1
"SGL-WQS (survey, lambda.min path)",42,"URXMB3","Dienes/alkenes/epoxides","Positive",0
"SGL-WQS (survey, lambda.min path)",42,"URXIPM3","Dienes/alkenes/epoxides","Positive",0
"SGL-WQS (survey, lambda.min path)",42,"URXHP2","Dienes/alkenes/epoxides","Positive",0
"SGL-WQS (survey, lambda.min path)",42,"URXAAM","Nitrile/amide/cyanide-related","Positive",0
"SGL-WQS (survey, lambda.min path)",42,"URXAMC","Nitrile/amide/cyanide-related","Positive",0.0238266129603803
"SGL-WQS (survey, lambda.min path)",42,"URXCEM","Nitrile/amide/cyanide-related","Positive",0.67772948058548
"SGL-WQS (survey, lambda.min path)",42,"URXCYM","Nitrile/amide/cyanide-related","Positive",0
"SGL-WQS (survey, lambda.min path)",42,"URXATC","Nitrile/amide/cyanide-related","Positive",0.298443906454139
"SGL-WQS (survey, lambda.min path)",42,"URXHPM","Reactive aldehydes","Positive",0
"SGL-WQS (survey, lambda.min path)",42,"URXPMM","Reactive aldehydes","Positive",1
"SGL-WQS (survey, lambda.min path)",42,"URX2MH","Aromatic hydrocarbons","Negative",0
"SGL-WQS (survey, lambda.min path)",42,"URX34M","Aromatic hydrocarbons","Negative",0
"SGL-WQS (survey, lambda.min path)",42,"URXBMA","Aromatic hydrocarbons","Negative",0
"SGL-WQS (survey, lambda.min path)",42,"URXMAD","Aromatic hydrocarbons","Negative",0
"SGL-WQS (survey, lambda.min path)",42,"URXPHG","Aromatic hydrocarbons","Negative",1
"SGL-WQS (survey, lambda.min path)",42,"URXDHB","Dienes/alkenes/epoxides","Negative",0
"SGL-WQS (survey, lambda.min path)",42,"URXMB3","Dienes/alkenes/epoxides","Negative",0.469870134586103
"SGL-WQS (survey, lambda.min path)",42,"URXIPM3","Dienes/alkenes/epoxides","Negative",0.0120122914043443
"SGL-WQS (survey, lambda.min path)",42,"URXHP2","Dienes/alkenes/epoxides","Negative",0.518117574009552
"SGL-WQS (survey, lambda.min path)",42,"URXAAM","Nitrile/amide/cyanide-related","Negative",0.988552631278217
"SGL-WQS (survey, lambda.min path)",42,"URXAMC","Nitrile/amide/cyanide-related","Negative",0
"SGL-WQS (survey, lambda.min path)",42,"URXCEM","Nitrile/amide/cyanide-related","Negative",0
"SGL-WQS (survey, lambda.min path)",42,"URXCYM","Nitrile/amide/cyanide-related","Negative",0.0114473687217833
"SGL-WQS (survey, lambda.min path)",42,"URXATC","Nitrile/amide/cyanide-related","Negative",0
"SGL-WQS (survey, lambda.min path)",42,"URXHPM","Reactive aldehydes","Negative",1
"SGL-WQS (survey, lambda.min path)",42,"URXPMM","Reactive aldehydes","Negative",0
"gWQS",123,"URXCEM",NA,"Positive",0.194273340543456
"gWQS",123,"URXPMM",NA,"Positive",0.168978812894113
"gWQS",123,"URXMAD",NA,"Positive",0.144648229854552
"gWQS",123,"URXDHB",NA,"Positive",0.134417727984258
"gWQS",123,"URXBMA",NA,"Positive",0.0859994193459603
"gWQS",123,"URXATC",NA,"Positive",0.0695760658810053
"gWQS",123,"URXCYM",NA,"Positive",0.0594354713228376
"gWQS",123,"URX2MH",NA,"Positive",0.0453752525106453
"gWQS",123,"URXAMC",NA,"Positive",0.0361525840572547
"gWQS",123,"URX34M",NA,"Positive",0.022088002577603
"gWQS",123,"URXHPM",NA,"Positive",0.0112119975164303
"gWQS",123,"URXMB3",NA,"Positive",0.0101363925346028
"gWQS",123,"URXHP2",NA,"Positive",0.0056679083925171
"gWQS",123,"URXAAM",NA,"Positive",0.00409477975806548
"gWQS",123,"URXPHG",NA,"Positive",0.00406333912008182
"gWQS",123,"URXIPM3",NA,"Positive",0.00388067570661614
"gWQS",123,"URXCEM",NA,"Negative",0.00502258327580352
"gWQS",123,"URXPMM",NA,"Negative",0.00268851397074449
"gWQS",123,"URXMAD",NA,"Negative",0.00278957888000484
"gWQS",123,"URXDHB",NA,"Negative",0.00493246848885093
"gWQS",123,"URXBMA",NA,"Negative",0.00623174536003599
"gWQS",123,"URXATC",NA,"Negative",0.00446969724487464
"gWQS",123,"URXCYM",NA,"Negative",0.00794598766689386
"gWQS",123,"URX2MH",NA,"Negative",0.0131063482822288
"gWQS",123,"URXAMC",NA,"Negative",0.0161158053832838
"gWQS",123,"URX34M",NA,"Negative",0.0433589854849931
"gWQS",123,"URXHPM",NA,"Negative",0.0797013576694743
"gWQS",123,"URXMB3",NA,"Negative",0.0988963396810953
"gWQS",123,"URXHP2",NA,"Negative",0.177305322603239
"gWQS",123,"URXAAM",NA,"Negative",0.152274643047844
"gWQS",123,"URXPHG",NA,"Negative",0.252202811507675
"gWQS",123,"URXIPM3",NA,"Negative",0.132957811452959
"groupWQS",123,"URX2MH","Aromatic hydrocarbons","Combined",0.0888521481160174
"groupWQS",123,"URX34M","Aromatic hydrocarbons","Combined",0.0578817087924965
"groupWQS",123,"URXBMA","Aromatic hydrocarbons","Combined",0.227006957257343
"groupWQS",123,"URXMAD","Aromatic hydrocarbons","Combined",0.19890169914352
"groupWQS",123,"URXPHG","Aromatic hydrocarbons","Combined",0.427357486690629
"groupWQS",123,"URXDHB","Dienes/alkenes/epoxides","Combined",0.213811978784037
"groupWQS",123,"URXMB3","Dienes/alkenes/epoxides","Combined",0.217773373666086
"groupWQS",123,"URXIPM3","Dienes/alkenes/epoxides","Combined",0.126847404714767
"groupWQS",123,"URXHP2","Dienes/alkenes/epoxides","Combined",0.441567242835101
"groupWQS",123,"URXAAM","Nitrile/amide/cyanide-related","Combined",0.0470110160200302
"groupWQS",123,"URXAMC","Nitrile/amide/cyanide-related","Combined",0.146051089976548
"groupWQS",123,"URXCEM","Nitrile/amide/cyanide-related","Combined",0.414298893925883
"groupWQS",123,"URXCYM","Nitrile/amide/cyanide-related","Combined",0.195906178569371
"groupWQS",123,"URXATC","Nitrile/amide/cyanide-related","Combined",0.196732821508178
"groupWQS",123,"URXHPM","Reactive aldehydes","Combined",0.571193684132784
"groupWQS",123,"URXPMM","Reactive aldehydes","Combined",0.428806315867222
"SGL-WQS (unweighted, lambda=0)",123,"URX2MH","Aromatic hydrocarbons","Positive",0
"SGL-WQS (unweighted, lambda=0)",123,"URX34M","Aromatic hydrocarbons","Positive",0.0622608490944023
"SGL-WQS (unweighted, lambda=0)",123,"URXBMA","Aromatic hydrocarbons","Positive",0.39841536580077
"SGL-WQS (unweighted, lambda=0)",123,"URXMAD","Aromatic hydrocarbons","Positive",0.539323785104828
"SGL-WQS (unweighted, lambda=0)",123,"URXPHG","Aromatic hydrocarbons","Positive",0
"SGL-WQS (unweighted, lambda=0)",123,"URXDHB","Dienes/alkenes/epoxides","Positive",1
"SGL-WQS (unweighted, lambda=0)",123,"URXMB3","Dienes/alkenes/epoxides","Positive",0
"SGL-WQS (unweighted, lambda=0)",123,"URXIPM3","Dienes/alkenes/epoxides","Positive",0
"SGL-WQS (unweighted, lambda=0)",123,"URXHP2","Dienes/alkenes/epoxides","Positive",0
"SGL-WQS (unweighted, lambda=0)",123,"URXAAM","Nitrile/amide/cyanide-related","Positive",0
"SGL-WQS (unweighted, lambda=0)",123,"URXAMC","Nitrile/amide/cyanide-related","Positive",0.223037130516231
"SGL-WQS (unweighted, lambda=0)",123,"URXCEM","Nitrile/amide/cyanide-related","Positive",0.414578524444486
"SGL-WQS (unweighted, lambda=0)",123,"URXCYM","Nitrile/amide/cyanide-related","Positive",0.184841079380263
"SGL-WQS (unweighted, lambda=0)",123,"URXATC","Nitrile/amide/cyanide-related","Positive",0.17754326565902
"SGL-WQS (unweighted, lambda=0)",123,"URXHPM","Reactive aldehydes","Positive",0
"SGL-WQS (unweighted, lambda=0)",123,"URXPMM","Reactive aldehydes","Positive",1
"SGL-WQS (unweighted, lambda=0)",123,"URX2MH","Aromatic hydrocarbons","Negative",0.0361821135555519
"SGL-WQS (unweighted, lambda=0)",123,"URX34M","Aromatic hydrocarbons","Negative",0
"SGL-WQS (unweighted, lambda=0)",123,"URXBMA","Aromatic hydrocarbons","Negative",0
"SGL-WQS (unweighted, lambda=0)",123,"URXMAD","Aromatic hydrocarbons","Negative",0
"SGL-WQS (unweighted, lambda=0)",123,"URXPHG","Aromatic hydrocarbons","Negative",0.963817886444448
"SGL-WQS (unweighted, lambda=0)",123,"URXDHB","Dienes/alkenes/epoxides","Negative",0
"SGL-WQS (unweighted, lambda=0)",123,"URXMB3","Dienes/alkenes/epoxides","Negative",0.408805544906797
"SGL-WQS (unweighted, lambda=0)",123,"URXIPM3","Dienes/alkenes/epoxides","Negative",0.150656460415138
"SGL-WQS (unweighted, lambda=0)",123,"URXHP2","Dienes/alkenes/epoxides","Negative",0.440537994678065
"SGL-WQS (unweighted, lambda=0)",123,"URXAAM","Nitrile/amide/cyanide-related","Negative",1
"SGL-WQS (unweighted, lambda=0)",123,"URXAMC","Nitrile/amide/cyanide-related","Negative",0
"SGL-WQS (unweighted, lambda=0)",123,"URXCEM","Nitrile/amide/cyanide-related","Negative",0
"SGL-WQS (unweighted, lambda=0)",123,"URXCYM","Nitrile/amide/cyanide-related","Negative",0
"SGL-WQS (unweighted, lambda=0)",123,"URXATC","Nitrile/amide/cyanide-related","Negative",0
"SGL-WQS (unweighted, lambda=0)",123,"URXHPM","Reactive aldehydes","Negative",1
"SGL-WQS (unweighted, lambda=0)",123,"URXPMM","Reactive aldehydes","Negative",0
"SGL-WQS (unweighted, lambda.min path)",123,"URX2MH","Aromatic hydrocarbons","Positive",0
"SGL-WQS (unweighted, lambda.min path)",123,"URX34M","Aromatic hydrocarbons","Positive",0.0330578483751017
"SGL-WQS (unweighted, lambda.min path)",123,"URXBMA","Aromatic hydrocarbons","Positive",0.440926904906132
"SGL-WQS (unweighted, lambda.min path)",123,"URXMAD","Aromatic hydrocarbons","Positive",0.526015246718766
"SGL-WQS (unweighted, lambda.min path)",123,"URXPHG","Aromatic hydrocarbons","Positive",0
"SGL-WQS (unweighted, lambda.min path)",123,"URXDHB","Dienes/alkenes/epoxides","Positive",1
"SGL-WQS (unweighted, lambda.min path)",123,"URXMB3","Dienes/alkenes/epoxides","Positive",0
"SGL-WQS (unweighted, lambda.min path)",123,"URXIPM3","Dienes/alkenes/epoxides","Positive",0
"SGL-WQS (unweighted, lambda.min path)",123,"URXHP2","Dienes/alkenes/epoxides","Positive",0
"SGL-WQS (unweighted, lambda.min path)",123,"URXAAM","Nitrile/amide/cyanide-related","Positive",0
"SGL-WQS (unweighted, lambda.min path)",123,"URXAMC","Nitrile/amide/cyanide-related","Positive",0.230807735950598
"SGL-WQS (unweighted, lambda.min path)",123,"URXCEM","Nitrile/amide/cyanide-related","Positive",0.421066570222512
"SGL-WQS (unweighted, lambda.min path)",123,"URXCYM","Nitrile/amide/cyanide-related","Positive",0.162151698468187
"SGL-WQS (unweighted, lambda.min path)",123,"URXATC","Nitrile/amide/cyanide-related","Positive",0.185973995358703
"SGL-WQS (unweighted, lambda.min path)",123,"URXHPM","Reactive aldehydes","Positive",0
"SGL-WQS (unweighted, lambda.min path)",123,"URXPMM","Reactive aldehydes","Positive",1
"SGL-WQS (unweighted, lambda.min path)",123,"URX2MH","Aromatic hydrocarbons","Negative",0.0368200674429318
"SGL-WQS (unweighted, lambda.min path)",123,"URX34M","Aromatic hydrocarbons","Negative",0
"SGL-WQS (unweighted, lambda.min path)",123,"URXBMA","Aromatic hydrocarbons","Negative",0
"SGL-WQS (unweighted, lambda.min path)",123,"URXMAD","Aromatic hydrocarbons","Negative",0
"SGL-WQS (unweighted, lambda.min path)",123,"URXPHG","Aromatic hydrocarbons","Negative",0.963179932557068
"SGL-WQS (unweighted, lambda.min path)",123,"URXDHB","Dienes/alkenes/epoxides","Negative",0
"SGL-WQS (unweighted, lambda.min path)",123,"URXMB3","Dienes/alkenes/epoxides","Negative",0.38553100168574
"SGL-WQS (unweighted, lambda.min path)",123,"URXIPM3","Dienes/alkenes/epoxides","Negative",0.134050312390282
"SGL-WQS (unweighted, lambda.min path)",123,"URXHP2","Dienes/alkenes/epoxides","Negative",0.480418685923977
"SGL-WQS (unweighted, lambda.min path)",123,"URXAAM","Nitrile/amide/cyanide-related","Negative",1
"SGL-WQS (unweighted, lambda.min path)",123,"URXAMC","Nitrile/amide/cyanide-related","Negative",0
"SGL-WQS (unweighted, lambda.min path)",123,"URXCEM","Nitrile/amide/cyanide-related","Negative",0
"SGL-WQS (unweighted, lambda.min path)",123,"URXCYM","Nitrile/amide/cyanide-related","Negative",0
"SGL-WQS (unweighted, lambda.min path)",123,"URXATC","Nitrile/amide/cyanide-related","Negative",0
"SGL-WQS (unweighted, lambda.min path)",123,"URXHPM","Reactive aldehydes","Negative",1
"SGL-WQS (unweighted, lambda.min path)",123,"URXPMM","Reactive aldehydes","Negative",0
"SGL-WQS (survey, lambda=0)",123,"URX2MH","Aromatic hydrocarbons","Positive",0
"SGL-WQS (survey, lambda=0)",123,"URX34M","Aromatic hydrocarbons","Positive",0
"SGL-WQS (survey, lambda=0)",123,"URXBMA","Aromatic hydrocarbons","Positive",0
"SGL-WQS (survey, lambda=0)",123,"URXMAD","Aromatic hydrocarbons","Positive",0
"SGL-WQS (survey, lambda=0)",123,"URXPHG","Aromatic hydrocarbons","Positive",0
"SGL-WQS (survey, lambda=0)",123,"URXDHB","Dienes/alkenes/epoxides","Positive",0
"SGL-WQS (survey, lambda=0)",123,"URXMB3","Dienes/alkenes/epoxides","Positive",0
"SGL-WQS (survey, lambda=0)",123,"URXIPM3","Dienes/alkenes/epoxides","Positive",0
"SGL-WQS (survey, lambda=0)",123,"URXHP2","Dienes/alkenes/epoxides","Positive",0
"SGL-WQS (survey, lambda=0)",123,"URXAAM","Nitrile/amide/cyanide-related","Positive",0
"SGL-WQS (survey, lambda=0)",123,"URXAMC","Nitrile/amide/cyanide-related","Positive",0
"SGL-WQS (survey, lambda=0)",123,"URXCEM","Nitrile/amide/cyanide-related","Positive",0
"SGL-WQS (survey, lambda=0)",123,"URXCYM","Nitrile/amide/cyanide-related","Positive",0
"SGL-WQS (survey, lambda=0)",123,"URXATC","Nitrile/amide/cyanide-related","Positive",0
"SGL-WQS (survey, lambda=0)",123,"URXHPM","Reactive aldehydes","Positive",0
"SGL-WQS (survey, lambda=0)",123,"URXPMM","Reactive aldehydes","Positive",0
"SGL-WQS (survey, lambda=0)",123,"URX2MH","Aromatic hydrocarbons","Negative",0
"SGL-WQS (survey, lambda=0)",123,"URX34M","Aromatic hydrocarbons","Negative",0
"SGL-WQS (survey, lambda=0)",123,"URXBMA","Aromatic hydrocarbons","Negative",0
"SGL-WQS (survey, lambda=0)",123,"URXMAD","Aromatic hydrocarbons","Negative",0
"SGL-WQS (survey, lambda=0)",123,"URXPHG","Aromatic hydrocarbons","Negative",0
"SGL-WQS (survey, lambda=0)",123,"URXDHB","Dienes/alkenes/epoxides","Negative",0
"SGL-WQS (survey, lambda=0)",123,"URXMB3","Dienes/alkenes/epoxides","Negative",0
"SGL-WQS (survey, lambda=0)",123,"URXIPM3","Dienes/alkenes/epoxides","Negative",0
"SGL-WQS (survey, lambda=0)",123,"URXHP2","Dienes/alkenes/epoxides","Negative",0
"SGL-WQS (survey, lambda=0)",123,"URXAAM","Nitrile/amide/cyanide-related","Negative",0
"SGL-WQS (survey, lambda=0)",123,"URXAMC","Nitrile/amide/cyanide-related","Negative",0
"SGL-WQS (survey, lambda=0)",123,"URXCEM","Nitrile/amide/cyanide-related","Negative",0
"SGL-WQS (survey, lambda=0)",123,"URXCYM","Nitrile/amide/cyanide-related","Negative",0
"SGL-WQS (survey, lambda=0)",123,"URXATC","Nitrile/amide/cyanide-related","Negative",0
"SGL-WQS (survey, lambda=0)",123,"URXHPM","Reactive aldehydes","Negative",0
"SGL-WQS (survey, lambda=0)",123,"URXPMM","Reactive aldehydes","Negative",0
"SGL-WQS (survey, lambda.min path)",123,"URX2MH","Aromatic hydrocarbons","Positive",0.0764715208472078
"SGL-WQS (survey, lambda.min path)",123,"URX34M","Aromatic hydrocarbons","Positive",0.375248510169224
"SGL-WQS (survey, lambda.min path)",123,"URXBMA","Aromatic hydrocarbons","Positive",0.184852496389266
"SGL-WQS (survey, lambda.min path)",123,"URXMAD","Aromatic hydrocarbons","Positive",0.363427472594303
"SGL-WQS (survey, lambda.min path)",123,"URXPHG","Aromatic hydrocarbons","Positive",0
"SGL-WQS (survey, lambda.min path)",123,"URXDHB","Dienes/alkenes/epoxides","Positive",1
"SGL-WQS (survey, lambda.min path)",123,"URXMB3","Dienes/alkenes/epoxides","Positive",0
"SGL-WQS (survey, lambda.min path)",123,"URXIPM3","Dienes/alkenes/epoxides","Positive",0
"SGL-WQS (survey, lambda.min path)",123,"URXHP2","Dienes/alkenes/epoxides","Positive",0
"SGL-WQS (survey, lambda.min path)",123,"URXAAM","Nitrile/amide/cyanide-related","Positive",0
"SGL-WQS (survey, lambda.min path)",123,"URXAMC","Nitrile/amide/cyanide-related","Positive",0.0234844120769693
"SGL-WQS (survey, lambda.min path)",123,"URXCEM","Nitrile/amide/cyanide-related","Positive",0.675332636586095
"SGL-WQS (survey, lambda.min path)",123,"URXCYM","Nitrile/amide/cyanide-related","Positive",0
"SGL-WQS (survey, lambda.min path)",123,"URXATC","Nitrile/amide/cyanide-related","Positive",0.301182951336935
"SGL-WQS (survey, lambda.min path)",123,"URXHPM","Reactive aldehydes","Positive",0
"SGL-WQS (survey, lambda.min path)",123,"URXPMM","Reactive aldehydes","Positive",1
"SGL-WQS (survey, lambda.min path)",123,"URX2MH","Aromatic hydrocarbons","Negative",0
"SGL-WQS (survey, lambda.min path)",123,"URX34M","Aromatic hydrocarbons","Negative",0
"SGL-WQS (survey, lambda.min path)",123,"URXBMA","Aromatic hydrocarbons","Negative",0
"SGL-WQS (survey, lambda.min path)",123,"URXMAD","Aromatic hydrocarbons","Negative",0
"SGL-WQS (survey, lambda.min path)",123,"URXPHG","Aromatic hydrocarbons","Negative",1
"SGL-WQS (survey, lambda.min path)",123,"URXDHB","Dienes/alkenes/epoxides","Negative",0
"SGL-WQS (survey, lambda.min path)",123,"URXMB3","Dienes/alkenes/epoxides","Negative",0.453305084870849
"SGL-WQS (survey, lambda.min path)",123,"URXIPM3","Dienes/alkenes/epoxides","Negative",0.00214182285717196
"SGL-WQS (survey, lambda.min path)",123,"URXHP2","Dienes/alkenes/epoxides","Negative",0.544553092271979
"SGL-WQS (survey, lambda.min path)",123,"URXAAM","Nitrile/amide/cyanide-related","Negative",0.95906677650232
"SGL-WQS (survey, lambda.min path)",123,"URXAMC","Nitrile/amide/cyanide-related","Negative",0
"SGL-WQS (survey, lambda.min path)",123,"URXCEM","Nitrile/amide/cyanide-related","Negative",0
"SGL-WQS (survey, lambda.min path)",123,"URXCYM","Nitrile/amide/cyanide-related","Negative",0.0409332234976801
"SGL-WQS (survey, lambda.min path)",123,"URXATC","Nitrile/amide/cyanide-related","Negative",0
"SGL-WQS (survey, lambda.min path)",123,"URXHPM","Reactive aldehydes","Negative",1
"SGL-WQS (survey, lambda.min path)",123,"URXPMM","Reactive aldehydes","Negative",0
"gWQS",256,"URXPMM",NA,"Positive",0.254106666170258
"gWQS",256,"URXCEM",NA,"Positive",0.175514678159358
"gWQS",256,"URXMAD",NA,"Positive",0.118913267201658
"gWQS",256,"URXCYM",NA,"Positive",0.0987648618299399
"gWQS",256,"URXBMA",NA,"Positive",0.096771060115713
"gWQS",256,"URXATC",NA,"Positive",0.0874299844365897
"gWQS",256,"URXDHB",NA,"Positive",0.0518183969898414
"gWQS",256,"URX34M",NA,"Positive",0.0306124771726712
"gWQS",256,"URXAMC",NA,"Positive",0.0284973065158155
"gWQS",256,"URXIPM3",NA,"Positive",0.0185560505147111
"gWQS",256,"URX2MH",NA,"Positive",0.0159340475238365
"gWQS",256,"URXAAM",NA,"Positive",0.00794205235138944
"gWQS",256,"URXMB3",NA,"Positive",0.00400061457632689
"gWQS",256,"URXHPM",NA,"Positive",0.00394770828993824
"gWQS",256,"URXHP2",NA,"Positive",0.00365693720032369
"gWQS",256,"URXPHG",NA,"Positive",0.00353389095162879
"gWQS",256,"URXPMM",NA,"Negative",0.0040880893089537
"gWQS",256,"URXCEM",NA,"Negative",0.00336440579877438
"gWQS",256,"URXMAD",NA,"Negative",0.00525360870743073
"gWQS",256,"URXCYM",NA,"Negative",0.00602460966287006
"gWQS",256,"URXBMA",NA,"Negative",0.00504020094834455
"gWQS",256,"URXATC",NA,"Negative",0.00495835440003907
"gWQS",256,"URXDHB",NA,"Negative",0.023528211877194
"gWQS",256,"URX34M",NA,"Negative",0.0352075951789968
"gWQS",256,"URXAMC",NA,"Negative",0.0304276039139896
"gWQS",256,"URXIPM3",NA,"Negative",0.0421834380459652
"gWQS",256,"URX2MH",NA,"Negative",0.0514704681996112
"gWQS",256,"URXAAM",NA,"Negative",0.0655851812918221
"gWQS",256,"URXMB3",NA,"Negative",0.228378978253189
"gWQS",256,"URXHPM",NA,"Negative",0.160795987941776
"gWQS",256,"URXHP2",NA,"Negative",0.108404660463542
"gWQS",256,"URXPHG",NA,"Negative",0.225288606007502
"groupWQS",256,"URX2MH","Aromatic hydrocarbons","Combined",0.134730438451389
"groupWQS",256,"URX34M","Aromatic hydrocarbons","Combined",0.12776012594143
"groupWQS",256,"URXBMA","Aromatic hydrocarbons","Combined",0.0489238750434645
"groupWQS",256,"URXMAD","Aromatic hydrocarbons","Combined",0.0256367787439703
"groupWQS",256,"URXPHG","Aromatic hydrocarbons","Combined",0.662948781819648
"groupWQS",256,"URXDHB","Dienes/alkenes/epoxides","Combined",0.0619035640609332
"groupWQS",256,"URXMB3","Dienes/alkenes/epoxides","Combined",0.319005485471801
"groupWQS",256,"URXIPM3","Dienes/alkenes/epoxides","Combined",0.214054069564928
"groupWQS",256,"URXHP2","Dienes/alkenes/epoxides","Combined",0.405036880902342
"groupWQS",256,"URXAAM","Nitrile/amide/cyanide-related","Combined",0.157970984815374
"groupWQS",256,"URXAMC","Nitrile/amide/cyanide-related","Combined",0.135621414272785
"groupWQS",256,"URXCEM","Nitrile/amide/cyanide-related","Combined",0.423362278332701
"groupWQS",256,"URXCYM","Nitrile/amide/cyanide-related","Combined",0.0951530634617234
"groupWQS",256,"URXATC","Nitrile/amide/cyanide-related","Combined",0.187892259117218
"groupWQS",256,"URXHPM","Reactive aldehydes","Combined",0.165820660766227
"groupWQS",256,"URXPMM","Reactive aldehydes","Combined",0.834179339233654
"SGL-WQS (unweighted, lambda=0)",256,"URX2MH","Aromatic hydrocarbons","Positive",0
"SGL-WQS (unweighted, lambda=0)",256,"URX34M","Aromatic hydrocarbons","Positive",0.0622608490944023
"SGL-WQS (unweighted, lambda=0)",256,"URXBMA","Aromatic hydrocarbons","Positive",0.39841536580077
"SGL-WQS (unweighted, lambda=0)",256,"URXMAD","Aromatic hydrocarbons","Positive",0.539323785104828
"SGL-WQS (unweighted, lambda=0)",256,"URXPHG","Aromatic hydrocarbons","Positive",0
"SGL-WQS (unweighted, lambda=0)",256,"URXDHB","Dienes/alkenes/epoxides","Positive",1
"SGL-WQS (unweighted, lambda=0)",256,"URXMB3","Dienes/alkenes/epoxides","Positive",0
"SGL-WQS (unweighted, lambda=0)",256,"URXIPM3","Dienes/alkenes/epoxides","Positive",0
"SGL-WQS (unweighted, lambda=0)",256,"URXHP2","Dienes/alkenes/epoxides","Positive",0
"SGL-WQS (unweighted, lambda=0)",256,"URXAAM","Nitrile/amide/cyanide-related","Positive",0
"SGL-WQS (unweighted, lambda=0)",256,"URXAMC","Nitrile/amide/cyanide-related","Positive",0.223037130516231
"SGL-WQS (unweighted, lambda=0)",256,"URXCEM","Nitrile/amide/cyanide-related","Positive",0.414578524444486
"SGL-WQS (unweighted, lambda=0)",256,"URXCYM","Nitrile/amide/cyanide-related","Positive",0.184841079380263
"SGL-WQS (unweighted, lambda=0)",256,"URXATC","Nitrile/amide/cyanide-related","Positive",0.17754326565902
"SGL-WQS (unweighted, lambda=0)",256,"URXHPM","Reactive aldehydes","Positive",0
"SGL-WQS (unweighted, lambda=0)",256,"URXPMM","Reactive aldehydes","Positive",1
"SGL-WQS (unweighted, lambda=0)",256,"URX2MH","Aromatic hydrocarbons","Negative",0.0361821135555519
"SGL-WQS (unweighted, lambda=0)",256,"URX34M","Aromatic hydrocarbons","Negative",0
"SGL-WQS (unweighted, lambda=0)",256,"URXBMA","Aromatic hydrocarbons","Negative",0
"SGL-WQS (unweighted, lambda=0)",256,"URXMAD","Aromatic hydrocarbons","Negative",0
"SGL-WQS (unweighted, lambda=0)",256,"URXPHG","Aromatic hydrocarbons","Negative",0.963817886444448
"SGL-WQS (unweighted, lambda=0)",256,"URXDHB","Dienes/alkenes/epoxides","Negative",0
"SGL-WQS (unweighted, lambda=0)",256,"URXMB3","Dienes/alkenes/epoxides","Negative",0.408805544906797
"SGL-WQS (unweighted, lambda=0)",256,"URXIPM3","Dienes/alkenes/epoxides","Negative",0.150656460415138
"SGL-WQS (unweighted, lambda=0)",256,"URXHP2","Dienes/alkenes/epoxides","Negative",0.440537994678065
"SGL-WQS (unweighted, lambda=0)",256,"URXAAM","Nitrile/amide/cyanide-related","Negative",1
"SGL-WQS (unweighted, lambda=0)",256,"URXAMC","Nitrile/amide/cyanide-related","Negative",0
"SGL-WQS (unweighted, lambda=0)",256,"URXCEM","Nitrile/amide/cyanide-related","Negative",0
"SGL-WQS (unweighted, lambda=0)",256,"URXCYM","Nitrile/amide/cyanide-related","Negative",0
"SGL-WQS (unweighted, lambda=0)",256,"URXATC","Nitrile/amide/cyanide-related","Negative",0
"SGL-WQS (unweighted, lambda=0)",256,"URXHPM","Reactive aldehydes","Negative",1
"SGL-WQS (unweighted, lambda=0)",256,"URXPMM","Reactive aldehydes","Negative",0
"SGL-WQS (unweighted, lambda.min path)",256,"URX2MH","Aromatic hydrocarbons","Positive",0
"SGL-WQS (unweighted, lambda.min path)",256,"URX34M","Aromatic hydrocarbons","Positive",0.0222720141976872
"SGL-WQS (unweighted, lambda.min path)",256,"URXBMA","Aromatic hydrocarbons","Positive",0.467504657728467
"SGL-WQS (unweighted, lambda.min path)",256,"URXMAD","Aromatic hydrocarbons","Positive",0.510223328073846
"SGL-WQS (unweighted, lambda.min path)",256,"URXPHG","Aromatic hydrocarbons","Positive",0
"SGL-WQS (unweighted, lambda.min path)",256,"URXDHB","Dienes/alkenes/epoxides","Positive",1
"SGL-WQS (unweighted, lambda.min path)",256,"URXMB3","Dienes/alkenes/epoxides","Positive",0
"SGL-WQS (unweighted, lambda.min path)",256,"URXIPM3","Dienes/alkenes/epoxides","Positive",0
"SGL-WQS (unweighted, lambda.min path)",256,"URXHP2","Dienes/alkenes/epoxides","Positive",0
"SGL-WQS (unweighted, lambda.min path)",256,"URXAAM","Nitrile/amide/cyanide-related","Positive",0
"SGL-WQS (unweighted, lambda.min path)",256,"URXAMC","Nitrile/amide/cyanide-related","Positive",0.232628270493796
"SGL-WQS (unweighted, lambda.min path)",256,"URXCEM","Nitrile/amide/cyanide-related","Positive",0.420040416635936
"SGL-WQS (unweighted, lambda.min path)",256,"URXCYM","Nitrile/amide/cyanide-related","Positive",0.159574204213155
"SGL-WQS (unweighted, lambda.min path)",256,"URXATC","Nitrile/amide/cyanide-related","Positive",0.187757108657113
"SGL-WQS (unweighted, lambda.min path)",256,"URXHPM","Reactive aldehydes","Positive",0
"SGL-WQS (unweighted, lambda.min path)",256,"URXPMM","Reactive aldehydes","Positive",1
"SGL-WQS (unweighted, lambda.min path)",256,"URX2MH","Aromatic hydrocarbons","Negative",0.0360582810856708
"SGL-WQS (unweighted, lambda.min path)",256,"URX34M","Aromatic hydrocarbons","Negative",0
"SGL-WQS (unweighted, lambda.min path)",256,"URXBMA","Aromatic hydrocarbons","Negative",0
"SGL-WQS (unweighted, lambda.min path)",256,"URXMAD","Aromatic hydrocarbons","Negative",0
"SGL-WQS (unweighted, lambda.min path)",256,"URXPHG","Aromatic hydrocarbons","Negative",0.963941718914329
"SGL-WQS (unweighted, lambda.min path)",256,"URXDHB","Dienes/alkenes/epoxides","Negative",0
"SGL-WQS (unweighted, lambda.min path)",256,"URXMB3","Dienes/alkenes/epoxides","Negative",0.380773996191753
"SGL-WQS (unweighted, lambda.min path)",256,"URXIPM3","Dienes/alkenes/epoxides","Negative",0.129505070832271
"SGL-WQS (unweighted, lambda.min path)",256,"URXHP2","Dienes/alkenes/epoxides","Negative",0.489720932975976
"SGL-WQS (unweighted, lambda.min path)",256,"URXAAM","Nitrile/amide/cyanide-related","Negative",1
"SGL-WQS (unweighted, lambda.min path)",256,"URXAMC","Nitrile/amide/cyanide-related","Negative",0
"SGL-WQS (unweighted, lambda.min path)",256,"URXCEM","Nitrile/amide/cyanide-related","Negative",0
"SGL-WQS (unweighted, lambda.min path)",256,"URXCYM","Nitrile/amide/cyanide-related","Negative",0
"SGL-WQS (unweighted, lambda.min path)",256,"URXATC","Nitrile/amide/cyanide-related","Negative",0
"SGL-WQS (unweighted, lambda.min path)",256,"URXHPM","Reactive aldehydes","Negative",1
"SGL-WQS (unweighted, lambda.min path)",256,"URXPMM","Reactive aldehydes","Negative",0
"SGL-WQS (survey, lambda=0)",256,"URX2MH","Aromatic hydrocarbons","Positive",0
"SGL-WQS (survey, lambda=0)",256,"URX34M","Aromatic hydrocarbons","Positive",0
"SGL-WQS (survey, lambda=0)",256,"URXBMA","Aromatic hydrocarbons","Positive",0
"SGL-WQS (survey, lambda=0)",256,"URXMAD","Aromatic hydrocarbons","Positive",0
"SGL-WQS (survey, lambda=0)",256,"URXPHG","Aromatic hydrocarbons","Positive",0
"SGL-WQS (survey, lambda=0)",256,"URXDHB","Dienes/alkenes/epoxides","Positive",0
"SGL-WQS (survey, lambda=0)",256,"URXMB3","Dienes/alkenes/epoxides","Positive",0
"SGL-WQS (survey, lambda=0)",256,"URXIPM3","Dienes/alkenes/epoxides","Positive",0
"SGL-WQS (survey, lambda=0)",256,"URXHP2","Dienes/alkenes/epoxides","Positive",0
"SGL-WQS (survey, lambda=0)",256,"URXAAM","Nitrile/amide/cyanide-related","Positive",0
"SGL-WQS (survey, lambda=0)",256,"URXAMC","Nitrile/amide/cyanide-related","Positive",0
"SGL-WQS (survey, lambda=0)",256,"URXCEM","Nitrile/amide/cyanide-related","Positive",0
"SGL-WQS (survey, lambda=0)",256,"URXCYM","Nitrile/amide/cyanide-related","Positive",0
"SGL-WQS (survey, lambda=0)",256,"URXATC","Nitrile/amide/cyanide-related","Positive",0
"SGL-WQS (survey, lambda=0)",256,"URXHPM","Reactive aldehydes","Positive",0
"SGL-WQS (survey, lambda=0)",256,"URXPMM","Reactive aldehydes","Positive",0
"SGL-WQS (survey, lambda=0)",256,"URX2MH","Aromatic hydrocarbons","Negative",0
"SGL-WQS (survey, lambda=0)",256,"URX34M","Aromatic hydrocarbons","Negative",0
"SGL-WQS (survey, lambda=0)",256,"URXBMA","Aromatic hydrocarbons","Negative",0
"SGL-WQS (survey, lambda=0)",256,"URXMAD","Aromatic hydrocarbons","Negative",0
"SGL-WQS (survey, lambda=0)",256,"URXPHG","Aromatic hydrocarbons","Negative",0
"SGL-WQS (survey, lambda=0)",256,"URXDHB","Dienes/alkenes/epoxides","Negative",0
"SGL-WQS (survey, lambda=0)",256,"URXMB3","Dienes/alkenes/epoxides","Negative",0
"SGL-WQS (survey, lambda=0)",256,"URXIPM3","Dienes/alkenes/epoxides","Negative",0
"SGL-WQS (survey, lambda=0)",256,"URXHP2","Dienes/alkenes/epoxides","Negative",0
"SGL-WQS (survey, lambda=0)",256,"URXAAM","Nitrile/amide/cyanide-related","Negative",0
"SGL-WQS (survey, lambda=0)",256,"URXAMC","Nitrile/amide/cyanide-related","Negative",0
"SGL-WQS (survey, lambda=0)",256,"URXCEM","Nitrile/amide/cyanide-related","Negative",0
"SGL-WQS (survey, lambda=0)",256,"URXCYM","Nitrile/amide/cyanide-related","Negative",0
"SGL-WQS (survey, lambda=0)",256,"URXATC","Nitrile/amide/cyanide-related","Negative",0
"SGL-WQS (survey, lambda=0)",256,"URXHPM","Reactive aldehydes","Negative",0
"SGL-WQS (survey, lambda=0)",256,"URXPMM","Reactive aldehydes","Negative",0
"SGL-WQS (survey, lambda.min path)",256,"URX2MH","Aromatic hydrocarbons","Positive",0.0616772778200268
"SGL-WQS (survey, lambda.min path)",256,"URX34M","Aromatic hydrocarbons","Positive",0.382727897201116
"SGL-WQS (survey, lambda.min path)",256,"URXBMA","Aromatic hydrocarbons","Positive",0.17741796849556
"SGL-WQS (survey, lambda.min path)",256,"URXMAD","Aromatic hydrocarbons","Positive",0.378176856483297
"SGL-WQS (survey, lambda.min path)",256,"URXPHG","Aromatic hydrocarbons","Positive",0
"SGL-WQS (survey, lambda.min path)",256,"URXDHB","Dienes/alkenes/epoxides","Positive",1
"SGL-WQS (survey, lambda.min path)",256,"URXMB3","Dienes/alkenes/epoxides","Positive",0
"SGL-WQS (survey, lambda.min path)",256,"URXIPM3","Dienes/alkenes/epoxides","Positive",0
"SGL-WQS (survey, lambda.min path)",256,"URXHP2","Dienes/alkenes/epoxides","Positive",0
"SGL-WQS (survey, lambda.min path)",256,"URXAAM","Nitrile/amide/cyanide-related","Positive",0
"SGL-WQS (survey, lambda.min path)",256,"URXAMC","Nitrile/amide/cyanide-related","Positive",0.0236627704421065
"SGL-WQS (survey, lambda.min path)",256,"URXCEM","Nitrile/amide/cyanide-related","Positive",0.67658915928086
"SGL-WQS (survey, lambda.min path)",256,"URXCYM","Nitrile/amide/cyanide-related","Positive",0
"SGL-WQS (survey, lambda.min path)",256,"URXATC","Nitrile/amide/cyanide-related","Positive",0.299748070277034
"SGL-WQS (survey, lambda.min path)",256,"URXHPM","Reactive aldehydes","Positive",0
"SGL-WQS (survey, lambda.min path)",256,"URXPMM","Reactive aldehydes","Positive",1
"SGL-WQS (survey, lambda.min path)",256,"URX2MH","Aromatic hydrocarbons","Negative",0
"SGL-WQS (survey, lambda.min path)",256,"URX34M","Aromatic hydrocarbons","Negative",0
"SGL-WQS (survey, lambda.min path)",256,"URXBMA","Aromatic hydrocarbons","Negative",0
"SGL-WQS (survey, lambda.min path)",256,"URXMAD","Aromatic hydrocarbons","Negative",0
"SGL-WQS (survey, lambda.min path)",256,"URXPHG","Aromatic hydrocarbons","Negative",1
"SGL-WQS (survey, lambda.min path)",256,"URXDHB","Dienes/alkenes/epoxides","Negative",0
"SGL-WQS (survey, lambda.min path)",256,"URXMB3","Dienes/alkenes/epoxides","Negative",0.462214995235149
"SGL-WQS (survey, lambda.min path)",256,"URXIPM3","Dienes/alkenes/epoxides","Negative",0.00762982608094297
"SGL-WQS (survey, lambda.min path)",256,"URXHP2","Dienes/alkenes/epoxides","Negative",0.530155178683908
"SGL-WQS (survey, lambda.min path)",256,"URXAAM","Nitrile/amide/cyanide-related","Negative",0.974489294595593
"SGL-WQS (survey, lambda.min path)",256,"URXAMC","Nitrile/amide/cyanide-related","Negative",0
"SGL-WQS (survey, lambda.min path)",256,"URXCEM","Nitrile/amide/cyanide-related","Negative",0
"SGL-WQS (survey, lambda.min path)",256,"URXCYM","Nitrile/amide/cyanide-related","Negative",0.0255107054044067
"SGL-WQS (survey, lambda.min path)",256,"URXATC","Nitrile/amide/cyanide-related","Negative",0
"SGL-WQS (survey, lambda.min path)",256,"URXHPM","Reactive aldehydes","Negative",1
"SGL-WQS (survey, lambda.min path)",256,"URXPMM","Reactive aldehydes","Negative",0
"gWQS",314,"URXPMM",NA,"Positive",0.265455472829381
"gWQS",314,"URXAMC",NA,"Positive",0.127275420629197
"gWQS",314,"URXMAD",NA,"Positive",0.111306932293321
"gWQS",314,"URXCEM",NA,"Positive",0.0974048670215941
"gWQS",314,"URXDHB",NA,"Positive",0.0870461909511515
"gWQS",314,"URXCYM",NA,"Positive",0.0754080358464222
"gWQS",314,"URX2MH",NA,"Positive",0.0582629442791904
"gWQS",314,"URXATC",NA,"Positive",0.0520637902097862
"gWQS",314,"URX34M",NA,"Positive",0.0406231133247529
"gWQS",314,"URXBMA",NA,"Positive",0.0301872544992103
"gWQS",314,"URXMB3",NA,"Positive",0.0174796713483675
"gWQS",314,"URXHPM",NA,"Positive",0.0150746054288018
"gWQS",314,"URXAAM",NA,"Positive",0.00749184226111584
"gWQS",314,"URXHP2",NA,"Positive",0.00633220512285115
"gWQS",314,"URXPHG",NA,"Positive",0.00509380402650611
"gWQS",314,"URXIPM3",NA,"Positive",0.00349384992835169
"gWQS",314,"URXPMM",NA,"Negative",0.00319399430213627
"gWQS",314,"URXAMC",NA,"Negative",0.00501544678309134
"gWQS",314,"URXMAD",NA,"Negative",0.00590699317467752
"gWQS",314,"URXCEM",NA,"Negative",0.00721364674104789
"gWQS",314,"URXDHB",NA,"Negative",0.0122037458819058
"gWQS",314,"URXCYM",NA,"Negative",0.0103182814252748
"gWQS",314,"URX2MH",NA,"Negative",0.0160877990991949
"gWQS",314,"URXATC",NA,"Negative",0.00932995457521482
"gWQS",314,"URX34M",NA,"Negative",0.0348579313146851
"gWQS",314,"URXBMA",NA,"Negative",0.0222296865982321
"gWQS",314,"URXMB3",NA,"Negative",0.0650068830181671
"gWQS",314,"URXHPM",NA,"Negative",0.0809292642047914
"gWQS",314,"URXAAM",NA,"Negative",0.0838592062963007
"gWQS",314,"URXHP2",NA,"Negative",0.177099172567524
"gWQS",314,"URXPHG",NA,"Negative",0.31145964587304
"gWQS",314,"URXIPM3",NA,"Negative",0.155288348144715
"groupWQS",314,"URX2MH","Aromatic hydrocarbons","Combined",0.112920742684481
"groupWQS",314,"URX34M","Aromatic hydrocarbons","Combined",0.113553948383444
"groupWQS",314,"URXBMA","Aromatic hydrocarbons","Combined",0.145154066380711
"groupWQS",314,"URXMAD","Aromatic hydrocarbons","Combined",0.20464246709079
"groupWQS",314,"URXPHG","Aromatic hydrocarbons","Combined",0.423728775460247
"groupWQS",314,"URXDHB","Dienes/alkenes/epoxides","Combined",0.0323349971402678
"groupWQS",314,"URXMB3","Dienes/alkenes/epoxides","Combined",0.267853317370155
"groupWQS",314,"URXIPM3","Dienes/alkenes/epoxides","Combined",0.0639495971897903
"groupWQS",314,"URXHP2","Dienes/alkenes/epoxides","Combined",0.635862088299734
"groupWQS",314,"URXAAM","Nitrile/amide/cyanide-related","Combined",0.0104009629147251
"groupWQS",314,"URXAMC","Nitrile/amide/cyanide-related","Combined",0.177701996312204
"groupWQS",314,"URXCEM","Nitrile/amide/cyanide-related","Combined",0.481324024043026
"groupWQS",314,"URXCYM","Nitrile/amide/cyanide-related","Combined",0.204308027229595
"groupWQS",314,"URXATC","Nitrile/amide/cyanide-related","Combined",0.126264989500481
"groupWQS",314,"URXHPM","Reactive aldehydes","Combined",0.615927967709932
"groupWQS",314,"URXPMM","Reactive aldehydes","Combined",0.384072032290038
"SGL-WQS (unweighted, lambda=0)",314,"URX2MH","Aromatic hydrocarbons","Positive",0
"SGL-WQS (unweighted, lambda=0)",314,"URX34M","Aromatic hydrocarbons","Positive",0.0622608490944023
"SGL-WQS (unweighted, lambda=0)",314,"URXBMA","Aromatic hydrocarbons","Positive",0.39841536580077
"SGL-WQS (unweighted, lambda=0)",314,"URXMAD","Aromatic hydrocarbons","Positive",0.539323785104828
"SGL-WQS (unweighted, lambda=0)",314,"URXPHG","Aromatic hydrocarbons","Positive",0
"SGL-WQS (unweighted, lambda=0)",314,"URXDHB","Dienes/alkenes/epoxides","Positive",1
"SGL-WQS (unweighted, lambda=0)",314,"URXMB3","Dienes/alkenes/epoxides","Positive",0
"SGL-WQS (unweighted, lambda=0)",314,"URXIPM3","Dienes/alkenes/epoxides","Positive",0
"SGL-WQS (unweighted, lambda=0)",314,"URXHP2","Dienes/alkenes/epoxides","Positive",0
"SGL-WQS (unweighted, lambda=0)",314,"URXAAM","Nitrile/amide/cyanide-related","Positive",0
"SGL-WQS (unweighted, lambda=0)",314,"URXAMC","Nitrile/amide/cyanide-related","Positive",0.223037130516231
"SGL-WQS (unweighted, lambda=0)",314,"URXCEM","Nitrile/amide/cyanide-related","Positive",0.414578524444486
"SGL-WQS (unweighted, lambda=0)",314,"URXCYM","Nitrile/amide/cyanide-related","Positive",0.184841079380263
"SGL-WQS (unweighted, lambda=0)",314,"URXATC","Nitrile/amide/cyanide-related","Positive",0.17754326565902
"SGL-WQS (unweighted, lambda=0)",314,"URXHPM","Reactive aldehydes","Positive",0
"SGL-WQS (unweighted, lambda=0)",314,"URXPMM","Reactive aldehydes","Positive",1
"SGL-WQS (unweighted, lambda=0)",314,"URX2MH","Aromatic hydrocarbons","Negative",0.0361821135555519
"SGL-WQS (unweighted, lambda=0)",314,"URX34M","Aromatic hydrocarbons","Negative",0
"SGL-WQS (unweighted, lambda=0)",314,"URXBMA","Aromatic hydrocarbons","Negative",0
"SGL-WQS (unweighted, lambda=0)",314,"URXMAD","Aromatic hydrocarbons","Negative",0
"SGL-WQS (unweighted, lambda=0)",314,"URXPHG","Aromatic hydrocarbons","Negative",0.963817886444448
"SGL-WQS (unweighted, lambda=0)",314,"URXDHB","Dienes/alkenes/epoxides","Negative",0
"SGL-WQS (unweighted, lambda=0)",314,"URXMB3","Dienes/alkenes/epoxides","Negative",0.408805544906797
"SGL-WQS (unweighted, lambda=0)",314,"URXIPM3","Dienes/alkenes/epoxides","Negative",0.150656460415138
"SGL-WQS (unweighted, lambda=0)",314,"URXHP2","Dienes/alkenes/epoxides","Negative",0.440537994678065
"SGL-WQS (unweighted, lambda=0)",314,"URXAAM","Nitrile/amide/cyanide-related","Negative",1
"SGL-WQS (unweighted, lambda=0)",314,"URXAMC","Nitrile/amide/cyanide-related","Negative",0
"SGL-WQS (unweighted, lambda=0)",314,"URXCEM","Nitrile/amide/cyanide-related","Negative",0
"SGL-WQS (unweighted, lambda=0)",314,"URXCYM","Nitrile/amide/cyanide-related","Negative",0
"SGL-WQS (unweighted, lambda=0)",314,"URXATC","Nitrile/amide/cyanide-related","Negative",0
"SGL-WQS (unweighted, lambda=0)",314,"URXHPM","Reactive aldehydes","Negative",1
"SGL-WQS (unweighted, lambda=0)",314,"URXPMM","Reactive aldehydes","Negative",0
"SGL-WQS (unweighted, lambda.min path)",314,"URX2MH","Aromatic hydrocarbons","Positive",0
"SGL-WQS (unweighted, lambda.min path)",314,"URX34M","Aromatic hydrocarbons","Positive",0.0624187502441535
"SGL-WQS (unweighted, lambda.min path)",314,"URXBMA","Aromatic hydrocarbons","Positive",0.398058548845167
"SGL-WQS (unweighted, lambda.min path)",314,"URXMAD","Aromatic hydrocarbons","Positive",0.53952270091068
"SGL-WQS (unweighted, lambda.min path)",314,"URXPHG","Aromatic hydrocarbons","Positive",0
"SGL-WQS (unweighted, lambda.min path)",314,"URXDHB","Dienes/alkenes/epoxides","Positive",1
"SGL-WQS (unweighted, lambda.min path)",314,"URXMB3","Dienes/alkenes/epoxides","Positive",0
"SGL-WQS (unweighted, lambda.min path)",314,"URXIPM3","Dienes/alkenes/epoxides","Positive",0
"SGL-WQS (unweighted, lambda.min path)",314,"URXHP2","Dienes/alkenes/epoxides","Positive",0
"SGL-WQS (unweighted, lambda.min path)",314,"URXAAM","Nitrile/amide/cyanide-related","Positive",0
"SGL-WQS (unweighted, lambda.min path)",314,"URXAMC","Nitrile/amide/cyanide-related","Positive",0.222962634229888
"SGL-WQS (unweighted, lambda.min path)",314,"URXCEM","Nitrile/amide/cyanide-related","Positive",0.414723732002593
"SGL-WQS (unweighted, lambda.min path)",314,"URXCYM","Nitrile/amide/cyanide-related","Positive",0.184840352668322
"SGL-WQS (unweighted, lambda.min path)",314,"URXATC","Nitrile/amide/cyanide-related","Positive",0.177473281099197
"SGL-WQS (unweighted, lambda.min path)",314,"URXHPM","Reactive aldehydes","Positive",0
"SGL-WQS (unweighted, lambda.min path)",314,"URXPMM","Reactive aldehydes","Positive",1
"SGL-WQS (unweighted, lambda.min path)",314,"URX2MH","Aromatic hydrocarbons","Negative",0.0362310201175156
"SGL-WQS (unweighted, lambda.min path)",314,"URX34M","Aromatic hydrocarbons","Negative",0
"SGL-WQS (unweighted, lambda.min path)",314,"URXBMA","Aromatic hydrocarbons","Negative",0
"SGL-WQS (unweighted, lambda.min path)",314,"URXMAD","Aromatic hydrocarbons","Negative",0
"SGL-WQS (unweighted, lambda.min path)",314,"URXPHG","Aromatic hydrocarbons","Negative",0.963768979882484
"SGL-WQS (unweighted, lambda.min path)",314,"URXDHB","Dienes/alkenes/epoxides","Negative",0
"SGL-WQS (unweighted, lambda.min path)",314,"URXMB3","Dienes/alkenes/epoxides","Negative",0.408810634018409
"SGL-WQS (unweighted, lambda.min path)",314,"URXIPM3","Dienes/alkenes/epoxides","Negative",0.150831615834673
"SGL-WQS (unweighted, lambda.min path)",314,"URXHP2","Dienes/alkenes/epoxides","Negative",0.440357750146918
"SGL-WQS (unweighted, lambda.min path)",314,"URXAAM","Nitrile/amide/cyanide-related","Negative",1
"SGL-WQS (unweighted, lambda.min path)",314,"URXAMC","Nitrile/amide/cyanide-related","Negative",0
"SGL-WQS (unweighted, lambda.min path)",314,"URXCEM","Nitrile/amide/cyanide-related","Negative",0
"SGL-WQS (unweighted, lambda.min path)",314,"URXCYM","Nitrile/amide/cyanide-related","Negative",0
"SGL-WQS (unweighted, lambda.min path)",314,"URXATC","Nitrile/amide/cyanide-related","Negative",0
"SGL-WQS (unweighted, lambda.min path)",314,"URXHPM","Reactive aldehydes","Negative",1
"SGL-WQS (unweighted, lambda.min path)",314,"URXPMM","Reactive aldehydes","Negative",0
"SGL-WQS (survey, lambda=0)",314,"URX2MH","Aromatic hydrocarbons","Positive",0
"SGL-WQS (survey, lambda=0)",314,"URX34M","Aromatic hydrocarbons","Positive",0
"SGL-WQS (survey, lambda=0)",314,"URXBMA","Aromatic hydrocarbons","Positive",0
"SGL-WQS (survey, lambda=0)",314,"URXMAD","Aromatic hydrocarbons","Positive",0
"SGL-WQS (survey, lambda=0)",314,"URXPHG","Aromatic hydrocarbons","Positive",0
"SGL-WQS (survey, lambda=0)",314,"URXDHB","Dienes/alkenes/epoxides","Positive",0
"SGL-WQS (survey, lambda=0)",314,"URXMB3","Dienes/alkenes/epoxides","Positive",0
"SGL-WQS (survey, lambda=0)",314,"URXIPM3","Dienes/alkenes/epoxides","Positive",0
"SGL-WQS (survey, lambda=0)",314,"URXHP2","Dienes/alkenes/epoxides","Positive",0
"SGL-WQS (survey, lambda=0)",314,"URXAAM","Nitrile/amide/cyanide-related","Positive",0
"SGL-WQS (survey, lambda=0)",314,"URXAMC","Nitrile/amide/cyanide-related","Positive",0
"SGL-WQS (survey, lambda=0)",314,"URXCEM","Nitrile/amide/cyanide-related","Positive",0
"SGL-WQS (survey, lambda=0)",314,"URXCYM","Nitrile/amide/cyanide-related","Positive",0
"SGL-WQS (survey, lambda=0)",314,"URXATC","Nitrile/amide/cyanide-related","Positive",0
"SGL-WQS (survey, lambda=0)",314,"URXHPM","Reactive aldehydes","Positive",0
"SGL-WQS (survey, lambda=0)",314,"URXPMM","Reactive aldehydes","Positive",0
"SGL-WQS (survey, lambda=0)",314,"URX2MH","Aromatic hydrocarbons","Negative",0
"SGL-WQS (survey, lambda=0)",314,"URX34M","Aromatic hydrocarbons","Negative",0
"SGL-WQS (survey, lambda=0)",314,"URXBMA","Aromatic hydrocarbons","Negative",0
"SGL-WQS (survey, lambda=0)",314,"URXMAD","Aromatic hydrocarbons","Negative",0
"SGL-WQS (survey, lambda=0)",314,"URXPHG","Aromatic hydrocarbons","Negative",0
"SGL-WQS (survey, lambda=0)",314,"URXDHB","Dienes/alkenes/epoxides","Negative",0
"SGL-WQS (survey, lambda=0)",314,"URXMB3","Dienes/alkenes/epoxides","Negative",0
"SGL-WQS (survey, lambda=0)",314,"URXIPM3","Dienes/alkenes/epoxides","Negative",0
"SGL-WQS (survey, lambda=0)",314,"URXHP2","Dienes/alkenes/epoxides","Negative",0
"SGL-WQS (survey, lambda=0)",314,"URXAAM","Nitrile/amide/cyanide-related","Negative",0
"SGL-WQS (survey, lambda=0)",314,"URXAMC","Nitrile/amide/cyanide-related","Negative",0
"SGL-WQS (survey, lambda=0)",314,"URXCEM","Nitrile/amide/cyanide-related","Negative",0
"SGL-WQS (survey, lambda=0)",314,"URXCYM","Nitrile/amide/cyanide-related","Negative",0
"SGL-WQS (survey, lambda=0)",314,"URXATC","Nitrile/amide/cyanide-related","Negative",0
"SGL-WQS (survey, lambda=0)",314,"URXHPM","Reactive aldehydes","Negative",0
"SGL-WQS (survey, lambda=0)",314,"URXPMM","Reactive aldehydes","Negative",0
"SGL-WQS (survey, lambda.min path)",314,"URX2MH","Aromatic hydrocarbons","Positive",0.0482462287144035
"SGL-WQS (survey, lambda.min path)",314,"URX34M","Aromatic hydrocarbons","Positive",0.389574047743253
"SGL-WQS (survey, lambda.min path)",314,"URXBMA","Aromatic hydrocarbons","Positive",0.171086947931367
"SGL-WQS (survey, lambda.min path)",314,"URXMAD","Aromatic hydrocarbons","Positive",0.391092775610977
"SGL-WQS (survey, lambda.min path)",314,"URXPHG","Aromatic hydrocarbons","Positive",0
"SGL-WQS (survey, lambda.min path)",314,"URXDHB","Dienes/alkenes/epoxides","Positive",1
"SGL-WQS (survey, lambda.min path)",314,"URXMB3","Dienes/alkenes/epoxides","Positive",0
"SGL-WQS (survey, lambda.min path)",314,"URXIPM3","Dienes/alkenes/epoxides","Positive",0
"SGL-WQS (survey, lambda.min path)",314,"URXHP2","Dienes/alkenes/epoxides","Positive",0
"SGL-WQS (survey, lambda.min path)",314,"URXAAM","Nitrile/amide/cyanide-related","Positive",0
"SGL-WQS (survey, lambda.min path)",314,"URXAMC","Nitrile/amide/cyanide-related","Positive",0.0238266129603803
"SGL-WQS (survey, lambda.min path)",314,"URXCEM","Nitrile/amide/cyanide-related","Positive",0.67772948058548
"SGL-WQS (survey, lambda.min path)",314,"URXCYM","Nitrile/amide/cyanide-related","Positive",0
"SGL-WQS (survey, lambda.min path)",314,"URXATC","Nitrile/amide/cyanide-related","Positive",0.298443906454139
"SGL-WQS (survey, lambda.min path)",314,"URXHPM","Reactive aldehydes","Positive",0
"SGL-WQS (survey, lambda.min path)",314,"URXPMM","Reactive aldehydes","Positive",1
"SGL-WQS (survey, lambda.min path)",314,"URX2MH","Aromatic hydrocarbons","Negative",0
"SGL-WQS (survey, lambda.min path)",314,"URX34M","Aromatic hydrocarbons","Negative",0
"SGL-WQS (survey, lambda.min path)",314,"URXBMA","Aromatic hydrocarbons","Negative",0
"SGL-WQS (survey, lambda.min path)",314,"URXMAD","Aromatic hydrocarbons","Negative",0
"SGL-WQS (survey, lambda.min path)",314,"URXPHG","Aromatic hydrocarbons","Negative",1
"SGL-WQS (survey, lambda.min path)",314,"URXDHB","Dienes/alkenes/epoxides","Negative",0
"SGL-WQS (survey, lambda.min path)",314,"URXMB3","Dienes/alkenes/epoxides","Negative",0.469870134586103
"SGL-WQS (survey, lambda.min path)",314,"URXIPM3","Dienes/alkenes/epoxides","Negative",0.0120122914043443
"SGL-WQS (survey, lambda.min path)",314,"URXHP2","Dienes/alkenes/epoxides","Negative",0.518117574009552
"SGL-WQS (survey, lambda.min path)",314,"URXAAM","Nitrile/amide/cyanide-related","Negative",0.988552631278217
"SGL-WQS (survey, lambda.min path)",314,"URXAMC","Nitrile/amide/cyanide-related","Negative",0
"SGL-WQS (survey, lambda.min path)",314,"URXCEM","Nitrile/amide/cyanide-related","Negative",0
"SGL-WQS (survey, lambda.min path)",314,"URXCYM","Nitrile/amide/cyanide-related","Negative",0.0114473687217833
"SGL-WQS (survey, lambda.min path)",314,"URXATC","Nitrile/amide/cyanide-related","Negative",0
"SGL-WQS (survey, lambda.min path)",314,"URXHPM","Reactive aldehydes","Negative",1
"SGL-WQS (survey, lambda.min path)",314,"URXPMM","Reactive aldehydes","Negative",0
"gWQS",500,"URXCEM",NA,"Positive",0.209765682330944
"gWQS",500,"URXCYM",NA,"Positive",0.165027002259396
"gWQS",500,"URXAMC",NA,"Positive",0.152203553672773
"gWQS",500,"URXATC",NA,"Positive",0.108686451726377
"gWQS",500,"URXDHB",NA,"Positive",0.0815731150895949
"gWQS",500,"URXPMM",NA,"Positive",0.0637771366826395
"gWQS",500,"URXMAD",NA,"Positive",0.0608948472522667
"gWQS",500,"URXBMA",NA,"Positive",0.0531933846157627
"gWQS",500,"URX2MH",NA,"Positive",0.0368245445291464
"gWQS",500,"URX34M",NA,"Positive",0.0199659400414715
"gWQS",500,"URXMB3",NA,"Positive",0.0117444401938314
"gWQS",500,"URXHPM",NA,"Positive",0.00989299284302295
"gWQS",500,"URXIPM3",NA,"Positive",0.00942175358384765
"gWQS",500,"URXAAM",NA,"Positive",0.00783432164695874
"gWQS",500,"URXPHG",NA,"Positive",0.00500270789706511
"gWQS",500,"URXHP2",NA,"Positive",0.00419212563490137
"gWQS",500,"URXCEM",NA,"Negative",0.00477783469076044
"gWQS",500,"URXCYM",NA,"Negative",0.00310259941367946
"gWQS",500,"URXAMC",NA,"Negative",0.00324234336088292
"gWQS",500,"URXATC",NA,"Negative",0.00453534021606893
"gWQS",500,"URXDHB",NA,"Negative",0.0116551087994883
"gWQS",500,"URXPMM",NA,"Negative",0.0139483492054311
"gWQS",500,"URXMAD",NA,"Negative",0.0127943891411838
"gWQS",500,"URXBMA",NA,"Negative",0.00947490989141415
"gWQS",500,"URX2MH",NA,"Negative",0.0301991705141046
"gWQS",500,"URX34M",NA,"Negative",0.0603719798999727
"gWQS",500,"URXMB3",NA,"Negative",0.0931075793727476
"gWQS",500,"URXHPM",NA,"Negative",0.10792550816008
"gWQS",500,"URXIPM3",NA,"Negative",0.097383720848876
"gWQS",500,"URXAAM",NA,"Negative",0.0839744202910747
"gWQS",500,"URXPHG",NA,"Negative",0.29132208528931
"gWQS",500,"URXHP2",NA,"Negative",0.172184660904925
"groupWQS",500,"URX2MH","Aromatic hydrocarbons","Combined",0.0957231197687576
"groupWQS",500,"URX34M","Aromatic hydrocarbons","Combined",0.120928850409976
"groupWQS",500,"URXBMA","Aromatic hydrocarbons","Combined",0.0975544508551639
"groupWQS",500,"URXMAD","Aromatic hydrocarbons","Combined",0.148449622952591
"groupWQS",500,"URXPHG","Aromatic hydrocarbons","Combined",0.5373439560135
"groupWQS",500,"URXDHB","Dienes/alkenes/epoxides","Combined",0.116753398793813
"groupWQS",500,"URXMB3","Dienes/alkenes/epoxides","Combined",0.417289070822303
"groupWQS",500,"URXIPM3","Dienes/alkenes/epoxides","Combined",0.0785261545010226
"groupWQS",500,"URXHP2","Dienes/alkenes/epoxides","Combined",0.387431375882842
"groupWQS",500,"URXAAM","Nitrile/amide/cyanide-related","Combined",0.0144029224808918
"groupWQS",500,"URXAMC","Nitrile/amide/cyanide-related","Combined",0.171343254562313
"groupWQS",500,"URXCEM","Nitrile/amide/cyanide-related","Combined",0.475282492402854
"groupWQS",500,"URXCYM","Nitrile/amide/cyanide-related","Combined",0.102248094786828
"groupWQS",500,"URXATC","Nitrile/amide/cyanide-related","Combined",0.236723235767091
"groupWQS",500,"URXHPM","Reactive aldehydes","Combined",0.176749770645238
"groupWQS",500,"URXPMM","Reactive aldehydes","Combined",0.823250229354734
"SGL-WQS (unweighted, lambda=0)",500,"URX2MH","Aromatic hydrocarbons","Positive",0
"SGL-WQS (unweighted, lambda=0)",500,"URX34M","Aromatic hydrocarbons","Positive",0.0622608490944023
"SGL-WQS (unweighted, lambda=0)",500,"URXBMA","Aromatic hydrocarbons","Positive",0.39841536580077
"SGL-WQS (unweighted, lambda=0)",500,"URXMAD","Aromatic hydrocarbons","Positive",0.539323785104828
"SGL-WQS (unweighted, lambda=0)",500,"URXPHG","Aromatic hydrocarbons","Positive",0
"SGL-WQS (unweighted, lambda=0)",500,"URXDHB","Dienes/alkenes/epoxides","Positive",1
"SGL-WQS (unweighted, lambda=0)",500,"URXMB3","Dienes/alkenes/epoxides","Positive",0
"SGL-WQS (unweighted, lambda=0)",500,"URXIPM3","Dienes/alkenes/epoxides","Positive",0
"SGL-WQS (unweighted, lambda=0)",500,"URXHP2","Dienes/alkenes/epoxides","Positive",0
"SGL-WQS (unweighted, lambda=0)",500,"URXAAM","Nitrile/amide/cyanide-related","Positive",0
"SGL-WQS (unweighted, lambda=0)",500,"URXAMC","Nitrile/amide/cyanide-related","Positive",0.223037130516231
"SGL-WQS (unweighted, lambda=0)",500,"URXCEM","Nitrile/amide/cyanide-related","Positive",0.414578524444486
"SGL-WQS (unweighted, lambda=0)",500,"URXCYM","Nitrile/amide/cyanide-related","Positive",0.184841079380263
"SGL-WQS (unweighted, lambda=0)",500,"URXATC","Nitrile/amide/cyanide-related","Positive",0.17754326565902
"SGL-WQS (unweighted, lambda=0)",500,"URXHPM","Reactive aldehydes","Positive",0
"SGL-WQS (unweighted, lambda=0)",500,"URXPMM","Reactive aldehydes","Positive",1
"SGL-WQS (unweighted, lambda=0)",500,"URX2MH","Aromatic hydrocarbons","Negative",0.0361821135555519
"SGL-WQS (unweighted, lambda=0)",500,"URX34M","Aromatic hydrocarbons","Negative",0
"SGL-WQS (unweighted, lambda=0)",500,"URXBMA","Aromatic hydrocarbons","Negative",0
"SGL-WQS (unweighted, lambda=0)",500,"URXMAD","Aromatic hydrocarbons","Negative",0
"SGL-WQS (unweighted, lambda=0)",500,"URXPHG","Aromatic hydrocarbons","Negative",0.963817886444448
"SGL-WQS (unweighted, lambda=0)",500,"URXDHB","Dienes/alkenes/epoxides","Negative",0
"SGL-WQS (unweighted, lambda=0)",500,"URXMB3","Dienes/alkenes/epoxides","Negative",0.408805544906797
"SGL-WQS (unweighted, lambda=0)",500,"URXIPM3","Dienes/alkenes/epoxides","Negative",0.150656460415138
"SGL-WQS (unweighted, lambda=0)",500,"URXHP2","Dienes/alkenes/epoxides","Negative",0.440537994678065
"SGL-WQS (unweighted, lambda=0)",500,"URXAAM","Nitrile/amide/cyanide-related","Negative",1
"SGL-WQS (unweighted, lambda=0)",500,"URXAMC","Nitrile/amide/cyanide-related","Negative",0
"SGL-WQS (unweighted, lambda=0)",500,"URXCEM","Nitrile/amide/cyanide-related","Negative",0
"SGL-WQS (unweighted, lambda=0)",500,"URXCYM","Nitrile/amide/cyanide-related","Negative",0
"SGL-WQS (unweighted, lambda=0)",500,"URXATC","Nitrile/amide/cyanide-related","Negative",0
"SGL-WQS (unweighted, lambda=0)",500,"URXHPM","Reactive aldehydes","Negative",1
"SGL-WQS (unweighted, lambda=0)",500,"URXPMM","Reactive aldehydes","Negative",0
"SGL-WQS (unweighted, lambda.min path)",500,"URX2MH","Aromatic hydrocarbons","Positive",0
"SGL-WQS (unweighted, lambda.min path)",500,"URX34M","Aromatic hydrocarbons","Positive",0.0341796398533026
"SGL-WQS (unweighted, lambda.min path)",500,"URXBMA","Aromatic hydrocarbons","Positive",0.438694455889232
"SGL-WQS (unweighted, lambda.min path)",500,"URXMAD","Aromatic hydrocarbons","Positive",0.527125904257466
"SGL-WQS (unweighted, lambda.min path)",500,"URXPHG","Aromatic hydrocarbons","Positive",0
"SGL-WQS (unweighted, lambda.min path)",500,"URXDHB","Dienes/alkenes/epoxides","Positive",1
"SGL-WQS (unweighted, lambda.min path)",500,"URXMB3","Dienes/alkenes/epoxides","Positive",0
"SGL-WQS (unweighted, lambda.min path)",500,"URXIPM3","Dienes/alkenes/epoxides","Positive",0
"SGL-WQS (unweighted, lambda.min path)",500,"URXHP2","Dienes/alkenes/epoxides","Positive",0
"SGL-WQS (unweighted, lambda.min path)",500,"URXAAM","Nitrile/amide/cyanide-related","Positive",0
"SGL-WQS (unweighted, lambda.min path)",500,"URXAMC","Nitrile/amide/cyanide-related","Positive",0.230624761899029
"SGL-WQS (unweighted, lambda.min path)",500,"URXCEM","Nitrile/amide/cyanide-related","Positive",0.421090740603747
"SGL-WQS (unweighted, lambda.min path)",500,"URXCYM","Nitrile/amide/cyanide-related","Positive",0.162521990177625
"SGL-WQS (unweighted, lambda.min path)",500,"URXATC","Nitrile/amide/cyanide-related","Positive",0.185762507319599
"SGL-WQS (unweighted, lambda.min path)",500,"URXHPM","Reactive aldehydes","Positive",0
"SGL-WQS (unweighted, lambda.min path)",500,"URXPMM","Reactive aldehydes","Positive",1
"SGL-WQS (unweighted, lambda.min path)",500,"URX2MH","Aromatic hydrocarbons","Negative",0.0368108540448459
"SGL-WQS (unweighted, lambda.min path)",500,"URX34M","Aromatic hydrocarbons","Negative",0
"SGL-WQS (unweighted, lambda.min path)",500,"URXBMA","Aromatic hydrocarbons","Negative",0
"SGL-WQS (unweighted, lambda.min path)",500,"URXMAD","Aromatic hydrocarbons","Negative",0
"SGL-WQS (unweighted, lambda.min path)",500,"URXPHG","Aromatic hydrocarbons","Negative",0.963189145955154
"SGL-WQS (unweighted, lambda.min path)",500,"URXDHB","Dienes/alkenes/epoxides","Negative",0
"SGL-WQS (unweighted, lambda.min path)",500,"URXMB3","Dienes/alkenes/epoxides","Negative",0.38602467261745
"SGL-WQS (unweighted, lambda.min path)",500,"URXIPM3","Dienes/alkenes/epoxides","Negative",0.134508834549995
"SGL-WQS (unweighted, lambda.min path)",500,"URXHP2","Dienes/alkenes/epoxides","Negative",0.479466492832555
"SGL-WQS (unweighted, lambda.min path)",500,"URXAAM","Nitrile/amide/cyanide-related","Negative",1
"SGL-WQS (unweighted, lambda.min path)",500,"URXAMC","Nitrile/amide/cyanide-related","Negative",0
"SGL-WQS (unweighted, lambda.min path)",500,"URXCEM","Nitrile/amide/cyanide-related","Negative",0
"SGL-WQS (unweighted, lambda.min path)",500,"URXCYM","Nitrile/amide/cyanide-related","Negative",0
"SGL-WQS (unweighted, lambda.min path)",500,"URXATC","Nitrile/amide/cyanide-related","Negative",0
"SGL-WQS (unweighted, lambda.min path)",500,"URXHPM","Reactive aldehydes","Negative",1
"SGL-WQS (unweighted, lambda.min path)",500,"URXPMM","Reactive aldehydes","Negative",0
"SGL-WQS (survey, lambda=0)",500,"URX2MH","Aromatic hydrocarbons","Positive",0
"SGL-WQS (survey, lambda=0)",500,"URX34M","Aromatic hydrocarbons","Positive",0
"SGL-WQS (survey, lambda=0)",500,"URXBMA","Aromatic hydrocarbons","Positive",0
"SGL-WQS (survey, lambda=0)",500,"URXMAD","Aromatic hydrocarbons","Positive",0
"SGL-WQS (survey, lambda=0)",500,"URXPHG","Aromatic hydrocarbons","Positive",0
"SGL-WQS (survey, lambda=0)",500,"URXDHB","Dienes/alkenes/epoxides","Positive",0
"SGL-WQS (survey, lambda=0)",500,"URXMB3","Dienes/alkenes/epoxides","Positive",0
"SGL-WQS (survey, lambda=0)",500,"URXIPM3","Dienes/alkenes/epoxides","Positive",0
"SGL-WQS (survey, lambda=0)",500,"URXHP2","Dienes/alkenes/epoxides","Positive",0
"SGL-WQS (survey, lambda=0)",500,"URXAAM","Nitrile/amide/cyanide-related","Positive",0
"SGL-WQS (survey, lambda=0)",500,"URXAMC","Nitrile/amide/cyanide-related","Positive",0
"SGL-WQS (survey, lambda=0)",500,"URXCEM","Nitrile/amide/cyanide-related","Positive",0
"SGL-WQS (survey, lambda=0)",500,"URXCYM","Nitrile/amide/cyanide-related","Positive",0
"SGL-WQS (survey, lambda=0)",500,"URXATC","Nitrile/amide/cyanide-related","Positive",0
"SGL-WQS (survey, lambda=0)",500,"URXHPM","Reactive aldehydes","Positive",0
"SGL-WQS (survey, lambda=0)",500,"URXPMM","Reactive aldehydes","Positive",0
"SGL-WQS (survey, lambda=0)",500,"URX2MH","Aromatic hydrocarbons","Negative",0
"SGL-WQS (survey, lambda=0)",500,"URX34M","Aromatic hydrocarbons","Negative",0
"SGL-WQS (survey, lambda=0)",500,"URXBMA","Aromatic hydrocarbons","Negative",0
"SGL-WQS (survey, lambda=0)",500,"URXMAD","Aromatic hydrocarbons","Negative",0
"SGL-WQS (survey, lambda=0)",500,"URXPHG","Aromatic hydrocarbons","Negative",0
"SGL-WQS (survey, lambda=0)",500,"URXDHB","Dienes/alkenes/epoxides","Negative",0
"SGL-WQS (survey, lambda=0)",500,"URXMB3","Dienes/alkenes/epoxides","Negative",0
"SGL-WQS (survey, lambda=0)",500,"URXIPM3","Dienes/alkenes/epoxides","Negative",0
"SGL-WQS (survey, lambda=0)",500,"URXHP2","Dienes/alkenes/epoxides","Negative",0
"SGL-WQS (survey, lambda=0)",500,"URXAAM","Nitrile/amide/cyanide-related","Negative",0
"SGL-WQS (survey, lambda=0)",500,"URXAMC","Nitrile/amide/cyanide-related","Negative",0
"SGL-WQS (survey, lambda=0)",500,"URXCEM","Nitrile/amide/cyanide-related","Negative",0
"SGL-WQS (survey, lambda=0)",500,"URXCYM","Nitrile/amide/cyanide-related","Negative",0
"SGL-WQS (survey, lambda=0)",500,"URXATC","Nitrile/amide/cyanide-related","Negative",0
"SGL-WQS (survey, lambda=0)",500,"URXHPM","Reactive aldehydes","Negative",0
"SGL-WQS (survey, lambda=0)",500,"URXPMM","Reactive aldehydes","Negative",0
"SGL-WQS (survey, lambda.min path)",500,"URX2MH","Aromatic hydrocarbons","Positive",0.0482462287144035
"SGL-WQS (survey, lambda.min path)",500,"URX34M","Aromatic hydrocarbons","Positive",0.389574047743253
"SGL-WQS (survey, lambda.min path)",500,"URXBMA","Aromatic hydrocarbons","Positive",0.171086947931367
"SGL-WQS (survey, lambda.min path)",500,"URXMAD","Aromatic hydrocarbons","Positive",0.391092775610977
"SGL-WQS (survey, lambda.min path)",500,"URXPHG","Aromatic hydrocarbons","Positive",0
"SGL-WQS (survey, lambda.min path)",500,"URXDHB","Dienes/alkenes/epoxides","Positive",1
"SGL-WQS (survey, lambda.min path)",500,"URXMB3","Dienes/alkenes/epoxides","Positive",0
"SGL-WQS (survey, lambda.min path)",500,"URXIPM3","Dienes/alkenes/epoxides","Positive",0
"SGL-WQS (survey, lambda.min path)",500,"URXHP2","Dienes/alkenes/epoxides","Positive",0
"SGL-WQS (survey, lambda.min path)",500,"URXAAM","Nitrile/amide/cyanide-related","Positive",0
"SGL-WQS (survey, lambda.min path)",500,"URXAMC","Nitrile/amide/cyanide-related","Positive",0.0238266129603803
"SGL-WQS (survey, lambda.min path)",500,"URXCEM","Nitrile/amide/cyanide-related","Positive",0.67772948058548
"SGL-WQS (survey, lambda.min path)",500,"URXCYM","Nitrile/amide/cyanide-related","Positive",0
"SGL-WQS (survey, lambda.min path)",500,"URXATC","Nitrile/amide/cyanide-related","Positive",0.298443906454139
"SGL-WQS (survey, lambda.min path)",500,"URXHPM","Reactive aldehydes","Positive",0
"SGL-WQS (survey, lambda.min path)",500,"URXPMM","Reactive aldehydes","Positive",1
"SGL-WQS (survey, lambda.min path)",500,"URX2MH","Aromatic hydrocarbons","Negative",0
"SGL-WQS (survey, lambda.min path)",500,"URX34M","Aromatic hydrocarbons","Negative",0
"SGL-WQS (survey, lambda.min path)",500,"URXBMA","Aromatic hydrocarbons","Negative",0
"SGL-WQS (survey, lambda.min path)",500,"URXMAD","Aromatic hydrocarbons","Negative",0
"SGL-WQS (survey, lambda.min path)",500,"URXPHG","Aromatic hydrocarbons","Negative",1
"SGL-WQS (survey, lambda.min path)",500,"URXDHB","Dienes/alkenes/epoxides","Negative",0
"SGL-WQS (survey, lambda.min path)",500,"URXMB3","Dienes/alkenes/epoxides","Negative",0.469870134586103
"SGL-WQS (survey, lambda.min path)",500,"URXIPM3","Dienes/alkenes/epoxides","Negative",0.0120122914043443
"SGL-WQS (survey, lambda.min path)",500,"URXHP2","Dienes/alkenes/epoxides","Negative",0.518117574009552
"SGL-WQS (survey, lambda.min path)",500,"URXAAM","Nitrile/amide/cyanide-related","Negative",0.988552631278217
"SGL-WQS (survey, lambda.min path)",500,"URXAMC","Nitrile/amide/cyanide-related","Negative",0
"SGL-WQS (survey, lambda.min path)",500,"URXCEM","Nitrile/amide/cyanide-related","Negative",0
"SGL-WQS (survey, lambda.min path)",500,"URXCYM","Nitrile/amide/cyanide-related","Negative",0.0114473687217833
"SGL-WQS (survey, lambda.min path)",500,"URXATC","Nitrile/amide/cyanide-related","Negative",0
"SGL-WQS (survey, lambda.min path)",500,"URXHPM","Reactive aldehydes","Negative",1
"SGL-WQS (survey, lambda.min path)",500,"URXPMM","Reactive aldehydes","Negative",0
"gWQS",617,"URXCEM",NA,"Positive",0.210826342657068
"gWQS",617,"URXMAD",NA,"Positive",0.142957676785197
"gWQS",617,"URXPMM",NA,"Positive",0.140117371508521
"gWQS",617,"URXAMC",NA,"Positive",0.101900486153903
"gWQS",617,"URXCYM",NA,"Positive",0.0993404057520172
"gWQS",617,"URXDHB",NA,"Positive",0.0910016797210324
"gWQS",617,"URXATC",NA,"Positive",0.0625881547095595
"gWQS",617,"URX34M",NA,"Positive",0.0575689869369317
"gWQS",617,"URXBMA",NA,"Positive",0.0316148721268429
"gWQS",617,"URXIPM3",NA,"Positive",0.0119986344386295
"gWQS",617,"URXHPM",NA,"Positive",0.0118984937386619
"gWQS",617,"URX2MH",NA,"Positive",0.0115030661416718
"gWQS",617,"URXAAM",NA,"Positive",0.00897798313114831
"gWQS",617,"URXMB3",NA,"Positive",0.00664542502568243
"gWQS",617,"URXHP2",NA,"Positive",0.00649175507793923
"gWQS",617,"URXPHG",NA,"Positive",0.00456866609519407
"gWQS",617,"URXCEM",NA,"Negative",0.00484941291618671
"gWQS",617,"URXMAD",NA,"Negative",0.00436378338169879
"gWQS",617,"URXPMM",NA,"Negative",0.00951544000011639
"gWQS",617,"URXAMC",NA,"Negative",0.00353815395879532
"gWQS",617,"URXCYM",NA,"Negative",0.00977802966978682
"gWQS",617,"URXDHB",NA,"Negative",0.0103644437955997
"gWQS",617,"URXATC",NA,"Negative",0.00585520803066695
"gWQS",617,"URX34M",NA,"Negative",0.0169152651578235
"gWQS",617,"URXBMA",NA,"Negative",0.0178272628596217
"gWQS",617,"URXIPM3",NA,"Negative",0.0842255106835464
"gWQS",617,"URXHPM",NA,"Negative",0.0933390454279829
"gWQS",617,"URX2MH",NA,"Negative",0.0685511363711646
"gWQS",617,"URXAAM",NA,"Negative",0.0952059026409898
"gWQS",617,"URXMB3",NA,"Negative",0.129443876883145
"gWQS",617,"URXHP2",NA,"Negative",0.211957392892648
"gWQS",617,"URXPHG",NA,"Negative",0.234270135330229
"groupWQS",617,"URX2MH","Aromatic hydrocarbons","Combined",0.134059543509584
"groupWQS",617,"URX34M","Aromatic hydrocarbons","Combined",0.0710445494127102
"groupWQS",617,"URXBMA","Aromatic hydrocarbons","Combined",0.467904340123775
"groupWQS",617,"URXMAD","Aromatic hydrocarbons","Combined",0.0547233846667656
"groupWQS",617,"URXPHG","Aromatic hydrocarbons","Combined",0.272268182287156
"groupWQS",617,"URXDHB","Dienes/alkenes/epoxides","Combined",0.0505656916314972
"groupWQS",617,"URXMB3","Dienes/alkenes/epoxides","Combined",0.36668325114985
"groupWQS",617,"URXIPM3","Dienes/alkenes/epoxides","Combined",0.0659001105388711
"groupWQS",617,"URXHP2","Dienes/alkenes/epoxides","Combined",0.5168509466798
"groupWQS",617,"URXAAM","Nitrile/amide/cyanide-related","Combined",0.0119716102549423
"groupWQS",617,"URXAMC","Nitrile/amide/cyanide-related","Combined",0.253320368999708
"groupWQS",617,"URXCEM","Nitrile/amide/cyanide-related","Combined",0.424123199745527
"groupWQS",617,"URXCYM","Nitrile/amide/cyanide-related","Combined",0.120774326287345
"groupWQS",617,"URXATC","Nitrile/amide/cyanide-related","Combined",0.189810494712481
"groupWQS",617,"URXHPM","Reactive aldehydes","Combined",0.518511090064366
"groupWQS",617,"URXPMM","Reactive aldehydes","Combined",0.481488909935614
"SGL-WQS (unweighted, lambda=0)",617,"URX2MH","Aromatic hydrocarbons","Positive",0
"SGL-WQS (unweighted, lambda=0)",617,"URX34M","Aromatic hydrocarbons","Positive",0.0622608490944023
"SGL-WQS (unweighted, lambda=0)",617,"URXBMA","Aromatic hydrocarbons","Positive",0.39841536580077
"SGL-WQS (unweighted, lambda=0)",617,"URXMAD","Aromatic hydrocarbons","Positive",0.539323785104828
"SGL-WQS (unweighted, lambda=0)",617,"URXPHG","Aromatic hydrocarbons","Positive",0
"SGL-WQS (unweighted, lambda=0)",617,"URXDHB","Dienes/alkenes/epoxides","Positive",1
"SGL-WQS (unweighted, lambda=0)",617,"URXMB3","Dienes/alkenes/epoxides","Positive",0
"SGL-WQS (unweighted, lambda=0)",617,"URXIPM3","Dienes/alkenes/epoxides","Positive",0
"SGL-WQS (unweighted, lambda=0)",617,"URXHP2","Dienes/alkenes/epoxides","Positive",0
"SGL-WQS (unweighted, lambda=0)",617,"URXAAM","Nitrile/amide/cyanide-related","Positive",0
"SGL-WQS (unweighted, lambda=0)",617,"URXAMC","Nitrile/amide/cyanide-related","Positive",0.223037130516231
"SGL-WQS (unweighted, lambda=0)",617,"URXCEM","Nitrile/amide/cyanide-related","Positive",0.414578524444486
"SGL-WQS (unweighted, lambda=0)",617,"URXCYM","Nitrile/amide/cyanide-related","Positive",0.184841079380263
"SGL-WQS (unweighted, lambda=0)",617,"URXATC","Nitrile/amide/cyanide-related","Positive",0.17754326565902
"SGL-WQS (unweighted, lambda=0)",617,"URXHPM","Reactive aldehydes","Positive",0
"SGL-WQS (unweighted, lambda=0)",617,"URXPMM","Reactive aldehydes","Positive",1
"SGL-WQS (unweighted, lambda=0)",617,"URX2MH","Aromatic hydrocarbons","Negative",0.0361821135555519
"SGL-WQS (unweighted, lambda=0)",617,"URX34M","Aromatic hydrocarbons","Negative",0
"SGL-WQS (unweighted, lambda=0)",617,"URXBMA","Aromatic hydrocarbons","Negative",0
"SGL-WQS (unweighted, lambda=0)",617,"URXMAD","Aromatic hydrocarbons","Negative",0
"SGL-WQS (unweighted, lambda=0)",617,"URXPHG","Aromatic hydrocarbons","Negative",0.963817886444448
"SGL-WQS (unweighted, lambda=0)",617,"URXDHB","Dienes/alkenes/epoxides","Negative",0
"SGL-WQS (unweighted, lambda=0)",617,"URXMB3","Dienes/alkenes/epoxides","Negative",0.408805544906797
"SGL-WQS (unweighted, lambda=0)",617,"URXIPM3","Dienes/alkenes/epoxides","Negative",0.150656460415138
"SGL-WQS (unweighted, lambda=0)",617,"URXHP2","Dienes/alkenes/epoxides","Negative",0.440537994678065
"SGL-WQS (unweighted, lambda=0)",617,"URXAAM","Nitrile/amide/cyanide-related","Negative",1
"SGL-WQS (unweighted, lambda=0)",617,"URXAMC","Nitrile/amide/cyanide-related","Negative",0
"SGL-WQS (unweighted, lambda=0)",617,"URXCEM","Nitrile/amide/cyanide-related","Negative",0
"SGL-WQS (unweighted, lambda=0)",617,"URXCYM","Nitrile/amide/cyanide-related","Negative",0
"SGL-WQS (unweighted, lambda=0)",617,"URXATC","Nitrile/amide/cyanide-related","Negative",0
"SGL-WQS (unweighted, lambda=0)",617,"URXHPM","Reactive aldehydes","Negative",1
"SGL-WQS (unweighted, lambda=0)",617,"URXPMM","Reactive aldehydes","Negative",0
"SGL-WQS (unweighted, lambda.min path)",617,"URX2MH","Aromatic hydrocarbons","Positive",0
"SGL-WQS (unweighted, lambda.min path)",617,"URX34M","Aromatic hydrocarbons","Positive",0.0284347980264183
"SGL-WQS (unweighted, lambda.min path)",617,"URXBMA","Aromatic hydrocarbons","Positive",0.450930515372032
"SGL-WQS (unweighted, lambda.min path)",617,"URXMAD","Aromatic hydrocarbons","Positive",0.520634686601549
"SGL-WQS (unweighted, lambda.min path)",617,"URXPHG","Aromatic hydrocarbons","Positive",0
"SGL-WQS (unweighted, lambda.min path)",617,"URXDHB","Dienes/alkenes/epoxides","Positive",1
"SGL-WQS (unweighted, lambda.min path)",617,"URXMB3","Dienes/alkenes/epoxides","Positive",0
"SGL-WQS (unweighted, lambda.min path)",617,"URXIPM3","Dienes/alkenes/epoxides","Positive",0
"SGL-WQS (unweighted, lambda.min path)",617,"URXHP2","Dienes/alkenes/epoxides","Positive",0
"SGL-WQS (unweighted, lambda.min path)",617,"URXAAM","Nitrile/amide/cyanide-related","Positive",0
"SGL-WQS (unweighted, lambda.min path)",617,"URXAMC","Nitrile/amide/cyanide-related","Positive",0.231560985723055
"SGL-WQS (unweighted, lambda.min path)",617,"URXCEM","Nitrile/amide/cyanide-related","Positive",0.420827929226336
"SGL-WQS (unweighted, lambda.min path)",617,"URXCYM","Nitrile/amide/cyanide-related","Positive",0.160827808983333
"SGL-WQS (unweighted, lambda.min path)",617,"URXATC","Nitrile/amide/cyanide-related","Positive",0.186783276067275
"SGL-WQS (unweighted, lambda.min path)",617,"URXHPM","Reactive aldehydes","Positive",0
"SGL-WQS (unweighted, lambda.min path)",617,"URXPMM","Reactive aldehydes","Positive",1
"SGL-WQS (unweighted, lambda.min path)",617,"URX2MH","Aromatic hydrocarbons","Negative",0.036758343137154
"SGL-WQS (unweighted, lambda.min path)",617,"URX34M","Aromatic hydrocarbons","Negative",0
"SGL-WQS (unweighted, lambda.min path)",617,"URXBMA","Aromatic hydrocarbons","Negative",0
"SGL-WQS (unweighted, lambda.min path)",617,"URXMAD","Aromatic hydrocarbons","Negative",0
"SGL-WQS (unweighted, lambda.min path)",617,"URXPHG","Aromatic hydrocarbons","Negative",0.963241656862846
"SGL-WQS (unweighted, lambda.min path)",617,"URXDHB","Dienes/alkenes/epoxides","Negative",0
"SGL-WQS (unweighted, lambda.min path)",617,"URXMB3","Dienes/alkenes/epoxides","Negative",0.383516245631869
"SGL-WQS (unweighted, lambda.min path)",617,"URXIPM3","Dienes/alkenes/epoxides","Negative",0.132172292563711
"SGL-WQS (unweighted, lambda.min path)",617,"URXHP2","Dienes/alkenes/epoxides","Negative",0.484311461804421
"SGL-WQS (unweighted, lambda.min path)",617,"URXAAM","Nitrile/amide/cyanide-related","Negative",1
"SGL-WQS (unweighted, lambda.min path)",617,"URXAMC","Nitrile/amide/cyanide-related","Negative",0
"SGL-WQS (unweighted, lambda.min path)",617,"URXCEM","Nitrile/amide/cyanide-related","Negative",0
"SGL-WQS (unweighted, lambda.min path)",617,"URXCYM","Nitrile/amide/cyanide-related","Negative",0
"SGL-WQS (unweighted, lambda.min path)",617,"URXATC","Nitrile/amide/cyanide-related","Negative",0
"SGL-WQS (unweighted, lambda.min path)",617,"URXHPM","Reactive aldehydes","Negative",1
"SGL-WQS (unweighted, lambda.min path)",617,"URXPMM","Reactive aldehydes","Negative",0
"SGL-WQS (survey, lambda=0)",617,"URX2MH","Aromatic hydrocarbons","Positive",0
"SGL-WQS (survey, lambda=0)",617,"URX34M","Aromatic hydrocarbons","Positive",0
"SGL-WQS (survey, lambda=0)",617,"URXBMA","Aromatic hydrocarbons","Positive",0
"SGL-WQS (survey, lambda=0)",617,"URXMAD","Aromatic hydrocarbons","Positive",0
"SGL-WQS (survey, lambda=0)",617,"URXPHG","Aromatic hydrocarbons","Positive",0
"SGL-WQS (survey, lambda=0)",617,"URXDHB","Dienes/alkenes/epoxides","Positive",0
"SGL-WQS (survey, lambda=0)",617,"URXMB3","Dienes/alkenes/epoxides","Positive",0
"SGL-WQS (survey, lambda=0)",617,"URXIPM3","Dienes/alkenes/epoxides","Positive",0
"SGL-WQS (survey, lambda=0)",617,"URXHP2","Dienes/alkenes/epoxides","Positive",0
"SGL-WQS (survey, lambda=0)",617,"URXAAM","Nitrile/amide/cyanide-related","Positive",0
"SGL-WQS (survey, lambda=0)",617,"URXAMC","Nitrile/amide/cyanide-related","Positive",0
"SGL-WQS (survey, lambda=0)",617,"URXCEM","Nitrile/amide/cyanide-related","Positive",0
"SGL-WQS (survey, lambda=0)",617,"URXCYM","Nitrile/amide/cyanide-related","Positive",0
"SGL-WQS (survey, lambda=0)",617,"URXATC","Nitrile/amide/cyanide-related","Positive",0
"SGL-WQS (survey, lambda=0)",617,"URXHPM","Reactive aldehydes","Positive",0
"SGL-WQS (survey, lambda=0)",617,"URXPMM","Reactive aldehydes","Positive",0
"SGL-WQS (survey, lambda=0)",617,"URX2MH","Aromatic hydrocarbons","Negative",0
"SGL-WQS (survey, lambda=0)",617,"URX34M","Aromatic hydrocarbons","Negative",0
"SGL-WQS (survey, lambda=0)",617,"URXBMA","Aromatic hydrocarbons","Negative",0
"SGL-WQS (survey, lambda=0)",617,"URXMAD","Aromatic hydrocarbons","Negative",0
"SGL-WQS (survey, lambda=0)",617,"URXPHG","Aromatic hydrocarbons","Negative",0
"SGL-WQS (survey, lambda=0)",617,"URXDHB","Dienes/alkenes/epoxides","Negative",0
"SGL-WQS (survey, lambda=0)",617,"URXMB3","Dienes/alkenes/epoxides","Negative",0
"SGL-WQS (survey, lambda=0)",617,"URXIPM3","Dienes/alkenes/epoxides","Negative",0
"SGL-WQS (survey, lambda=0)",617,"URXHP2","Dienes/alkenes/epoxides","Negative",0
"SGL-WQS (survey, lambda=0)",617,"URXAAM","Nitrile/amide/cyanide-related","Negative",0
"SGL-WQS (survey, lambda=0)",617,"URXAMC","Nitrile/amide/cyanide-related","Negative",0
"SGL-WQS (survey, lambda=0)",617,"URXCEM","Nitrile/amide/cyanide-related","Negative",0
"SGL-WQS (survey, lambda=0)",617,"URXCYM","Nitrile/amide/cyanide-related","Negative",0
"SGL-WQS (survey, lambda=0)",617,"URXATC","Nitrile/amide/cyanide-related","Negative",0
"SGL-WQS (survey, lambda=0)",617,"URXHPM","Reactive aldehydes","Negative",0
"SGL-WQS (survey, lambda=0)",617,"URXPMM","Reactive aldehydes","Negative",0
"SGL-WQS (survey, lambda.min path)",617,"URX2MH","Aromatic hydrocarbons","Positive",0.0764715208472078
"SGL-WQS (survey, lambda.min path)",617,"URX34M","Aromatic hydrocarbons","Positive",0.375248510169224
"SGL-WQS (survey, lambda.min path)",617,"URXBMA","Aromatic hydrocarbons","Positive",0.184852496389266
"SGL-WQS (survey, lambda.min path)",617,"URXMAD","Aromatic hydrocarbons","Positive",0.363427472594303
"SGL-WQS (survey, lambda.min path)",617,"URXPHG","Aromatic hydrocarbons","Positive",0
"SGL-WQS (survey, lambda.min path)",617,"URXDHB","Dienes/alkenes/epoxides","Positive",1
"SGL-WQS (survey, lambda.min path)",617,"URXMB3","Dienes/alkenes/epoxides","Positive",0
"SGL-WQS (survey, lambda.min path)",617,"URXIPM3","Dienes/alkenes/epoxides","Positive",0
"SGL-WQS (survey, lambda.min path)",617,"URXHP2","Dienes/alkenes/epoxides","Positive",0
"SGL-WQS (survey, lambda.min path)",617,"URXAAM","Nitrile/amide/cyanide-related","Positive",0
"SGL-WQS (survey, lambda.min path)",617,"URXAMC","Nitrile/amide/cyanide-related","Positive",0.0234844120769693
"SGL-WQS (survey, lambda.min path)",617,"URXCEM","Nitrile/amide/cyanide-related","Positive",0.675332636586095
"SGL-WQS (survey, lambda.min path)",617,"URXCYM","Nitrile/amide/cyanide-related","Positive",0
"SGL-WQS (survey, lambda.min path)",617,"URXATC","Nitrile/amide/cyanide-related","Positive",0.301182951336935
"SGL-WQS (survey, lambda.min path)",617,"URXHPM","Reactive aldehydes","Positive",0
"SGL-WQS (survey, lambda.min path)",617,"URXPMM","Reactive aldehydes","Positive",1
"SGL-WQS (survey, lambda.min path)",617,"URX2MH","Aromatic hydrocarbons","Negative",0
"SGL-WQS (survey, lambda.min path)",617,"URX34M","Aromatic hydrocarbons","Negative",0
"SGL-WQS (survey, lambda.min path)",617,"URXBMA","Aromatic hydrocarbons","Negative",0
"SGL-WQS (survey, lambda.min path)",617,"URXMAD","Aromatic hydrocarbons","Negative",0
"SGL-WQS (survey, lambda.min path)",617,"URXPHG","Aromatic hydrocarbons","Negative",1
"SGL-WQS (survey, lambda.min path)",617,"URXDHB","Dienes/alkenes/epoxides","Negative",0
"SGL-WQS (survey, lambda.min path)",617,"URXMB3","Dienes/alkenes/epoxides","Negative",0.453305084870849
"SGL-WQS (survey, lambda.min path)",617,"URXIPM3","Dienes/alkenes/epoxides","Negative",0.00214182285717196
"SGL-WQS (survey, lambda.min path)",617,"URXHP2","Dienes/alkenes/epoxides","Negative",0.544553092271979
"SGL-WQS (survey, lambda.min path)",617,"URXAAM","Nitrile/amide/cyanide-related","Negative",0.95906677650232
"SGL-WQS (survey, lambda.min path)",617,"URXAMC","Nitrile/amide/cyanide-related","Negative",0
"SGL-WQS (survey, lambda.min path)",617,"URXCEM","Nitrile/amide/cyanide-related","Negative",0
"SGL-WQS (survey, lambda.min path)",617,"URXCYM","Nitrile/amide/cyanide-related","Negative",0.0409332234976801
"SGL-WQS (survey, lambda.min path)",617,"URXATC","Nitrile/amide/cyanide-related","Negative",0
"SGL-WQS (survey, lambda.min path)",617,"URXHPM","Reactive aldehydes","Negative",1
"SGL-WQS (survey, lambda.min path)",617,"URXPMM","Reactive aldehydes","Negative",0
"gWQS",789,"URXCEM",NA,"Positive",0.2069627292489
"gWQS",789,"URXDHB",NA,"Positive",0.170704356837786
"gWQS",789,"URXATC",NA,"Positive",0.119289932072456
"gWQS",789,"URXPMM",NA,"Positive",0.101347677246629
"gWQS",789,"URXBMA",NA,"Positive",0.0843267792841644
"gWQS",789,"URXCYM",NA,"Positive",0.0751243650740554
"gWQS",789,"URX2MH",NA,"Positive",0.0656739585159103
"gWQS",789,"URXAMC",NA,"Positive",0.0570396285452204
"gWQS",789,"URXMAD",NA,"Positive",0.0444707310408584
"gWQS",789,"URXIPM3",NA,"Positive",0.021968824262618
"gWQS",789,"URX34M",NA,"Positive",0.0171465418914925
"gWQS",789,"URXHPM",NA,"Positive",0.0125153460170461
"gWQS",789,"URXMB3",NA,"Positive",0.00848698298663217
"gWQS",789,"URXAAM",NA,"Positive",0.00527852681696438
"gWQS",789,"URXHP2",NA,"Positive",0.00510640852750075
"gWQS",789,"URXPHG",NA,"Positive",0.00455721163176492
"gWQS",789,"URXCEM",NA,"Negative",0.00489543710304534
"gWQS",789,"URXDHB",NA,"Negative",0.00557396274960731
"gWQS",789,"URXATC",NA,"Negative",0.00517949632566658
"gWQS",789,"URXPMM",NA,"Negative",0.014682432782438
"gWQS",789,"URXBMA",NA,"Negative",0.00735337472496773
"gWQS",789,"URXCYM",NA,"Negative",0.012502911943003
"gWQS",789,"URX2MH",NA,"Negative",0.0143966385832046
"gWQS",789,"URXAMC",NA,"Negative",0.0133287102512236
"gWQS",789,"URXMAD",NA,"Negative",0.0294743141461405
"gWQS",789,"URXIPM3",NA,"Negative",0.0558182128724741
"gWQS",789,"URX34M",NA,"Negative",0.0776392797454452
"gWQS",789,"URXHPM",NA,"Negative",0.119150574715121
"gWQS",789,"URXMB3",NA,"Negative",0.127615929925023
"gWQS",789,"URXAAM",NA,"Negative",0.156895200297385
"gWQS",789,"URXHP2",NA,"Negative",0.147772937345526
"gWQS",789,"URXPHG",NA,"Negative",0.207720586489729
"groupWQS",789,"URX2MH","Aromatic hydrocarbons","Combined",0.0823142117903259
"groupWQS",789,"URX34M","Aromatic hydrocarbons","Combined",0.0646700549181468
"groupWQS",789,"URXBMA","Aromatic hydrocarbons","Combined",0.0842077505566354
"groupWQS",789,"URXMAD","Aromatic hydrocarbons","Combined",0.0386056677043383
"groupWQS",789,"URXPHG","Aromatic hydrocarbons","Combined",0.73020231503056
"groupWQS",789,"URXDHB","Dienes/alkenes/epoxides","Combined",0.015086938333814
"groupWQS",789,"URXMB3","Dienes/alkenes/epoxides","Combined",0.45989556252362
"groupWQS",789,"URXIPM3","Dienes/alkenes/epoxides","Combined",0.0963168103031063
"groupWQS",789,"URXHP2","Dienes/alkenes/epoxides","Combined",0.428700688839535
"groupWQS",789,"URXAAM","Nitrile/amide/cyanide-related","Combined",0.0191850810385193
"groupWQS",789,"URXAMC","Nitrile/amide/cyanide-related","Combined",0.0747626167011917
"groupWQS",789,"URXCEM","Nitrile/amide/cyanide-related","Combined",0.475672238269656
"groupWQS",789,"URXCYM","Nitrile/amide/cyanide-related","Combined",0.172893072922474
"groupWQS",789,"URXATC","Nitrile/amide/cyanide-related","Combined",0.257486991068144
"groupWQS",789,"URXHPM","Reactive aldehydes","Combined",0.182125236017928
"groupWQS",789,"URXPMM","Reactive aldehydes","Combined",0.817874763981384
"SGL-WQS (unweighted, lambda=0)",789,"URX2MH","Aromatic hydrocarbons","Positive",0
"SGL-WQS (unweighted, lambda=0)",789,"URX34M","Aromatic hydrocarbons","Positive",0.0622608490944023
"SGL-WQS (unweighted, lambda=0)",789,"URXBMA","Aromatic hydrocarbons","Positive",0.39841536580077
"SGL-WQS (unweighted, lambda=0)",789,"URXMAD","Aromatic hydrocarbons","Positive",0.539323785104828
"SGL-WQS (unweighted, lambda=0)",789,"URXPHG","Aromatic hydrocarbons","Positive",0
"SGL-WQS (unweighted, lambda=0)",789,"URXDHB","Dienes/alkenes/epoxides","Positive",1
"SGL-WQS (unweighted, lambda=0)",789,"URXMB3","Dienes/alkenes/epoxides","Positive",0
"SGL-WQS (unweighted, lambda=0)",789,"URXIPM3","Dienes/alkenes/epoxides","Positive",0
"SGL-WQS (unweighted, lambda=0)",789,"URXHP2","Dienes/alkenes/epoxides","Positive",0
"SGL-WQS (unweighted, lambda=0)",789,"URXAAM","Nitrile/amide/cyanide-related","Positive",0
"SGL-WQS (unweighted, lambda=0)",789,"URXAMC","Nitrile/amide/cyanide-related","Positive",0.223037130516231
"SGL-WQS (unweighted, lambda=0)",789,"URXCEM","Nitrile/amide/cyanide-related","Positive",0.414578524444486
"SGL-WQS (unweighted, lambda=0)",789,"URXCYM","Nitrile/amide/cyanide-related","Positive",0.184841079380263
"SGL-WQS (unweighted, lambda=0)",789,"URXATC","Nitrile/amide/cyanide-related","Positive",0.17754326565902
"SGL-WQS (unweighted, lambda=0)",789,"URXHPM","Reactive aldehydes","Positive",0
"SGL-WQS (unweighted, lambda=0)",789,"URXPMM","Reactive aldehydes","Positive",1
"SGL-WQS (unweighted, lambda=0)",789,"URX2MH","Aromatic hydrocarbons","Negative",0.0361821135555519
"SGL-WQS (unweighted, lambda=0)",789,"URX34M","Aromatic hydrocarbons","Negative",0
"SGL-WQS (unweighted, lambda=0)",789,"URXBMA","Aromatic hydrocarbons","Negative",0
"SGL-WQS (unweighted, lambda=0)",789,"URXMAD","Aromatic hydrocarbons","Negative",0
"SGL-WQS (unweighted, lambda=0)",789,"URXPHG","Aromatic hydrocarbons","Negative",0.963817886444448
"SGL-WQS (unweighted, lambda=0)",789,"URXDHB","Dienes/alkenes/epoxides","Negative",0
"SGL-WQS (unweighted, lambda=0)",789,"URXMB3","Dienes/alkenes/epoxides","Negative",0.408805544906797
"SGL-WQS (unweighted, lambda=0)",789,"URXIPM3","Dienes/alkenes/epoxides","Negative",0.150656460415138
"SGL-WQS (unweighted, lambda=0)",789,"URXHP2","Dienes/alkenes/epoxides","Negative",0.440537994678065
"SGL-WQS (unweighted, lambda=0)",789,"URXAAM","Nitrile/amide/cyanide-related","Negative",1
"SGL-WQS (unweighted, lambda=0)",789,"URXAMC","Nitrile/amide/cyanide-related","Negative",0
"SGL-WQS (unweighted, lambda=0)",789,"URXCEM","Nitrile/amide/cyanide-related","Negative",0
"SGL-WQS (unweighted, lambda=0)",789,"URXCYM","Nitrile/amide/cyanide-related","Negative",0
"SGL-WQS (unweighted, lambda=0)",789,"URXATC","Nitrile/amide/cyanide-related","Negative",0
"SGL-WQS (unweighted, lambda=0)",789,"URXHPM","Reactive aldehydes","Negative",1
"SGL-WQS (unweighted, lambda=0)",789,"URXPMM","Reactive aldehydes","Negative",0
"SGL-WQS (unweighted, lambda.min path)",789,"URX2MH","Aromatic hydrocarbons","Positive",0
"SGL-WQS (unweighted, lambda.min path)",789,"URX34M","Aromatic hydrocarbons","Positive",0.019220722267742
"SGL-WQS (unweighted, lambda.min path)",789,"URXBMA","Aromatic hydrocarbons","Positive",0.479302809361017
"SGL-WQS (unweighted, lambda.min path)",789,"URXMAD","Aromatic hydrocarbons","Positive",0.501476468371241
"SGL-WQS (unweighted, lambda.min path)",789,"URXPHG","Aromatic hydrocarbons","Positive",0
"SGL-WQS (unweighted, lambda.min path)",789,"URXDHB","Dienes/alkenes/epoxides","Positive",1
"SGL-WQS (unweighted, lambda.min path)",789,"URXMB3","Dienes/alkenes/epoxides","Positive",0
"SGL-WQS (unweighted, lambda.min path)",789,"URXIPM3","Dienes/alkenes/epoxides","Positive",0
"SGL-WQS (unweighted, lambda.min path)",789,"URXHP2","Dienes/alkenes/epoxides","Positive",0
"SGL-WQS (unweighted, lambda.min path)",789,"URXAAM","Nitrile/amide/cyanide-related","Positive",0
"SGL-WQS (unweighted, lambda.min path)",789,"URXAMC","Nitrile/amide/cyanide-related","Positive",0.233285324012691
"SGL-WQS (unweighted, lambda.min path)",789,"URXCEM","Nitrile/amide/cyanide-related","Positive",0.419254922625956
"SGL-WQS (unweighted, lambda.min path)",789,"URXCYM","Nitrile/amide/cyanide-related","Positive",0.159197485175612
"SGL-WQS (unweighted, lambda.min path)",789,"URXATC","Nitrile/amide/cyanide-related","Positive",0.188262268185741
"SGL-WQS (unweighted, lambda.min path)",789,"URXHPM","Reactive aldehydes","Positive",0
"SGL-WQS (unweighted, lambda.min path)",789,"URXPMM","Reactive aldehydes","Positive",1
"SGL-WQS (unweighted, lambda.min path)",789,"URX2MH","Aromatic hydrocarbons","Negative",0.034733699408271
"SGL-WQS (unweighted, lambda.min path)",789,"URX34M","Aromatic hydrocarbons","Negative",0
"SGL-WQS (unweighted, lambda.min path)",789,"URXBMA","Aromatic hydrocarbons","Negative",0
"SGL-WQS (unweighted, lambda.min path)",789,"URXMAD","Aromatic hydrocarbons","Negative",0
"SGL-WQS (unweighted, lambda.min path)",789,"URXPHG","Aromatic hydrocarbons","Negative",0.965266300591729
"SGL-WQS (unweighted, lambda.min path)",789,"URXDHB","Dienes/alkenes/epoxides","Negative",0
"SGL-WQS (unweighted, lambda.min path)",789,"URXMB3","Dienes/alkenes/epoxides","Negative",0.379198545453847
"SGL-WQS (unweighted, lambda.min path)",789,"URXIPM3","Dienes/alkenes/epoxides","Negative",0.127766346559819
"SGL-WQS (unweighted, lambda.min path)",789,"URXHP2","Dienes/alkenes/epoxides","Negative",0.493035107986333
"SGL-WQS (unweighted, lambda.min path)",789,"URXAAM","Nitrile/amide/cyanide-related","Negative",1
"SGL-WQS (unweighted, lambda.min path)",789,"URXAMC","Nitrile/amide/cyanide-related","Negative",0
"SGL-WQS (unweighted, lambda.min path)",789,"URXCEM","Nitrile/amide/cyanide-related","Negative",0
"SGL-WQS (unweighted, lambda.min path)",789,"URXCYM","Nitrile/amide/cyanide-related","Negative",0
"SGL-WQS (unweighted, lambda.min path)",789,"URXATC","Nitrile/amide/cyanide-related","Negative",0
"SGL-WQS (unweighted, lambda.min path)",789,"URXHPM","Reactive aldehydes","Negative",1
"SGL-WQS (unweighted, lambda.min path)",789,"URXPMM","Reactive aldehydes","Negative",0
"SGL-WQS (survey, lambda=0)",789,"URX2MH","Aromatic hydrocarbons","Positive",0
"SGL-WQS (survey, lambda=0)",789,"URX34M","Aromatic hydrocarbons","Positive",0
"SGL-WQS (survey, lambda=0)",789,"URXBMA","Aromatic hydrocarbons","Positive",0
"SGL-WQS (survey, lambda=0)",789,"URXMAD","Aromatic hydrocarbons","Positive",0
"SGL-WQS (survey, lambda=0)",789,"URXPHG","Aromatic hydrocarbons","Positive",0
"SGL-WQS (survey, lambda=0)",789,"URXDHB","Dienes/alkenes/epoxides","Positive",0
"SGL-WQS (survey, lambda=0)",789,"URXMB3","Dienes/alkenes/epoxides","Positive",0
"SGL-WQS (survey, lambda=0)",789,"URXIPM3","Dienes/alkenes/epoxides","Positive",0
"SGL-WQS (survey, lambda=0)",789,"URXHP2","Dienes/alkenes/epoxides","Positive",0
"SGL-WQS (survey, lambda=0)",789,"URXAAM","Nitrile/amide/cyanide-related","Positive",0
"SGL-WQS (survey, lambda=0)",789,"URXAMC","Nitrile/amide/cyanide-related","Positive",0
"SGL-WQS (survey, lambda=0)",789,"URXCEM","Nitrile/amide/cyanide-related","Positive",0
"SGL-WQS (survey, lambda=0)",789,"URXCYM","Nitrile/amide/cyanide-related","Positive",0
"SGL-WQS (survey, lambda=0)",789,"URXATC","Nitrile/amide/cyanide-related","Positive",0
"SGL-WQS (survey, lambda=0)",789,"URXHPM","Reactive aldehydes","Positive",0
"SGL-WQS (survey, lambda=0)",789,"URXPMM","Reactive aldehydes","Positive",0
"SGL-WQS (survey, lambda=0)",789,"URX2MH","Aromatic hydrocarbons","Negative",0
"SGL-WQS (survey, lambda=0)",789,"URX34M","Aromatic hydrocarbons","Negative",0
"SGL-WQS (survey, lambda=0)",789,"URXBMA","Aromatic hydrocarbons","Negative",0
"SGL-WQS (survey, lambda=0)",789,"URXMAD","Aromatic hydrocarbons","Negative",0
"SGL-WQS (survey, lambda=0)",789,"URXPHG","Aromatic hydrocarbons","Negative",0
"SGL-WQS (survey, lambda=0)",789,"URXDHB","Dienes/alkenes/epoxides","Negative",0
"SGL-WQS (survey, lambda=0)",789,"URXMB3","Dienes/alkenes/epoxides","Negative",0
"SGL-WQS (survey, lambda=0)",789,"URXIPM3","Dienes/alkenes/epoxides","Negative",0
"SGL-WQS (survey, lambda=0)",789,"URXHP2","Dienes/alkenes/epoxides","Negative",0
"SGL-WQS (survey, lambda=0)",789,"URXAAM","Nitrile/amide/cyanide-related","Negative",0
"SGL-WQS (survey, lambda=0)",789,"URXAMC","Nitrile/amide/cyanide-related","Negative",0
"SGL-WQS (survey, lambda=0)",789,"URXCEM","Nitrile/amide/cyanide-related","Negative",0
"SGL-WQS (survey, lambda=0)",789,"URXCYM","Nitrile/amide/cyanide-related","Negative",0
"SGL-WQS (survey, lambda=0)",789,"URXATC","Nitrile/amide/cyanide-related","Negative",0
"SGL-WQS (survey, lambda=0)",789,"URXHPM","Reactive aldehydes","Negative",0
"SGL-WQS (survey, lambda=0)",789,"URXPMM","Reactive aldehydes","Negative",0
"SGL-WQS (survey, lambda.min path)",789,"URX2MH","Aromatic hydrocarbons","Positive",0.0616772778200268
"SGL-WQS (survey, lambda.min path)",789,"URX34M","Aromatic hydrocarbons","Positive",0.382727897201116
"SGL-WQS (survey, lambda.min path)",789,"URXBMA","Aromatic hydrocarbons","Positive",0.17741796849556
"SGL-WQS (survey, lambda.min path)",789,"URXMAD","Aromatic hydrocarbons","Positive",0.378176856483297
"SGL-WQS (survey, lambda.min path)",789,"URXPHG","Aromatic hydrocarbons","Positive",0
"SGL-WQS (survey, lambda.min path)",789,"URXDHB","Dienes/alkenes/epoxides","Positive",1
"SGL-WQS (survey, lambda.min path)",789,"URXMB3","Dienes/alkenes/epoxides","Positive",0
"SGL-WQS (survey, lambda.min path)",789,"URXIPM3","Dienes/alkenes/epoxides","Positive",0
"SGL-WQS (survey, lambda.min path)",789,"URXHP2","Dienes/alkenes/epoxides","Positive",0
"SGL-WQS (survey, lambda.min path)",789,"URXAAM","Nitrile/amide/cyanide-related","Positive",0
"SGL-WQS (survey, lambda.min path)",789,"URXAMC","Nitrile/amide/cyanide-related","Positive",0.0236627704421065
"SGL-WQS (survey, lambda.min path)",789,"URXCEM","Nitrile/amide/cyanide-related","Positive",0.67658915928086
"SGL-WQS (survey, lambda.min path)",789,"URXCYM","Nitrile/amide/cyanide-related","Positive",0
"SGL-WQS (survey, lambda.min path)",789,"URXATC","Nitrile/amide/cyanide-related","Positive",0.299748070277034
"SGL-WQS (survey, lambda.min path)",789,"URXHPM","Reactive aldehydes","Positive",0
"SGL-WQS (survey, lambda.min path)",789,"URXPMM","Reactive aldehydes","Positive",1
"SGL-WQS (survey, lambda.min path)",789,"URX2MH","Aromatic hydrocarbons","Negative",0
"SGL-WQS (survey, lambda.min path)",789,"URX34M","Aromatic hydrocarbons","Negative",0
"SGL-WQS (survey, lambda.min path)",789,"URXBMA","Aromatic hydrocarbons","Negative",0
"SGL-WQS (survey, lambda.min path)",789,"URXMAD","Aromatic hydrocarbons","Negative",0
"SGL-WQS (survey, lambda.min path)",789,"URXPHG","Aromatic hydrocarbons","Negative",1
"SGL-WQS (survey, lambda.min path)",789,"URXDHB","Dienes/alkenes/epoxides","Negative",0
"SGL-WQS (survey, lambda.min path)",789,"URXMB3","Dienes/alkenes/epoxides","Negative",0.462214995235149
"SGL-WQS (survey, lambda.min path)",789,"URXIPM3","Dienes/alkenes/epoxides","Negative",0.00762982608094297
"SGL-WQS (survey, lambda.min path)",789,"URXHP2","Dienes/alkenes/epoxides","Negative",0.530155178683908
"SGL-WQS (survey, lambda.min path)",789,"URXAAM","Nitrile/amide/cyanide-related","Negative",0.974489294595593
"SGL-WQS (survey, lambda.min path)",789,"URXAMC","Nitrile/amide/cyanide-related","Negative",0
"SGL-WQS (survey, lambda.min path)",789,"URXCEM","Nitrile/amide/cyanide-related","Negative",0
"SGL-WQS (survey, lambda.min path)",789,"URXCYM","Nitrile/amide/cyanide-related","Negative",0.0255107054044067
"SGL-WQS (survey, lambda.min path)",789,"URXATC","Nitrile/amide/cyanide-related","Negative",0
"SGL-WQS (survey, lambda.min path)",789,"URXHPM","Reactive aldehydes","Negative",1
"SGL-WQS (survey, lambda.min path)",789,"URXPMM","Reactive aldehydes","Negative",0
"gWQS",888,"URXPMM",NA,"Positive",0.214015086387791
"gWQS",888,"URXDHB",NA,"Positive",0.165627544191612
"gWQS",888,"URXMAD",NA,"Positive",0.137943355616307
"gWQS",888,"URXCEM",NA,"Positive",0.130607872742381
"gWQS",888,"URXCYM",NA,"Positive",0.0875635573341784
"gWQS",888,"URXATC",NA,"Positive",0.068368461762461
"gWQS",888,"URXBMA",NA,"Positive",0.0681571289431065
"gWQS",888,"URXAMC",NA,"Positive",0.045026452258464
"gWQS",888,"URX34M",NA,"Positive",0.0338674002446521
"gWQS",888,"URX2MH",NA,"Positive",0.0184266399878033
"gWQS",888,"URXAAM",NA,"Positive",0.00580623209492891
"gWQS",888,"URXPHG",NA,"Positive",0.00559431539269963
"gWQS",888,"URXHP2",NA,"Positive",0.00543748085114943
"gWQS",888,"URXIPM3",NA,"Positive",0.00518697550944693
"gWQS",888,"URXMB3",NA,"Positive",0.00463895435270836
"gWQS",888,"URXHPM",NA,"Positive",0.00373254233030935
"gWQS",888,"URXPMM",NA,"Negative",0.00371527386698086
"gWQS",888,"URXDHB",NA,"Negative",0.00450251292703514
"gWQS",888,"URXMAD",NA,"Negative",0.00379933887113749
"gWQS",888,"URXCEM",NA,"Negative",0.004117059635579
"gWQS",888,"URXCYM",NA,"Negative",0.00898251296812843
"gWQS",888,"URXATC",NA,"Negative",0.00738385651989059
"gWQS",888,"URXBMA",NA,"Negative",0.00799186111049803
"gWQS",888,"URXAMC",NA,"Negative",0.0174078190024841
"gWQS",888,"URX34M",NA,"Negative",0.0318505902578148
"gWQS",888,"URX2MH",NA,"Negative",0.0458443721277254
"gWQS",888,"URXAAM",NA,"Negative",0.0937632244456448
"gWQS",888,"URXPHG",NA,"Negative",0.247587487103712
"gWQS",888,"URXHP2",NA,"Negative",0.133823448381488
"gWQS",888,"URXIPM3",NA,"Negative",0.118630984111128
"gWQS",888,"URXMB3",NA,"Negative",0.141786243157473
"gWQS",888,"URXHPM",NA,"Negative",0.12881341551328
"groupWQS",888,"URX2MH","Aromatic hydrocarbons","Combined",0.16915738512583
"groupWQS",888,"URX34M","Aromatic hydrocarbons","Combined",0.106455273874939
"groupWQS",888,"URXBMA","Aromatic hydrocarbons","Combined",0.278974166966062
"groupWQS",888,"URXMAD","Aromatic hydrocarbons","Combined",0.0709018752767062
"groupWQS",888,"URXPHG","Aromatic hydrocarbons","Combined",0.374511298756458
"groupWQS",888,"URXDHB","Dienes/alkenes/epoxides","Combined",0.100134102977735
"groupWQS",888,"URXMB3","Dienes/alkenes/epoxides","Combined",0.379529592898746
"groupWQS",888,"URXIPM3","Dienes/alkenes/epoxides","Combined",0.164220097373445
"groupWQS",888,"URXHP2","Dienes/alkenes/epoxides","Combined",0.356116206750081
"groupWQS",888,"URXAAM","Nitrile/amide/cyanide-related","Combined",0.0114300026419322
"groupWQS",888,"URXAMC","Nitrile/amide/cyanide-related","Combined",0.183018067435512
"groupWQS",888,"URXCEM","Nitrile/amide/cyanide-related","Combined",0.440746125615159
"groupWQS",888,"URXCYM","Nitrile/amide/cyanide-related","Combined",0.135606016425036
"groupWQS",888,"URXATC","Nitrile/amide/cyanide-related","Combined",0.229199787882352
"groupWQS",888,"URXHPM","Reactive aldehydes","Combined",0.250054546023007
"groupWQS",888,"URXPMM","Reactive aldehydes","Combined",0.749945453976986
"SGL-WQS (unweighted, lambda=0)",888,"URX2MH","Aromatic hydrocarbons","Positive",0
"SGL-WQS (unweighted, lambda=0)",888,"URX34M","Aromatic hydrocarbons","Positive",0.0622608490944023
"SGL-WQS (unweighted, lambda=0)",888,"URXBMA","Aromatic hydrocarbons","Positive",0.39841536580077
"SGL-WQS (unweighted, lambda=0)",888,"URXMAD","Aromatic hydrocarbons","Positive",0.539323785104828
"SGL-WQS (unweighted, lambda=0)",888,"URXPHG","Aromatic hydrocarbons","Positive",0
"SGL-WQS (unweighted, lambda=0)",888,"URXDHB","Dienes/alkenes/epoxides","Positive",1
"SGL-WQS (unweighted, lambda=0)",888,"URXMB3","Dienes/alkenes/epoxides","Positive",0
"SGL-WQS (unweighted, lambda=0)",888,"URXIPM3","Dienes/alkenes/epoxides","Positive",0
"SGL-WQS (unweighted, lambda=0)",888,"URXHP2","Dienes/alkenes/epoxides","Positive",0
"SGL-WQS (unweighted, lambda=0)",888,"URXAAM","Nitrile/amide/cyanide-related","Positive",0
"SGL-WQS (unweighted, lambda=0)",888,"URXAMC","Nitrile/amide/cyanide-related","Positive",0.223037130516231
"SGL-WQS (unweighted, lambda=0)",888,"URXCEM","Nitrile/amide/cyanide-related","Positive",0.414578524444486
"SGL-WQS (unweighted, lambda=0)",888,"URXCYM","Nitrile/amide/cyanide-related","Positive",0.184841079380263
"SGL-WQS (unweighted, lambda=0)",888,"URXATC","Nitrile/amide/cyanide-related","Positive",0.17754326565902
"SGL-WQS (unweighted, lambda=0)",888,"URXHPM","Reactive aldehydes","Positive",0
"SGL-WQS (unweighted, lambda=0)",888,"URXPMM","Reactive aldehydes","Positive",1
"SGL-WQS (unweighted, lambda=0)",888,"URX2MH","Aromatic hydrocarbons","Negative",0.0361821135555519
"SGL-WQS (unweighted, lambda=0)",888,"URX34M","Aromatic hydrocarbons","Negative",0
"SGL-WQS (unweighted, lambda=0)",888,"URXBMA","Aromatic hydrocarbons","Negative",0
"SGL-WQS (unweighted, lambda=0)",888,"URXMAD","Aromatic hydrocarbons","Negative",0
"SGL-WQS (unweighted, lambda=0)",888,"URXPHG","Aromatic hydrocarbons","Negative",0.963817886444448
"SGL-WQS (unweighted, lambda=0)",888,"URXDHB","Dienes/alkenes/epoxides","Negative",0
"SGL-WQS (unweighted, lambda=0)",888,"URXMB3","Dienes/alkenes/epoxides","Negative",0.408805544906797
"SGL-WQS (unweighted, lambda=0)",888,"URXIPM3","Dienes/alkenes/epoxides","Negative",0.150656460415138
"SGL-WQS (unweighted, lambda=0)",888,"URXHP2","Dienes/alkenes/epoxides","Negative",0.440537994678065
"SGL-WQS (unweighted, lambda=0)",888,"URXAAM","Nitrile/amide/cyanide-related","Negative",1
"SGL-WQS (unweighted, lambda=0)",888,"URXAMC","Nitrile/amide/cyanide-related","Negative",0
"SGL-WQS (unweighted, lambda=0)",888,"URXCEM","Nitrile/amide/cyanide-related","Negative",0
"SGL-WQS (unweighted, lambda=0)",888,"URXCYM","Nitrile/amide/cyanide-related","Negative",0
"SGL-WQS (unweighted, lambda=0)",888,"URXATC","Nitrile/amide/cyanide-related","Negative",0
"SGL-WQS (unweighted, lambda=0)",888,"URXHPM","Reactive aldehydes","Negative",1
"SGL-WQS (unweighted, lambda=0)",888,"URXPMM","Reactive aldehydes","Negative",0
"SGL-WQS (unweighted, lambda.min path)",888,"URX2MH","Aromatic hydrocarbons","Positive",0
"SGL-WQS (unweighted, lambda.min path)",888,"URX34M","Aromatic hydrocarbons","Positive",0.0203963895382521
"SGL-WQS (unweighted, lambda.min path)",888,"URXBMA","Aromatic hydrocarbons","Positive",0.474176586706278
"SGL-WQS (unweighted, lambda.min path)",888,"URXMAD","Aromatic hydrocarbons","Positive",0.50542702375547
"SGL-WQS (unweighted, lambda.min path)",888,"URXPHG","Aromatic hydrocarbons","Positive",0
"SGL-WQS (unweighted, lambda.min path)",888,"URXDHB","Dienes/alkenes/epoxides","Positive",1
"SGL-WQS (unweighted, lambda.min path)",888,"URXMB3","Dienes/alkenes/epoxides","Positive",0
"SGL-WQS (unweighted, lambda.min path)",888,"URXIPM3","Dienes/alkenes/epoxides","Positive",0
"SGL-WQS (unweighted, lambda.min path)",888,"URXHP2","Dienes/alkenes/epoxides","Positive",0
"SGL-WQS (unweighted, lambda.min path)",888,"URXAAM","Nitrile/amide/cyanide-related","Positive",0
"SGL-WQS (unweighted, lambda.min path)",888,"URXAMC","Nitrile/amide/cyanide-related","Positive",0.233009624098495
"SGL-WQS (unweighted, lambda.min path)",888,"URXCEM","Nitrile/amide/cyanide-related","Positive",0.419613429426165
"SGL-WQS (unweighted, lambda.min path)",888,"URXCYM","Nitrile/amide/cyanide-related","Positive",0.159317623758208
"SGL-WQS (unweighted, lambda.min path)",888,"URXATC","Nitrile/amide/cyanide-related","Positive",0.188059322717132
"SGL-WQS (unweighted, lambda.min path)",888,"URXHPM","Reactive aldehydes","Positive",0
"SGL-WQS (unweighted, lambda.min path)",888,"URXPMM","Reactive aldehydes","Positive",1
"SGL-WQS (unweighted, lambda.min path)",888,"URX2MH","Aromatic hydrocarbons","Negative",0.0354205733956326
"SGL-WQS (unweighted, lambda.min path)",888,"URX34M","Aromatic hydrocarbons","Negative",0
"SGL-WQS (unweighted, lambda.min path)",888,"URXBMA","Aromatic hydrocarbons","Negative",0
"SGL-WQS (unweighted, lambda.min path)",888,"URXMAD","Aromatic hydrocarbons","Negative",0
"SGL-WQS (unweighted, lambda.min path)",888,"URXPHG","Aromatic hydrocarbons","Negative",0.964579426604367
"SGL-WQS (unweighted, lambda.min path)",888,"URXDHB","Dienes/alkenes/epoxides","Negative",0
"SGL-WQS (unweighted, lambda.min path)",888,"URXMB3","Dienes/alkenes/epoxides","Negative",0.379846624731321
"SGL-WQS (unweighted, lambda.min path)",888,"URXIPM3","Dienes/alkenes/epoxides","Negative",0.128517741277412
"SGL-WQS (unweighted, lambda.min path)",888,"URXHP2","Dienes/alkenes/epoxides","Negative",0.491635633991266
"SGL-WQS (unweighted, lambda.min path)",888,"URXAAM","Nitrile/amide/cyanide-related","Negative",1
"SGL-WQS (unweighted, lambda.min path)",888,"URXAMC","Nitrile/amide/cyanide-related","Negative",0
"SGL-WQS (unweighted, lambda.min path)",888,"URXCEM","Nitrile/amide/cyanide-related","Negative",0
"SGL-WQS (unweighted, lambda.min path)",888,"URXCYM","Nitrile/amide/cyanide-related","Negative",0
"SGL-WQS (unweighted, lambda.min path)",888,"URXATC","Nitrile/amide/cyanide-related","Negative",0
"SGL-WQS (unweighted, lambda.min path)",888,"URXHPM","Reactive aldehydes","Negative",1
"SGL-WQS (unweighted, lambda.min path)",888,"URXPMM","Reactive aldehydes","Negative",0
"SGL-WQS (survey, lambda=0)",888,"URX2MH","Aromatic hydrocarbons","Positive",0
"SGL-WQS (survey, lambda=0)",888,"URX34M","Aromatic hydrocarbons","Positive",0
"SGL-WQS (survey, lambda=0)",888,"URXBMA","Aromatic hydrocarbons","Positive",0
"SGL-WQS (survey, lambda=0)",888,"URXMAD","Aromatic hydrocarbons","Positive",0
"SGL-WQS (survey, lambda=0)",888,"URXPHG","Aromatic hydrocarbons","Positive",0
"SGL-WQS (survey, lambda=0)",888,"URXDHB","Dienes/alkenes/epoxides","Positive",0
"SGL-WQS (survey, lambda=0)",888,"URXMB3","Dienes/alkenes/epoxides","Positive",0
"SGL-WQS (survey, lambda=0)",888,"URXIPM3","Dienes/alkenes/epoxides","Positive",0
"SGL-WQS (survey, lambda=0)",888,"URXHP2","Dienes/alkenes/epoxides","Positive",0
"SGL-WQS (survey, lambda=0)",888,"URXAAM","Nitrile/amide/cyanide-related","Positive",0
"SGL-WQS (survey, lambda=0)",888,"URXAMC","Nitrile/amide/cyanide-related","Positive",0
"SGL-WQS (survey, lambda=0)",888,"URXCEM","Nitrile/amide/cyanide-related","Positive",0
"SGL-WQS (survey, lambda=0)",888,"URXCYM","Nitrile/amide/cyanide-related","Positive",0
"SGL-WQS (survey, lambda=0)",888,"URXATC","Nitrile/amide/cyanide-related","Positive",0
"SGL-WQS (survey, lambda=0)",888,"URXHPM","Reactive aldehydes","Positive",0
"SGL-WQS (survey, lambda=0)",888,"URXPMM","Reactive aldehydes","Positive",0
"SGL-WQS (survey, lambda=0)",888,"URX2MH","Aromatic hydrocarbons","Negative",0
"SGL-WQS (survey, lambda=0)",888,"URX34M","Aromatic hydrocarbons","Negative",0
"SGL-WQS (survey, lambda=0)",888,"URXBMA","Aromatic hydrocarbons","Negative",0
"SGL-WQS (survey, lambda=0)",888,"URXMAD","Aromatic hydrocarbons","Negative",0
"SGL-WQS (survey, lambda=0)",888,"URXPHG","Aromatic hydrocarbons","Negative",0
"SGL-WQS (survey, lambda=0)",888,"URXDHB","Dienes/alkenes/epoxides","Negative",0
"SGL-WQS (survey, lambda=0)",888,"URXMB3","Dienes/alkenes/epoxides","Negative",0
"SGL-WQS (survey, lambda=0)",888,"URXIPM3","Dienes/alkenes/epoxides","Negative",0
"SGL-WQS (survey, lambda=0)",888,"URXHP2","Dienes/alkenes/epoxides","Negative",0
"SGL-WQS (survey, lambda=0)",888,"URXAAM","Nitrile/amide/cyanide-related","Negative",0
"SGL-WQS (survey, lambda=0)",888,"URXAMC","Nitrile/amide/cyanide-related","Negative",0
"SGL-WQS (survey, lambda=0)",888,"URXCEM","Nitrile/amide/cyanide-related","Negative",0
"SGL-WQS (survey, lambda=0)",888,"URXCYM","Nitrile/amide/cyanide-related","Negative",0
"SGL-WQS (survey, lambda=0)",888,"URXATC","Nitrile/amide/cyanide-related","Negative",0
"SGL-WQS (survey, lambda=0)",888,"URXHPM","Reactive aldehydes","Negative",0
"SGL-WQS (survey, lambda=0)",888,"URXPMM","Reactive aldehydes","Negative",0
"SGL-WQS (survey, lambda.min path)",888,"URX2MH","Aromatic hydrocarbons","Positive",0.0616772778200268
"SGL-WQS (survey, lambda.min path)",888,"URX34M","Aromatic hydrocarbons","Positive",0.382727897201116
"SGL-WQS (survey, lambda.min path)",888,"URXBMA","Aromatic hydrocarbons","Positive",0.17741796849556
"SGL-WQS (survey, lambda.min path)",888,"URXMAD","Aromatic hydrocarbons","Positive",0.378176856483297
"SGL-WQS (survey, lambda.min path)",888,"URXPHG","Aromatic hydrocarbons","Positive",0
"SGL-WQS (survey, lambda.min path)",888,"URXDHB","Dienes/alkenes/epoxides","Positive",1
"SGL-WQS (survey, lambda.min path)",888,"URXMB3","Dienes/alkenes/epoxides","Positive",0
"SGL-WQS (survey, lambda.min path)",888,"URXIPM3","Dienes/alkenes/epoxides","Positive",0
"SGL-WQS (survey, lambda.min path)",888,"URXHP2","Dienes/alkenes/epoxides","Positive",0
"SGL-WQS (survey, lambda.min path)",888,"URXAAM","Nitrile/amide/cyanide-related","Positive",0
"SGL-WQS (survey, lambda.min path)",888,"URXAMC","Nitrile/amide/cyanide-related","Positive",0.0236627704421065
"SGL-WQS (survey, lambda.min path)",888,"URXCEM","Nitrile/amide/cyanide-related","Positive",0.67658915928086
"SGL-WQS (survey, lambda.min path)",888,"URXCYM","Nitrile/amide/cyanide-related","Positive",0
"SGL-WQS (survey, lambda.min path)",888,"URXATC","Nitrile/amide/cyanide-related","Positive",0.299748070277034
"SGL-WQS (survey, lambda.min path)",888,"URXHPM","Reactive aldehydes","Positive",0
"SGL-WQS (survey, lambda.min path)",888,"URXPMM","Reactive aldehydes","Positive",1
"SGL-WQS (survey, lambda.min path)",888,"URX2MH","Aromatic hydrocarbons","Negative",0
"SGL-WQS (survey, lambda.min path)",888,"URX34M","Aromatic hydrocarbons","Negative",0
"SGL-WQS (survey, lambda.min path)",888,"URXBMA","Aromatic hydrocarbons","Negative",0
"SGL-WQS (survey, lambda.min path)",888,"URXMAD","Aromatic hydrocarbons","Negative",0
"SGL-WQS (survey, lambda.min path)",888,"URXPHG","Aromatic hydrocarbons","Negative",1
"SGL-WQS (survey, lambda.min path)",888,"URXDHB","Dienes/alkenes/epoxides","Negative",0
"SGL-WQS (survey, lambda.min path)",888,"URXMB3","Dienes/alkenes/epoxides","Negative",0.462214995235149
"SGL-WQS (survey, lambda.min path)",888,"URXIPM3","Dienes/alkenes/epoxides","Negative",0.00762982608094297
"SGL-WQS (survey, lambda.min path)",888,"URXHP2","Dienes/alkenes/epoxides","Negative",0.530155178683908
"SGL-WQS (survey, lambda.min path)",888,"URXAAM","Nitrile/amide/cyanide-related","Negative",0.974489294595593
"SGL-WQS (survey, lambda.min path)",888,"URXAMC","Nitrile/amide/cyanide-related","Negative",0
"SGL-WQS (survey, lambda.min path)",888,"URXCEM","Nitrile/amide/cyanide-related","Negative",0
"SGL-WQS (survey, lambda.min path)",888,"URXCYM","Nitrile/amide/cyanide-related","Negative",0.0255107054044067
"SGL-WQS (survey, lambda.min path)",888,"URXATC","Nitrile/amide/cyanide-related","Negative",0
"SGL-WQS (survey, lambda.min path)",888,"URXHPM","Reactive aldehydes","Negative",1
"SGL-WQS (survey, lambda.min path)",888,"URXPMM","Reactive aldehydes","Negative",0
"gWQS",999,"URXMAD",NA,"Positive",0.212978849049085
"gWQS",999,"URXCEM",NA,"Positive",0.134123595736737
"gWQS",999,"URXPMM",NA,"Positive",0.123264958434168
"gWQS",999,"URXDHB",NA,"Positive",0.11968548390883
"gWQS",999,"URXAMC",NA,"Positive",0.0926845831018605
"gWQS",999,"URXCYM",NA,"Positive",0.0919106220615058
"gWQS",999,"URXATC",NA,"Positive",0.0739881539559835
"gWQS",999,"URX34M",NA,"Positive",0.058773267143631
"gWQS",999,"URXBMA",NA,"Positive",0.0438004946851922
"gWQS",999,"URXIPM3",NA,"Positive",0.0164030321406769
"gWQS",999,"URX2MH",NA,"Positive",0.00846862097606942
"gWQS",999,"URXMB3",NA,"Positive",0.00638031293905996
"gWQS",999,"URXPHG",NA,"Positive",0.00523554870174159
"gWQS",999,"URXAAM",NA,"Positive",0.00430077723073451
"gWQS",999,"URXHP2",NA,"Positive",0.00418006159736142
"gWQS",999,"URXHPM",NA,"Positive",0.00382163833736381
"gWQS",999,"URXMAD",NA,"Negative",0.0042985133014647
"gWQS",999,"URXCEM",NA,"Negative",0.00398395682291706
"gWQS",999,"URXPMM",NA,"Negative",0.00329847290004523
"gWQS",999,"URXDHB",NA,"Negative",0.00409508225084665
"gWQS",999,"URXAMC",NA,"Negative",0.00512701023438395
"gWQS",999,"URXCYM",NA,"Negative",0.00472626719269238
"gWQS",999,"URXATC",NA,"Negative",0.00512346128216053
"gWQS",999,"URX34M",NA,"Negative",0.0122542152086982
"gWQS",999,"URXBMA",NA,"Negative",0.00683527499795163
"gWQS",999,"URXIPM3",NA,"Negative",0.0435448028581946
"gWQS",999,"URX2MH",NA,"Negative",0.0667200537735544
"gWQS",999,"URXMB3",NA,"Negative",0.0984624570376067
"gWQS",999,"URXPHG",NA,"Negative",0.325129826547097
"gWQS",999,"URXAAM",NA,"Negative",0.13768285509126
"gWQS",999,"URXHP2",NA,"Negative",0.126767628657578
"gWQS",999,"URXHPM",NA,"Negative",0.151950121843549
"groupWQS",999,"URX2MH","Aromatic hydrocarbons","Combined",0.0862080106576283
"groupWQS",999,"URX34M","Aromatic hydrocarbons","Combined",0.108626306265273
"groupWQS",999,"URXBMA","Aromatic hydrocarbons","Combined",0.129438215087049
"groupWQS",999,"URXMAD","Aromatic hydrocarbons","Combined",0.110324037957252
"groupWQS",999,"URXPHG","Aromatic hydrocarbons","Combined",0.565403430032824
"groupWQS",999,"URXDHB","Dienes/alkenes/epoxides","Combined",0.0212827109422741
"groupWQS",999,"URXMB3","Dienes/alkenes/epoxides","Combined",0.231243056784003
"groupWQS",999,"URXIPM3","Dienes/alkenes/epoxides","Combined",0.126647761679933
"groupWQS",999,"URXHP2","Dienes/alkenes/epoxides","Combined",0.620826470593852
"groupWQS",999,"URXAAM","Nitrile/amide/cyanide-related","Combined",0.0296854037470494
"groupWQS",999,"URXAMC","Nitrile/amide/cyanide-related","Combined",0.202896972820983
"groupWQS",999,"URXCEM","Nitrile/amide/cyanide-related","Combined",0.466915088523026
"groupWQS",999,"URXCYM","Nitrile/amide/cyanide-related","Combined",0.146351529253458
"groupWQS",999,"URXATC","Nitrile/amide/cyanide-related","Combined",0.154151005655493
"groupWQS",999,"URXHPM","Reactive aldehydes","Combined",0.54826060866105
"groupWQS",999,"URXPMM","Reactive aldehydes","Combined",0.451739391338936
"SGL-WQS (unweighted, lambda=0)",999,"URX2MH","Aromatic hydrocarbons","Positive",0
"SGL-WQS (unweighted, lambda=0)",999,"URX34M","Aromatic hydrocarbons","Positive",0.0622608490944023
"SGL-WQS (unweighted, lambda=0)",999,"URXBMA","Aromatic hydrocarbons","Positive",0.39841536580077
"SGL-WQS (unweighted, lambda=0)",999,"URXMAD","Aromatic hydrocarbons","Positive",0.539323785104828
"SGL-WQS (unweighted, lambda=0)",999,"URXPHG","Aromatic hydrocarbons","Positive",0
"SGL-WQS (unweighted, lambda=0)",999,"URXDHB","Dienes/alkenes/epoxides","Positive",1
"SGL-WQS (unweighted, lambda=0)",999,"URXMB3","Dienes/alkenes/epoxides","Positive",0
"SGL-WQS (unweighted, lambda=0)",999,"URXIPM3","Dienes/alkenes/epoxides","Positive",0
"SGL-WQS (unweighted, lambda=0)",999,"URXHP2","Dienes/alkenes/epoxides","Positive",0
"SGL-WQS (unweighted, lambda=0)",999,"URXAAM","Nitrile/amide/cyanide-related","Positive",0
"SGL-WQS (unweighted, lambda=0)",999,"URXAMC","Nitrile/amide/cyanide-related","Positive",0.223037130516231
"SGL-WQS (unweighted, lambda=0)",999,"URXCEM","Nitrile/amide/cyanide-related","Positive",0.414578524444486
"SGL-WQS (unweighted, lambda=0)",999,"URXCYM","Nitrile/amide/cyanide-related","Positive",0.184841079380263
"SGL-WQS (unweighted, lambda=0)",999,"URXATC","Nitrile/amide/cyanide-related","Positive",0.17754326565902
"SGL-WQS (unweighted, lambda=0)",999,"URXHPM","Reactive aldehydes","Positive",0
"SGL-WQS (unweighted, lambda=0)",999,"URXPMM","Reactive aldehydes","Positive",1
"SGL-WQS (unweighted, lambda=0)",999,"URX2MH","Aromatic hydrocarbons","Negative",0.0361821135555519
"SGL-WQS (unweighted, lambda=0)",999,"URX34M","Aromatic hydrocarbons","Negative",0
"SGL-WQS (unweighted, lambda=0)",999,"URXBMA","Aromatic hydrocarbons","Negative",0
"SGL-WQS (unweighted, lambda=0)",999,"URXMAD","Aromatic hydrocarbons","Negative",0
"SGL-WQS (unweighted, lambda=0)",999,"URXPHG","Aromatic hydrocarbons","Negative",0.963817886444448
"SGL-WQS (unweighted, lambda=0)",999,"URXDHB","Dienes/alkenes/epoxides","Negative",0
"SGL-WQS (unweighted, lambda=0)",999,"URXMB3","Dienes/alkenes/epoxides","Negative",0.408805544906797
"SGL-WQS (unweighted, lambda=0)",999,"URXIPM3","Dienes/alkenes/epoxides","Negative",0.150656460415138
"SGL-WQS (unweighted, lambda=0)",999,"URXHP2","Dienes/alkenes/epoxides","Negative",0.440537994678065
"SGL-WQS (unweighted, lambda=0)",999,"URXAAM","Nitrile/amide/cyanide-related","Negative",1
"SGL-WQS (unweighted, lambda=0)",999,"URXAMC","Nitrile/amide/cyanide-related","Negative",0
"SGL-WQS (unweighted, lambda=0)",999,"URXCEM","Nitrile/amide/cyanide-related","Negative",0
"SGL-WQS (unweighted, lambda=0)",999,"URXCYM","Nitrile/amide/cyanide-related","Negative",0
"SGL-WQS (unweighted, lambda=0)",999,"URXATC","Nitrile/amide/cyanide-related","Negative",0
"SGL-WQS (unweighted, lambda=0)",999,"URXHPM","Reactive aldehydes","Negative",1
"SGL-WQS (unweighted, lambda=0)",999,"URXPMM","Reactive aldehydes","Negative",0
"SGL-WQS (unweighted, lambda.min path)",999,"URX2MH","Aromatic hydrocarbons","Positive",0
"SGL-WQS (unweighted, lambda.min path)",999,"URX34M","Aromatic hydrocarbons","Positive",0.0347333124329493
"SGL-WQS (unweighted, lambda.min path)",999,"URXBMA","Aromatic hydrocarbons","Positive",0.437616500235783
"SGL-WQS (unweighted, lambda.min path)",999,"URXMAD","Aromatic hydrocarbons","Positive",0.527650187331268
"SGL-WQS (unweighted, lambda.min path)",999,"URXPHG","Aromatic hydrocarbons","Positive",0
"SGL-WQS (unweighted, lambda.min path)",999,"URXDHB","Dienes/alkenes/epoxides","Positive",1
"SGL-WQS (unweighted, lambda.min path)",999,"URXMB3","Dienes/alkenes/epoxides","Positive",0
"SGL-WQS (unweighted, lambda.min path)",999,"URXIPM3","Dienes/alkenes/epoxides","Positive",0
"SGL-WQS (unweighted, lambda.min path)",999,"URXHP2","Dienes/alkenes/epoxides","Positive",0
"SGL-WQS (unweighted, lambda.min path)",999,"URXAAM","Nitrile/amide/cyanide-related","Positive",0
"SGL-WQS (unweighted, lambda.min path)",999,"URXAMC","Nitrile/amide/cyanide-related","Positive",0.230534158668278
"SGL-WQS (unweighted, lambda.min path)",999,"URXCEM","Nitrile/amide/cyanide-related","Positive",0.421098253534386
"SGL-WQS (unweighted, lambda.min path)",999,"URXCYM","Nitrile/amide/cyanide-related","Positive",0.162711814322194
"SGL-WQS (unweighted, lambda.min path)",999,"URXATC","Nitrile/amide/cyanide-related","Positive",0.185655773475142
"SGL-WQS (unweighted, lambda.min path)",999,"URXHPM","Reactive aldehydes","Positive",0
"SGL-WQS (unweighted, lambda.min path)",999,"URXPMM","Reactive aldehydes","Positive",1
"SGL-WQS (unweighted, lambda.min path)",999,"URX2MH","Aromatic hydrocarbons","Negative",0.0368039510091454
"SGL-WQS (unweighted, lambda.min path)",999,"URX34M","Aromatic hydrocarbons","Negative",0
"SGL-WQS (unweighted, lambda.min path)",999,"URXBMA","Aromatic hydrocarbons","Negative",0
"SGL-WQS (unweighted, lambda.min path)",999,"URXMAD","Aromatic hydrocarbons","Negative",0
"SGL-WQS (unweighted, lambda.min path)",999,"URXPHG","Aromatic hydrocarbons","Negative",0.963196048990855
"SGL-WQS (unweighted, lambda.min path)",999,"URXDHB","Dienes/alkenes/epoxides","Negative",0
"SGL-WQS (unweighted, lambda.min path)",999,"URXMB3","Dienes/alkenes/epoxides","Negative",0.386269358797892
"SGL-WQS (unweighted, lambda.min path)",999,"URXIPM3","Dienes/alkenes/epoxides","Negative",0.134736247425325
"SGL-WQS (unweighted, lambda.min path)",999,"URXHP2","Dienes/alkenes/epoxides","Negative",0.478994393776782
"SGL-WQS (unweighted, lambda.min path)",999,"URXAAM","Nitrile/amide/cyanide-related","Negative",1
"SGL-WQS (unweighted, lambda.min path)",999,"URXAMC","Nitrile/amide/cyanide-related","Negative",0
"SGL-WQS (unweighted, lambda.min path)",999,"URXCEM","Nitrile/amide/cyanide-related","Negative",0
"SGL-WQS (unweighted, lambda.min path)",999,"URXCYM","Nitrile/amide/cyanide-related","Negative",0
"SGL-WQS (unweighted, lambda.min path)",999,"URXATC","Nitrile/amide/cyanide-related","Negative",0
"SGL-WQS (unweighted, lambda.min path)",999,"URXHPM","Reactive aldehydes","Negative",1
"SGL-WQS (unweighted, lambda.min path)",999,"URXPMM","Reactive aldehydes","Negative",0
"SGL-WQS (survey, lambda=0)",999,"URX2MH","Aromatic hydrocarbons","Positive",0
"SGL-WQS (survey, lambda=0)",999,"URX34M","Aromatic hydrocarbons","Positive",0
"SGL-WQS (survey, lambda=0)",999,"URXBMA","Aromatic hydrocarbons","Positive",0
"SGL-WQS (survey, lambda=0)",999,"URXMAD","Aromatic hydrocarbons","Positive",0
"SGL-WQS (survey, lambda=0)",999,"URXPHG","Aromatic hydrocarbons","Positive",0
"SGL-WQS (survey, lambda=0)",999,"URXDHB","Dienes/alkenes/epoxides","Positive",0
"SGL-WQS (survey, lambda=0)",999,"URXMB3","Dienes/alkenes/epoxides","Positive",0
"SGL-WQS (survey, lambda=0)",999,"URXIPM3","Dienes/alkenes/epoxides","Positive",0
"SGL-WQS (survey, lambda=0)",999,"URXHP2","Dienes/alkenes/epoxides","Positive",0
"SGL-WQS (survey, lambda=0)",999,"URXAAM","Nitrile/amide/cyanide-related","Positive",0
"SGL-WQS (survey, lambda=0)",999,"URXAMC","Nitrile/amide/cyanide-related","Positive",0
"SGL-WQS (survey, lambda=0)",999,"URXCEM","Nitrile/amide/cyanide-related","Positive",0
"SGL-WQS (survey, lambda=0)",999,"URXCYM","Nitrile/amide/cyanide-related","Positive",0
"SGL-WQS (survey, lambda=0)",999,"URXATC","Nitrile/amide/cyanide-related","Positive",0
"SGL-WQS (survey, lambda=0)",999,"URXHPM","Reactive aldehydes","Positive",0
"SGL-WQS (survey, lambda=0)",999,"URXPMM","Reactive aldehydes","Positive",0
"SGL-WQS (survey, lambda=0)",999,"URX2MH","Aromatic hydrocarbons","Negative",0
"SGL-WQS (survey, lambda=0)",999,"URX34M","Aromatic hydrocarbons","Negative",0
"SGL-WQS (survey, lambda=0)",999,"URXBMA","Aromatic hydrocarbons","Negative",0
"SGL-WQS (survey, lambda=0)",999,"URXMAD","Aromatic hydrocarbons","Negative",0
"SGL-WQS (survey, lambda=0)",999,"URXPHG","Aromatic hydrocarbons","Negative",0
"SGL-WQS (survey, lambda=0)",999,"URXDHB","Dienes/alkenes/epoxides","Negative",0
"SGL-WQS (survey, lambda=0)",999,"URXMB3","Dienes/alkenes/epoxides","Negative",0
"SGL-WQS (survey, lambda=0)",999,"URXIPM3","Dienes/alkenes/epoxides","Negative",0
"SGL-WQS (survey, lambda=0)",999,"URXHP2","Dienes/alkenes/epoxides","Negative",0
"SGL-WQS (survey, lambda=0)",999,"URXAAM","Nitrile/amide/cyanide-related","Negative",0
"SGL-WQS (survey, lambda=0)",999,"URXAMC","Nitrile/amide/cyanide-related","Negative",0
"SGL-WQS (survey, lambda=0)",999,"URXCEM","Nitrile/amide/cyanide-related","Negative",0
"SGL-WQS (survey, lambda=0)",999,"URXCYM","Nitrile/amide/cyanide-related","Negative",0
"SGL-WQS (survey, lambda=0)",999,"URXATC","Nitrile/amide/cyanide-related","Negative",0
"SGL-WQS (survey, lambda=0)",999,"URXHPM","Reactive aldehydes","Negative",0
"SGL-WQS (survey, lambda=0)",999,"URXPMM","Reactive aldehydes","Negative",0
"SGL-WQS (survey, lambda.min path)",999,"URX2MH","Aromatic hydrocarbons","Positive",0.0616772778200268
"SGL-WQS (survey, lambda.min path)",999,"URX34M","Aromatic hydrocarbons","Positive",0.382727897201116
"SGL-WQS (survey, lambda.min path)",999,"URXBMA","Aromatic hydrocarbons","Positive",0.17741796849556
"SGL-WQS (survey, lambda.min path)",999,"URXMAD","Aromatic hydrocarbons","Positive",0.378176856483297
"SGL-WQS (survey, lambda.min path)",999,"URXPHG","Aromatic hydrocarbons","Positive",0
"SGL-WQS (survey, lambda.min path)",999,"URXDHB","Dienes/alkenes/epoxides","Positive",1
"SGL-WQS (survey, lambda.min path)",999,"URXMB3","Dienes/alkenes/epoxides","Positive",0
"SGL-WQS (survey, lambda.min path)",999,"URXIPM3","Dienes/alkenes/epoxides","Positive",0
"SGL-WQS (survey, lambda.min path)",999,"URXHP2","Dienes/alkenes/epoxides","Positive",0
"SGL-WQS (survey, lambda.min path)",999,"URXAAM","Nitrile/amide/cyanide-related","Positive",0
"SGL-WQS (survey, lambda.min path)",999,"URXAMC","Nitrile/amide/cyanide-related","Positive",0.0236627704421065
"SGL-WQS (survey, lambda.min path)",999,"URXCEM","Nitrile/amide/cyanide-related","Positive",0.67658915928086
"SGL-WQS (survey, lambda.min path)",999,"URXCYM","Nitrile/amide/cyanide-related","Positive",0
"SGL-WQS (survey, lambda.min path)",999,"URXATC","Nitrile/amide/cyanide-related","Positive",0.299748070277034
"SGL-WQS (survey, lambda.min path)",999,"URXHPM","Reactive aldehydes","Positive",0
"SGL-WQS (survey, lambda.min path)",999,"URXPMM","Reactive aldehydes","Positive",1
"SGL-WQS (survey, lambda.min path)",999,"URX2MH","Aromatic hydrocarbons","Negative",0
"SGL-WQS (survey, lambda.min path)",999,"URX34M","Aromatic hydrocarbons","Negative",0
"SGL-WQS (survey, lambda.min path)",999,"URXBMA","Aromatic hydrocarbons","Negative",0
"SGL-WQS (survey, lambda.min path)",999,"URXMAD","Aromatic hydrocarbons","Negative",0
"SGL-WQS (survey, lambda.min path)",999,"URXPHG","Aromatic hydrocarbons","Negative",1
"SGL-WQS (survey, lambda.min path)",999,"URXDHB","Dienes/alkenes/epoxides","Negative",0
"SGL-WQS (survey, lambda.min path)",999,"URXMB3","Dienes/alkenes/epoxides","Negative",0.462214995235149
"SGL-WQS (survey, lambda.min path)",999,"URXIPM3","Dienes/alkenes/epoxides","Negative",0.00762982608094297
"SGL-WQS (survey, lambda.min path)",999,"URXHP2","Dienes/alkenes/epoxides","Negative",0.530155178683908
"SGL-WQS (survey, lambda.min path)",999,"URXAAM","Nitrile/amide/cyanide-related","Negative",0.974489294595593
"SGL-WQS (survey, lambda.min path)",999,"URXAMC","Nitrile/amide/cyanide-related","Negative",0
"SGL-WQS (survey, lambda.min path)",999,"URXCEM","Nitrile/amide/cyanide-related","Negative",0
"SGL-WQS (survey, lambda.min path)",999,"URXCYM","Nitrile/amide/cyanide-related","Negative",0.0255107054044067
"SGL-WQS (survey, lambda.min path)",999,"URXATC","Nitrile/amide/cyanide-related","Negative",0
"SGL-WQS (survey, lambda.min path)",999,"URXHPM","Reactive aldehydes","Negative",1
"SGL-WQS (survey, lambda.min path)",999,"URXPMM","Reactive aldehydes","Negative",0
"gWQS",1001,"URXCEM",NA,"Positive",0.23406720964951
"gWQS",1001,"URXPMM",NA,"Positive",0.210366439718914
"gWQS",1001,"URXATC",NA,"Positive",0.153956623602655
"gWQS",1001,"URXAMC",NA,"Positive",0.0845982212933014
"gWQS",1001,"URXMAD",NA,"Positive",0.0720920138983409
"gWQS",1001,"URXCYM",NA,"Positive",0.0631835703083286
"gWQS",1001,"URXDHB",NA,"Positive",0.0625916750966013
"gWQS",1001,"URXBMA",NA,"Positive",0.0394290386582911
"gWQS",1001,"URX2MH",NA,"Positive",0.0331288250266951
"gWQS",1001,"URX34M",NA,"Positive",0.0191266536369373
"gWQS",1001,"URXMB3",NA,"Positive",0.00902508018912265
"gWQS",1001,"URXHPM",NA,"Positive",0.00477772798786224
"gWQS",1001,"URXHP2",NA,"Positive",0.00384406004988272
"gWQS",1001,"URXIPM3",NA,"Positive",0.00343344690836057
"gWQS",1001,"URXPHG",NA,"Positive",0.00324037614098981
"gWQS",1001,"URXAAM",NA,"Positive",0.00313903783420873
"gWQS",1001,"URXCEM",NA,"Negative",0.00613995652512908
"gWQS",1001,"URXPMM",NA,"Negative",0.00340178744677936
"gWQS",1001,"URXATC",NA,"Negative",0.00554184939081665
"gWQS",1001,"URXAMC",NA,"Negative",0.0072149890206298
"gWQS",1001,"URXMAD",NA,"Negative",0.0094613920566246
"gWQS",1001,"URXCYM",NA,"Negative",0.00926143691650644
"gWQS",1001,"URXDHB",NA,"Negative",0.0142449442817925
"gWQS",1001,"URXBMA",NA,"Negative",0.0140340130489083
"gWQS",1001,"URX2MH",NA,"Negative",0.023068021819676
"gWQS",1001,"URX34M",NA,"Negative",0.0497776580477454
"gWQS",1001,"URXMB3",NA,"Negative",0.0899821199679452
"gWQS",1001,"URXHPM",NA,"Negative",0.125470863734321
"gWQS",1001,"URXHP2",NA,"Negative",0.162058608105089
"gWQS",1001,"URXIPM3",NA,"Negative",0.146209796560629
"gWQS",1001,"URXPHG",NA,"Negative",0.215808778668409
"gWQS",1001,"URXAAM",NA,"Negative",0.118323784408999
"groupWQS",1001,"URX2MH","Aromatic hydrocarbons","Combined",0.12766419262534
"groupWQS",1001,"URX34M","Aromatic hydrocarbons","Combined",0.13949247432585
"groupWQS",1001,"URXBMA","Aromatic hydrocarbons","Combined",0.104548702115656
"groupWQS",1001,"URXMAD","Aromatic hydrocarbons","Combined",0.0557961226139018
"groupWQS",1001,"URXPHG","Aromatic hydrocarbons","Combined",0.572498508319219
"groupWQS",1001,"URXDHB","Dienes/alkenes/epoxides","Combined",0.0192766517609568
"groupWQS",1001,"URXMB3","Dienes/alkenes/epoxides","Combined",0.440684378565654
"groupWQS",1001,"URXIPM3","Dienes/alkenes/epoxides","Combined",0.184364720072011
"groupWQS",1001,"URXHP2","Dienes/alkenes/epoxides","Combined",0.355674249601379
"groupWQS",1001,"URXAAM","Nitrile/amide/cyanide-related","Combined",0.0161394407169419
"groupWQS",1001,"URXAMC","Nitrile/amide/cyanide-related","Combined",0.183010477900264
"groupWQS",1001,"URXCEM","Nitrile/amide/cyanide-related","Combined",0.405624538821117
"groupWQS",1001,"URXCYM","Nitrile/amide/cyanide-related","Combined",0.214019798833148
"groupWQS",1001,"URXATC","Nitrile/amide/cyanide-related","Combined",0.181205743728554
"groupWQS",1001,"URXHPM","Reactive aldehydes","Combined",0.173922348278057
"groupWQS",1001,"URXPMM","Reactive aldehydes","Combined",0.82607765172192
"SGL-WQS (unweighted, lambda=0)",1001,"URX2MH","Aromatic hydrocarbons","Positive",0
"SGL-WQS (unweighted, lambda=0)",1001,"URX34M","Aromatic hydrocarbons","Positive",0.0622608490944023
"SGL-WQS (unweighted, lambda=0)",1001,"URXBMA","Aromatic hydrocarbons","Positive",0.39841536580077
"SGL-WQS (unweighted, lambda=0)",1001,"URXMAD","Aromatic hydrocarbons","Positive",0.539323785104828
"SGL-WQS (unweighted, lambda=0)",1001,"URXPHG","Aromatic hydrocarbons","Positive",0
"SGL-WQS (unweighted, lambda=0)",1001,"URXDHB","Dienes/alkenes/epoxides","Positive",1
"SGL-WQS (unweighted, lambda=0)",1001,"URXMB3","Dienes/alkenes/epoxides","Positive",0
"SGL-WQS (unweighted, lambda=0)",1001,"URXIPM3","Dienes/alkenes/epoxides","Positive",0
"SGL-WQS (unweighted, lambda=0)",1001,"URXHP2","Dienes/alkenes/epoxides","Positive",0
"SGL-WQS (unweighted, lambda=0)",1001,"URXAAM","Nitrile/amide/cyanide-related","Positive",0
"SGL-WQS (unweighted, lambda=0)",1001,"URXAMC","Nitrile/amide/cyanide-related","Positive",0.223037130516231
"SGL-WQS (unweighted, lambda=0)",1001,"URXCEM","Nitrile/amide/cyanide-related","Positive",0.414578524444486
"SGL-WQS (unweighted, lambda=0)",1001,"URXCYM","Nitrile/amide/cyanide-related","Positive",0.184841079380263
"SGL-WQS (unweighted, lambda=0)",1001,"URXATC","Nitrile/amide/cyanide-related","Positive",0.17754326565902
"SGL-WQS (unweighted, lambda=0)",1001,"URXHPM","Reactive aldehydes","Positive",0
"SGL-WQS (unweighted, lambda=0)",1001,"URXPMM","Reactive aldehydes","Positive",1
"SGL-WQS (unweighted, lambda=0)",1001,"URX2MH","Aromatic hydrocarbons","Negative",0.0361821135555519
"SGL-WQS (unweighted, lambda=0)",1001,"URX34M","Aromatic hydrocarbons","Negative",0
"SGL-WQS (unweighted, lambda=0)",1001,"URXBMA","Aromatic hydrocarbons","Negative",0
"SGL-WQS (unweighted, lambda=0)",1001,"URXMAD","Aromatic hydrocarbons","Negative",0
"SGL-WQS (unweighted, lambda=0)",1001,"URXPHG","Aromatic hydrocarbons","Negative",0.963817886444448
"SGL-WQS (unweighted, lambda=0)",1001,"URXDHB","Dienes/alkenes/epoxides","Negative",0
"SGL-WQS (unweighted, lambda=0)",1001,"URXMB3","Dienes/alkenes/epoxides","Negative",0.408805544906797
"SGL-WQS (unweighted, lambda=0)",1001,"URXIPM3","Dienes/alkenes/epoxides","Negative",0.150656460415138
"SGL-WQS (unweighted, lambda=0)",1001,"URXHP2","Dienes/alkenes/epoxides","Negative",0.440537994678065
"SGL-WQS (unweighted, lambda=0)",1001,"URXAAM","Nitrile/amide/cyanide-related","Negative",1
"SGL-WQS (unweighted, lambda=0)",1001,"URXAMC","Nitrile/amide/cyanide-related","Negative",0
"SGL-WQS (unweighted, lambda=0)",1001,"URXCEM","Nitrile/amide/cyanide-related","Negative",0
"SGL-WQS (unweighted, lambda=0)",1001,"URXCYM","Nitrile/amide/cyanide-related","Negative",0
"SGL-WQS (unweighted, lambda=0)",1001,"URXATC","Nitrile/amide/cyanide-related","Negative",0
"SGL-WQS (unweighted, lambda=0)",1001,"URXHPM","Reactive aldehydes","Negative",1
"SGL-WQS (unweighted, lambda=0)",1001,"URXPMM","Reactive aldehydes","Negative",0
"SGL-WQS (unweighted, lambda.min path)",1001,"URX2MH","Aromatic hydrocarbons","Positive",0
"SGL-WQS (unweighted, lambda.min path)",1001,"URX34M","Aromatic hydrocarbons","Positive",0.0144390888717484
"SGL-WQS (unweighted, lambda.min path)",1001,"URXBMA","Aromatic hydrocarbons","Positive",0.505409011210716
"SGL-WQS (unweighted, lambda.min path)",1001,"URXMAD","Aromatic hydrocarbons","Positive",0.480151899917535
"SGL-WQS (unweighted, lambda.min path)",1001,"URXPHG","Aromatic hydrocarbons","Positive",0
"SGL-WQS (unweighted, lambda.min path)",1001,"URXDHB","Dienes/alkenes/epoxides","Positive",1
"SGL-WQS (unweighted, lambda.min path)",1001,"URXMB3","Dienes/alkenes/epoxides","Positive",0
"SGL-WQS (unweighted, lambda.min path)",1001,"URXIPM3","Dienes/alkenes/epoxides","Positive",0
"SGL-WQS (unweighted, lambda.min path)",1001,"URXHP2","Dienes/alkenes/epoxides","Positive",0
"SGL-WQS (unweighted, lambda.min path)",1001,"URXAAM","Nitrile/amide/cyanide-related","Positive",0
"SGL-WQS (unweighted, lambda.min path)",1001,"URXAMC","Nitrile/amide/cyanide-related","Positive",0.234702687666426
"SGL-WQS (unweighted, lambda.min path)",1001,"URXCEM","Nitrile/amide/cyanide-related","Positive",0.416128009249952
"SGL-WQS (unweighted, lambda.min path)",1001,"URXCYM","Nitrile/amide/cyanide-related","Positive",0.160059849733428
"SGL-WQS (unweighted, lambda.min path)",1001,"URXATC","Nitrile/amide/cyanide-related","Positive",0.189109453350195
"SGL-WQS (unweighted, lambda.min path)",1001,"URXHPM","Reactive aldehydes","Positive",0
"SGL-WQS (unweighted, lambda.min path)",1001,"URXPMM","Reactive aldehydes","Positive",1
"SGL-WQS (unweighted, lambda.min path)",1001,"URX2MH","Aromatic hydrocarbons","Negative",0.0260742545274983
"SGL-WQS (unweighted, lambda.min path)",1001,"URX34M","Aromatic hydrocarbons","Negative",0
"SGL-WQS (unweighted, lambda.min path)",1001,"URXBMA","Aromatic hydrocarbons","Negative",0
"SGL-WQS (unweighted, lambda.min path)",1001,"URXMAD","Aromatic hydrocarbons","Negative",0
"SGL-WQS (unweighted, lambda.min path)",1001,"URXPHG","Aromatic hydrocarbons","Negative",0.973925745472502
"SGL-WQS (unweighted, lambda.min path)",1001,"URXDHB","Dienes/alkenes/epoxides","Negative",0
"SGL-WQS (unweighted, lambda.min path)",1001,"URXMB3","Dienes/alkenes/epoxides","Negative",0.376612252860061
"SGL-WQS (unweighted, lambda.min path)",1001,"URXIPM3","Dienes/alkenes/epoxides","Negative",0.121956710769404
"SGL-WQS (unweighted, lambda.min path)",1001,"URXHP2","Dienes/alkenes/epoxides","Negative",0.501431036370535
"SGL-WQS (unweighted, lambda.min path)",1001,"URXAAM","Nitrile/amide/cyanide-related","Negative",1
"SGL-WQS (unweighted, lambda.min path)",1001,"URXAMC","Nitrile/amide/cyanide-related","Negative",0
"SGL-WQS (unweighted, lambda.min path)",1001,"URXCEM","Nitrile/amide/cyanide-related","Negative",0
"SGL-WQS (unweighted, lambda.min path)",1001,"URXCYM","Nitrile/amide/cyanide-related","Negative",0
"SGL-WQS (unweighted, lambda.min path)",1001,"URXATC","Nitrile/amide/cyanide-related","Negative",0
"SGL-WQS (unweighted, lambda.min path)",1001,"URXHPM","Reactive aldehydes","Negative",1
"SGL-WQS (unweighted, lambda.min path)",1001,"URXPMM","Reactive aldehydes","Negative",0
"SGL-WQS (survey, lambda=0)",1001,"URX2MH","Aromatic hydrocarbons","Positive",0
"SGL-WQS (survey, lambda=0)",1001,"URX34M","Aromatic hydrocarbons","Positive",0
"SGL-WQS (survey, lambda=0)",1001,"URXBMA","Aromatic hydrocarbons","Positive",0
"SGL-WQS (survey, lambda=0)",1001,"URXMAD","Aromatic hydrocarbons","Positive",0
"SGL-WQS (survey, lambda=0)",1001,"URXPHG","Aromatic hydrocarbons","Positive",0
"SGL-WQS (survey, lambda=0)",1001,"URXDHB","Dienes/alkenes/epoxides","Positive",0
"SGL-WQS (survey, lambda=0)",1001,"URXMB3","Dienes/alkenes/epoxides","Positive",0
"SGL-WQS (survey, lambda=0)",1001,"URXIPM3","Dienes/alkenes/epoxides","Positive",0
"SGL-WQS (survey, lambda=0)",1001,"URXHP2","Dienes/alkenes/epoxides","Positive",0
"SGL-WQS (survey, lambda=0)",1001,"URXAAM","Nitrile/amide/cyanide-related","Positive",0
"SGL-WQS (survey, lambda=0)",1001,"URXAMC","Nitrile/amide/cyanide-related","Positive",0
"SGL-WQS (survey, lambda=0)",1001,"URXCEM","Nitrile/amide/cyanide-related","Positive",0
"SGL-WQS (survey, lambda=0)",1001,"URXCYM","Nitrile/amide/cyanide-related","Positive",0
"SGL-WQS (survey, lambda=0)",1001,"URXATC","Nitrile/amide/cyanide-related","Positive",0
"SGL-WQS (survey, lambda=0)",1001,"URXHPM","Reactive aldehydes","Positive",0
"SGL-WQS (survey, lambda=0)",1001,"URXPMM","Reactive aldehydes","Positive",0
"SGL-WQS (survey, lambda=0)",1001,"URX2MH","Aromatic hydrocarbons","Negative",0
"SGL-WQS (survey, lambda=0)",1001,"URX34M","Aromatic hydrocarbons","Negative",0
"SGL-WQS (survey, lambda=0)",1001,"URXBMA","Aromatic hydrocarbons","Negative",0
"SGL-WQS (survey, lambda=0)",1001,"URXMAD","Aromatic hydrocarbons","Negative",0
"SGL-WQS (survey, lambda=0)",1001,"URXPHG","Aromatic hydrocarbons","Negative",0
"SGL-WQS (survey, lambda=0)",1001,"URXDHB","Dienes/alkenes/epoxides","Negative",0
"SGL-WQS (survey, lambda=0)",1001,"URXMB3","Dienes/alkenes/epoxides","Negative",0
"SGL-WQS (survey, lambda=0)",1001,"URXIPM3","Dienes/alkenes/epoxides","Negative",0
"SGL-WQS (survey, lambda=0)",1001,"URXHP2","Dienes/alkenes/epoxides","Negative",0
"SGL-WQS (survey, lambda=0)",1001,"URXAAM","Nitrile/amide/cyanide-related","Negative",0
"SGL-WQS (survey, lambda=0)",1001,"URXAMC","Nitrile/amide/cyanide-related","Negative",0
"SGL-WQS (survey, lambda=0)",1001,"URXCEM","Nitrile/amide/cyanide-related","Negative",0
"SGL-WQS (survey, lambda=0)",1001,"URXCYM","Nitrile/amide/cyanide-related","Negative",0
"SGL-WQS (survey, lambda=0)",1001,"URXATC","Nitrile/amide/cyanide-related","Negative",0
"SGL-WQS (survey, lambda=0)",1001,"URXHPM","Reactive aldehydes","Negative",0
"SGL-WQS (survey, lambda=0)",1001,"URXPMM","Reactive aldehydes","Negative",0
"SGL-WQS (survey, lambda.min path)",1001,"URX2MH","Aromatic hydrocarbons","Positive",0.0616772778200268
"SGL-WQS (survey, lambda.min path)",1001,"URX34M","Aromatic hydrocarbons","Positive",0.382727897201116
"SGL-WQS (survey, lambda.min path)",1001,"URXBMA","Aromatic hydrocarbons","Positive",0.17741796849556
"SGL-WQS (survey, lambda.min path)",1001,"URXMAD","Aromatic hydrocarbons","Positive",0.378176856483297
"SGL-WQS (survey, lambda.min path)",1001,"URXPHG","Aromatic hydrocarbons","Positive",0
"SGL-WQS (survey, lambda.min path)",1001,"URXDHB","Dienes/alkenes/epoxides","Positive",1
"SGL-WQS (survey, lambda.min path)",1001,"URXMB3","Dienes/alkenes/epoxides","Positive",0
"SGL-WQS (survey, lambda.min path)",1001,"URXIPM3","Dienes/alkenes/epoxides","Positive",0
"SGL-WQS (survey, lambda.min path)",1001,"URXHP2","Dienes/alkenes/epoxides","Positive",0
"SGL-WQS (survey, lambda.min path)",1001,"URXAAM","Nitrile/amide/cyanide-related","Positive",0
"SGL-WQS (survey, lambda.min path)",1001,"URXAMC","Nitrile/amide/cyanide-related","Positive",0.0236627704421065
"SGL-WQS (survey, lambda.min path)",1001,"URXCEM","Nitrile/amide/cyanide-related","Positive",0.67658915928086
"SGL-WQS (survey, lambda.min path)",1001,"URXCYM","Nitrile/amide/cyanide-related","Positive",0
"SGL-WQS (survey, lambda.min path)",1001,"URXATC","Nitrile/amide/cyanide-related","Positive",0.299748070277034
"SGL-WQS (survey, lambda.min path)",1001,"URXHPM","Reactive aldehydes","Positive",0
"SGL-WQS (survey, lambda.min path)",1001,"URXPMM","Reactive aldehydes","Positive",1
"SGL-WQS (survey, lambda.min path)",1001,"URX2MH","Aromatic hydrocarbons","Negative",0
"SGL-WQS (survey, lambda.min path)",1001,"URX34M","Aromatic hydrocarbons","Negative",0
"SGL-WQS (survey, lambda.min path)",1001,"URXBMA","Aromatic hydrocarbons","Negative",0
"SGL-WQS (survey, lambda.min path)",1001,"URXMAD","Aromatic hydrocarbons","Negative",0
"SGL-WQS (survey, lambda.min path)",1001,"URXPHG","Aromatic hydrocarbons","Negative",1
"SGL-WQS (survey, lambda.min path)",1001,"URXDHB","Dienes/alkenes/epoxides","Negative",0
"SGL-WQS (survey, lambda.min path)",1001,"URXMB3","Dienes/alkenes/epoxides","Negative",0.462214995235149
"SGL-WQS (survey, lambda.min path)",1001,"URXIPM3","Dienes/alkenes/epoxides","Negative",0.00762982608094297
"SGL-WQS (survey, lambda.min path)",1001,"URXHP2","Dienes/alkenes/epoxides","Negative",0.530155178683908
"SGL-WQS (survey, lambda.min path)",1001,"URXAAM","Nitrile/amide/cyanide-related","Negative",0.974489294595593
"SGL-WQS (survey, lambda.min path)",1001,"URXAMC","Nitrile/amide/cyanide-related","Negative",0
"SGL-WQS (survey, lambda.min path)",1001,"URXCEM","Nitrile/amide/cyanide-related","Negative",0
"SGL-WQS (survey, lambda.min path)",1001,"URXCYM","Nitrile/amide/cyanide-related","Negative",0.0255107054044067
"SGL-WQS (survey, lambda.min path)",1001,"URXATC","Nitrile/amide/cyanide-related","Negative",0
"SGL-WQS (survey, lambda.min path)",1001,"URXHPM","Reactive aldehydes","Negative",1
"SGL-WQS (survey, lambda.min path)",1001,"URXPMM","Reactive aldehydes","Negative",0
"gWQS",1123,"URXPMM",NA,"Positive",0.202190910297117
"gWQS",1123,"URXCEM",NA,"Positive",0.185974847096019
"gWQS",1123,"URXDHB",NA,"Positive",0.128308055231998
"gWQS",1123,"URXMAD",NA,"Positive",0.112093709476283
"gWQS",1123,"URXCYM",NA,"Positive",0.103971836207032
"gWQS",1123,"URXAMC",NA,"Positive",0.0913305651286208
"gWQS",1123,"URXATC",NA,"Positive",0.0579212826709046
"gWQS",1123,"URXBMA",NA,"Positive",0.0419881662625267
"gWQS",1123,"URX34M",NA,"Positive",0.0333943096580539
"gWQS",1123,"URXIPM3",NA,"Positive",0.00919669539758431
"gWQS",1123,"URX2MH",NA,"Positive",0.00858105878200036
"gWQS",1123,"URXHPM",NA,"Positive",0.00782681723594882
"gWQS",1123,"URXPHG",NA,"Positive",0.0049882500827579
"gWQS",1123,"URXMB3",NA,"Positive",0.00414679524420019
"gWQS",1123,"URXHP2",NA,"Positive",0.00405032568016112
"gWQS",1123,"URXAAM",NA,"Positive",0.00403637554879315
"gWQS",1123,"URXPMM",NA,"Negative",0.00403139368605782
"gWQS",1123,"URXCEM",NA,"Negative",0.00466088662633755
"gWQS",1123,"URXDHB",NA,"Negative",0.00675951986702604
"gWQS",1123,"URXMAD",NA,"Negative",0.00329516122915859
"gWQS",1123,"URXCYM",NA,"Negative",0.00601065770065009
"gWQS",1123,"URXAMC",NA,"Negative",0.00511090871975463
"gWQS",1123,"URXATC",NA,"Negative",0.0067208559504321
"gWQS",1123,"URXBMA",NA,"Negative",0.0110500163565082
"gWQS",1123,"URX34M",NA,"Negative",0.0280628477683053
"gWQS",1123,"URXIPM3",NA,"Negative",0.0696399867576485
"gWQS",1123,"URX2MH",NA,"Negative",0.0614685801433626
"gWQS",1123,"URXHPM",NA,"Negative",0.11782990660717
"gWQS",1123,"URXPHG",NA,"Negative",0.26476320238232
"gWQS",1123,"URXMB3",NA,"Negative",0.18657289835995
"gWQS",1123,"URXHP2",NA,"Negative",0.129882238897934
"gWQS",1123,"URXAAM",NA,"Negative",0.0941409389473848
"groupWQS",1123,"URX2MH","Aromatic hydrocarbons","Combined",0.0727861445923886
"groupWQS",1123,"URX34M","Aromatic hydrocarbons","Combined",0.0894320701956154
"groupWQS",1123,"URXBMA","Aromatic hydrocarbons","Combined",0.37408851935853
"groupWQS",1123,"URXMAD","Aromatic hydrocarbons","Combined",0.0676945088401446
"groupWQS",1123,"URXPHG","Aromatic hydrocarbons","Combined",0.395998757014696
"groupWQS",1123,"URXDHB","Dienes/alkenes/epoxides","Combined",0.0598671219276516
"groupWQS",1123,"URXMB3","Dienes/alkenes/epoxides","Combined",0.387235793768389
"groupWQS",1123,"URXIPM3","Dienes/alkenes/epoxides","Combined",0.0792741351931809
"groupWQS",1123,"URXHP2","Dienes/alkenes/epoxides","Combined",0.473622949111103
"groupWQS",1123,"URXAAM","Nitrile/amide/cyanide-related","Combined",0.0516935221877039
"groupWQS",1123,"URXAMC","Nitrile/amide/cyanide-related","Combined",0.0993256015139665
"groupWQS",1123,"URXCEM","Nitrile/amide/cyanide-related","Combined",0.440366987951629
"groupWQS",1123,"URXCYM","Nitrile/amide/cyanide-related","Combined",0.254829264170485
"groupWQS",1123,"URXATC","Nitrile/amide/cyanide-related","Combined",0.153784624175605
"groupWQS",1123,"URXHPM","Reactive aldehydes","Combined",0.239846135194596
"groupWQS",1123,"URXPMM","Reactive aldehydes","Combined",0.760153864803474
"SGL-WQS (unweighted, lambda=0)",1123,"URX2MH","Aromatic hydrocarbons","Positive",0
"SGL-WQS (unweighted, lambda=0)",1123,"URX34M","Aromatic hydrocarbons","Positive",0.0622608490944023
"SGL-WQS (unweighted, lambda=0)",1123,"URXBMA","Aromatic hydrocarbons","Positive",0.39841536580077
"SGL-WQS (unweighted, lambda=0)",1123,"URXMAD","Aromatic hydrocarbons","Positive",0.539323785104828
"SGL-WQS (unweighted, lambda=0)",1123,"URXPHG","Aromatic hydrocarbons","Positive",0
"SGL-WQS (unweighted, lambda=0)",1123,"URXDHB","Dienes/alkenes/epoxides","Positive",1
"SGL-WQS (unweighted, lambda=0)",1123,"URXMB3","Dienes/alkenes/epoxides","Positive",0
"SGL-WQS (unweighted, lambda=0)",1123,"URXIPM3","Dienes/alkenes/epoxides","Positive",0
"SGL-WQS (unweighted, lambda=0)",1123,"URXHP2","Dienes/alkenes/epoxides","Positive",0
"SGL-WQS (unweighted, lambda=0)",1123,"URXAAM","Nitrile/amide/cyanide-related","Positive",0
"SGL-WQS (unweighted, lambda=0)",1123,"URXAMC","Nitrile/amide/cyanide-related","Positive",0.223037130516231
"SGL-WQS (unweighted, lambda=0)",1123,"URXCEM","Nitrile/amide/cyanide-related","Positive",0.414578524444486
"SGL-WQS (unweighted, lambda=0)",1123,"URXCYM","Nitrile/amide/cyanide-related","Positive",0.184841079380263
"SGL-WQS (unweighted, lambda=0)",1123,"URXATC","Nitrile/amide/cyanide-related","Positive",0.17754326565902
"SGL-WQS (unweighted, lambda=0)",1123,"URXHPM","Reactive aldehydes","Positive",0
"SGL-WQS (unweighted, lambda=0)",1123,"URXPMM","Reactive aldehydes","Positive",1
"SGL-WQS (unweighted, lambda=0)",1123,"URX2MH","Aromatic hydrocarbons","Negative",0.0361821135555519
"SGL-WQS (unweighted, lambda=0)",1123,"URX34M","Aromatic hydrocarbons","Negative",0
"SGL-WQS (unweighted, lambda=0)",1123,"URXBMA","Aromatic hydrocarbons","Negative",0
"SGL-WQS (unweighted, lambda=0)",1123,"URXMAD","Aromatic hydrocarbons","Negative",0
"SGL-WQS (unweighted, lambda=0)",1123,"URXPHG","Aromatic hydrocarbons","Negative",0.963817886444448
"SGL-WQS (unweighted, lambda=0)",1123,"URXDHB","Dienes/alkenes/epoxides","Negative",0
"SGL-WQS (unweighted, lambda=0)",1123,"URXMB3","Dienes/alkenes/epoxides","Negative",0.408805544906797
"SGL-WQS (unweighted, lambda=0)",1123,"URXIPM3","Dienes/alkenes/epoxides","Negative",0.150656460415138
"SGL-WQS (unweighted, lambda=0)",1123,"URXHP2","Dienes/alkenes/epoxides","Negative",0.440537994678065
"SGL-WQS (unweighted, lambda=0)",1123,"URXAAM","Nitrile/amide/cyanide-related","Negative",1
"SGL-WQS (unweighted, lambda=0)",1123,"URXAMC","Nitrile/amide/cyanide-related","Negative",0
"SGL-WQS (unweighted, lambda=0)",1123,"URXCEM","Nitrile/amide/cyanide-related","Negative",0
"SGL-WQS (unweighted, lambda=0)",1123,"URXCYM","Nitrile/amide/cyanide-related","Negative",0
"SGL-WQS (unweighted, lambda=0)",1123,"URXATC","Nitrile/amide/cyanide-related","Negative",0
"SGL-WQS (unweighted, lambda=0)",1123,"URXHPM","Reactive aldehydes","Negative",1
"SGL-WQS (unweighted, lambda=0)",1123,"URXPMM","Reactive aldehydes","Negative",0
"SGL-WQS (unweighted, lambda.min path)",1123,"URX2MH","Aromatic hydrocarbons","Positive",0
"SGL-WQS (unweighted, lambda.min path)",1123,"URX34M","Aromatic hydrocarbons","Positive",0.0238559203874402
"SGL-WQS (unweighted, lambda.min path)",1123,"URXBMA","Aromatic hydrocarbons","Positive",0.462688945974074
"SGL-WQS (unweighted, lambda.min path)",1123,"URXMAD","Aromatic hydrocarbons","Positive",0.513455133638486
"SGL-WQS (unweighted, lambda.min path)",1123,"URXPHG","Aromatic hydrocarbons","Positive",0
"SGL-WQS (unweighted, lambda.min path)",1123,"URXDHB","Dienes/alkenes/epoxides","Positive",1
"SGL-WQS (unweighted, lambda.min path)",1123,"URXMB3","Dienes/alkenes/epoxides","Positive",0
"SGL-WQS (unweighted, lambda.min path)",1123,"URXIPM3","Dienes/alkenes/epoxides","Positive",0
"SGL-WQS (unweighted, lambda.min path)",1123,"URXHP2","Dienes/alkenes/epoxides","Positive",0
"SGL-WQS (unweighted, lambda.min path)",1123,"URXAAM","Nitrile/amide/cyanide-related","Positive",0
"SGL-WQS (unweighted, lambda.min path)",1123,"URXAMC","Nitrile/amide/cyanide-related","Positive",0.232337102386951
"SGL-WQS (unweighted, lambda.min path)",1123,"URXCEM","Nitrile/amide/cyanide-related","Positive",0.420313035629151
"SGL-WQS (unweighted, lambda.min path)",1123,"URXCYM","Nitrile/amide/cyanide-related","Positive",0.159839209898867
"SGL-WQS (unweighted, lambda.min path)",1123,"URXATC","Nitrile/amide/cyanide-related","Positive",0.187510652085031
"SGL-WQS (unweighted, lambda.min path)",1123,"URXHPM","Reactive aldehydes","Positive",0
"SGL-WQS (unweighted, lambda.min path)",1123,"URXPMM","Reactive aldehydes","Positive",1
"SGL-WQS (unweighted, lambda.min path)",1123,"URX2MH","Aromatic hydrocarbons","Negative",0.0363688878545239
"SGL-WQS (unweighted, lambda.min path)",1123,"URX34M","Aromatic hydrocarbons","Negative",0
"SGL-WQS (unweighted, lambda.min path)",1123,"URXBMA","Aromatic hydrocarbons","Negative",0
"SGL-WQS (unweighted, lambda.min path)",1123,"URXMAD","Aromatic hydrocarbons","Negative",0
"SGL-WQS (unweighted, lambda.min path)",1123,"URXPHG","Aromatic hydrocarbons","Negative",0.963631112145476
"SGL-WQS (unweighted, lambda.min path)",1123,"URXDHB","Dienes/alkenes/epoxides","Negative",0
"SGL-WQS (unweighted, lambda.min path)",1123,"URXMB3","Dienes/alkenes/epoxides","Negative",0.381503164355414
"SGL-WQS (unweighted, lambda.min path)",1123,"URXIPM3","Dienes/alkenes/epoxides","Negative",0.130239632002603
"SGL-WQS (unweighted, lambda.min path)",1123,"URXHP2","Dienes/alkenes/epoxides","Negative",0.488257203641983
"SGL-WQS (unweighted, lambda.min path)",1123,"URXAAM","Nitrile/amide/cyanide-related","Negative",1
"SGL-WQS (unweighted, lambda.min path)",1123,"URXAMC","Nitrile/amide/cyanide-related","Negative",0
"SGL-WQS (unweighted, lambda.min path)",1123,"URXCEM","Nitrile/amide/cyanide-related","Negative",0
"SGL-WQS (unweighted, lambda.min path)",1123,"URXCYM","Nitrile/amide/cyanide-related","Negative",0
"SGL-WQS (unweighted, lambda.min path)",1123,"URXATC","Nitrile/amide/cyanide-related","Negative",0
"SGL-WQS (unweighted, lambda.min path)",1123,"URXHPM","Reactive aldehydes","Negative",1
"SGL-WQS (unweighted, lambda.min path)",1123,"URXPMM","Reactive aldehydes","Negative",0
"SGL-WQS (survey, lambda=0)",1123,"URX2MH","Aromatic hydrocarbons","Positive",0
"SGL-WQS (survey, lambda=0)",1123,"URX34M","Aromatic hydrocarbons","Positive",0
"SGL-WQS (survey, lambda=0)",1123,"URXBMA","Aromatic hydrocarbons","Positive",0
"SGL-WQS (survey, lambda=0)",1123,"URXMAD","Aromatic hydrocarbons","Positive",0
"SGL-WQS (survey, lambda=0)",1123,"URXPHG","Aromatic hydrocarbons","Positive",0
"SGL-WQS (survey, lambda=0)",1123,"URXDHB","Dienes/alkenes/epoxides","Positive",0
"SGL-WQS (survey, lambda=0)",1123,"URXMB3","Dienes/alkenes/epoxides","Positive",0
"SGL-WQS (survey, lambda=0)",1123,"URXIPM3","Dienes/alkenes/epoxides","Positive",0
"SGL-WQS (survey, lambda=0)",1123,"URXHP2","Dienes/alkenes/epoxides","Positive",0
"SGL-WQS (survey, lambda=0)",1123,"URXAAM","Nitrile/amide/cyanide-related","Positive",0
"SGL-WQS (survey, lambda=0)",1123,"URXAMC","Nitrile/amide/cyanide-related","Positive",0
"SGL-WQS (survey, lambda=0)",1123,"URXCEM","Nitrile/amide/cyanide-related","Positive",0
"SGL-WQS (survey, lambda=0)",1123,"URXCYM","Nitrile/amide/cyanide-related","Positive",0
"SGL-WQS (survey, lambda=0)",1123,"URXATC","Nitrile/amide/cyanide-related","Positive",0
"SGL-WQS (survey, lambda=0)",1123,"URXHPM","Reactive aldehydes","Positive",0
"SGL-WQS (survey, lambda=0)",1123,"URXPMM","Reactive aldehydes","Positive",0
"SGL-WQS (survey, lambda=0)",1123,"URX2MH","Aromatic hydrocarbons","Negative",0
"SGL-WQS (survey, lambda=0)",1123,"URX34M","Aromatic hydrocarbons","Negative",0
"SGL-WQS (survey, lambda=0)",1123,"URXBMA","Aromatic hydrocarbons","Negative",0
"SGL-WQS (survey, lambda=0)",1123,"URXMAD","Aromatic hydrocarbons","Negative",0
"SGL-WQS (survey, lambda=0)",1123,"URXPHG","Aromatic hydrocarbons","Negative",0
"SGL-WQS (survey, lambda=0)",1123,"URXDHB","Dienes/alkenes/epoxides","Negative",0
"SGL-WQS (survey, lambda=0)",1123,"URXMB3","Dienes/alkenes/epoxides","Negative",0
"SGL-WQS (survey, lambda=0)",1123,"URXIPM3","Dienes/alkenes/epoxides","Negative",0
"SGL-WQS (survey, lambda=0)",1123,"URXHP2","Dienes/alkenes/epoxides","Negative",0
"SGL-WQS (survey, lambda=0)",1123,"URXAAM","Nitrile/amide/cyanide-related","Negative",0
"SGL-WQS (survey, lambda=0)",1123,"URXAMC","Nitrile/amide/cyanide-related","Negative",0
"SGL-WQS (survey, lambda=0)",1123,"URXCEM","Nitrile/amide/cyanide-related","Negative",0
"SGL-WQS (survey, lambda=0)",1123,"URXCYM","Nitrile/amide/cyanide-related","Negative",0
"SGL-WQS (survey, lambda=0)",1123,"URXATC","Nitrile/amide/cyanide-related","Negative",0
"SGL-WQS (survey, lambda=0)",1123,"URXHPM","Reactive aldehydes","Negative",0
"SGL-WQS (survey, lambda=0)",1123,"URXPMM","Reactive aldehydes","Negative",0
"SGL-WQS (survey, lambda.min path)",1123,"URX2MH","Aromatic hydrocarbons","Positive",0.0925340561694406
"SGL-WQS (survey, lambda.min path)",1123,"URX34M","Aromatic hydrocarbons","Positive",0.36737013464137
"SGL-WQS (survey, lambda.min path)",1123,"URXBMA","Aromatic hydrocarbons","Positive",0.193462662402389
"SGL-WQS (survey, lambda.min path)",1123,"URXMAD","Aromatic hydrocarbons","Positive",0.346633146786801
"SGL-WQS (survey, lambda.min path)",1123,"URXPHG","Aromatic hydrocarbons","Positive",0
"SGL-WQS (survey, lambda.min path)",1123,"URXDHB","Dienes/alkenes/epoxides","Positive",1
"SGL-WQS (survey, lambda.min path)",1123,"URXMB3","Dienes/alkenes/epoxides","Positive",0
"SGL-WQS (survey, lambda.min path)",1123,"URXIPM3","Dienes/alkenes/epoxides","Positive",0
"SGL-WQS (survey, lambda.min path)",1123,"URXHP2","Dienes/alkenes/epoxides","Positive",0
"SGL-WQS (survey, lambda.min path)",1123,"URXAAM","Nitrile/amide/cyanide-related","Positive",0
"SGL-WQS (survey, lambda.min path)",1123,"URXAMC","Nitrile/amide/cyanide-related","Positive",0.0233067604035466
"SGL-WQS (survey, lambda.min path)",1123,"URXCEM","Nitrile/amide/cyanide-related","Positive",0.673966846261896
"SGL-WQS (survey, lambda.min path)",1123,"URXCYM","Nitrile/amide/cyanide-related","Positive",0
"SGL-WQS (survey, lambda.min path)",1123,"URXATC","Nitrile/amide/cyanide-related","Positive",0.302726393334557
"SGL-WQS (survey, lambda.min path)",1123,"URXHPM","Reactive aldehydes","Positive",0
"SGL-WQS (survey, lambda.min path)",1123,"URXPMM","Reactive aldehydes","Positive",1
"SGL-WQS (survey, lambda.min path)",1123,"URX2MH","Aromatic hydrocarbons","Negative",0
"SGL-WQS (survey, lambda.min path)",1123,"URX34M","Aromatic hydrocarbons","Negative",0
"SGL-WQS (survey, lambda.min path)",1123,"URXBMA","Aromatic hydrocarbons","Negative",0
"SGL-WQS (survey, lambda.min path)",1123,"URXMAD","Aromatic hydrocarbons","Negative",0
"SGL-WQS (survey, lambda.min path)",1123,"URXPHG","Aromatic hydrocarbons","Negative",1
"SGL-WQS (survey, lambda.min path)",1123,"URXDHB","Dienes/alkenes/epoxides","Negative",0
"SGL-WQS (survey, lambda.min path)",1123,"URXMB3","Dienes/alkenes/epoxides","Negative",0.439978492381208
"SGL-WQS (survey, lambda.min path)",1123,"URXIPM3","Dienes/alkenes/epoxides","Negative",0
"SGL-WQS (survey, lambda.min path)",1123,"URXHP2","Dienes/alkenes/epoxides","Negative",0.560021507618792
"SGL-WQS (survey, lambda.min path)",1123,"URXAAM","Nitrile/amide/cyanide-related","Negative",0.943105201243853
"SGL-WQS (survey, lambda.min path)",1123,"URXAMC","Nitrile/amide/cyanide-related","Negative",0
"SGL-WQS (survey, lambda.min path)",1123,"URXCEM","Nitrile/amide/cyanide-related","Negative",0
"SGL-WQS (survey, lambda.min path)",1123,"URXCYM","Nitrile/amide/cyanide-related","Negative",0.0568947987561473
"SGL-WQS (survey, lambda.min path)",1123,"URXATC","Nitrile/amide/cyanide-related","Negative",0
"SGL-WQS (survey, lambda.min path)",1123,"URXHPM","Reactive aldehydes","Negative",1
"SGL-WQS (survey, lambda.min path)",1123,"URXPMM","Reactive aldehydes","Negative",0
"gWQS",1234,"URXAMC",NA,"Positive",0.169375490066119
"gWQS",1234,"URXCEM",NA,"Positive",0.141316469772408
"gWQS",1234,"URXCYM",NA,"Positive",0.10886753324316
"gWQS",1234,"URXPMM",NA,"Positive",0.103695705619565
"gWQS",1234,"URXMAD",NA,"Positive",0.103053604058382
"gWQS",1234,"URXBMA",NA,"Positive",0.0871018438154437
"gWQS",1234,"URX2MH",NA,"Positive",0.0857449080542177
"gWQS",1234,"URXATC",NA,"Positive",0.0670275619554886
"gWQS",1234,"URXDHB",NA,"Positive",0.0574097418977556
"gWQS",1234,"URXIPM3",NA,"Positive",0.0317491588446594
"gWQS",1234,"URXAAM",NA,"Positive",0.0141870028355446
"gWQS",1234,"URXHP2",NA,"Positive",0.0072754063266294
"gWQS",1234,"URXHPM",NA,"Positive",0.00603757634172333
"gWQS",1234,"URXPHG",NA,"Positive",0.00590401463428462
"gWQS",1234,"URX34M",NA,"Positive",0.0056307819686662
"gWQS",1234,"URXMB3",NA,"Positive",0.00562320056595563
"gWQS",1234,"URXAMC",NA,"Negative",0.0050038100314314
"gWQS",1234,"URXCEM",NA,"Negative",0.00445808909513876
"gWQS",1234,"URXCYM",NA,"Negative",0.00364901280555295
"gWQS",1234,"URXPMM",NA,"Negative",0.00682470103258858
"gWQS",1234,"URXMAD",NA,"Negative",0.00445643596146964
"gWQS",1234,"URXBMA",NA,"Negative",0.00464860464636623
"gWQS",1234,"URX2MH",NA,"Negative",0.00684999737151841
"gWQS",1234,"URXATC",NA,"Negative",0.00659556167439204
"gWQS",1234,"URXDHB",NA,"Negative",0.0128170790366488
"gWQS",1234,"URXIPM3",NA,"Negative",0.0261701831551589
"gWQS",1234,"URXAAM",NA,"Negative",0.054990367997931
"gWQS",1234,"URXHP2",NA,"Negative",0.193266994511804
"gWQS",1234,"URXHPM",NA,"Negative",0.237739160507442
"gWQS",1234,"URXPHG",NA,"Negative",0.190150018065722
"gWQS",1234,"URX34M",NA,"Negative",0.110247416523174
"gWQS",1234,"URXMB3",NA,"Negative",0.132132567583659
"groupWQS",1234,"URX2MH","Aromatic hydrocarbons","Combined",0.171122566466299
"groupWQS",1234,"URX34M","Aromatic hydrocarbons","Combined",0.115976779838313
"groupWQS",1234,"URXBMA","Aromatic hydrocarbons","Combined",0.194140157677529
"groupWQS",1234,"URXMAD","Aromatic hydrocarbons","Combined",0.174239741333454
"groupWQS",1234,"URXPHG","Aromatic hydrocarbons","Combined",0.344520754684649
"groupWQS",1234,"URXDHB","Dienes/alkenes/epoxides","Combined",0.0122705979503546
"groupWQS",1234,"URXMB3","Dienes/alkenes/epoxides","Combined",0.408707761286365
"groupWQS",1234,"URXIPM3","Dienes/alkenes/epoxides","Combined",0.145458939782463
"groupWQS",1234,"URXHP2","Dienes/alkenes/epoxides","Combined",0.4335627009808
"groupWQS",1234,"URXAAM","Nitrile/amide/cyanide-related","Combined",0.0213676264111059
"groupWQS",1234,"URXAMC","Nitrile/amide/cyanide-related","Combined",0.119798737094877
"groupWQS",1234,"URXCEM","Nitrile/amide/cyanide-related","Combined",0.497604257491514
"groupWQS",1234,"URXCYM","Nitrile/amide/cyanide-related","Combined",0.243230592289128
"groupWQS",1234,"URXATC","Nitrile/amide/cyanide-related","Combined",0.117998786713396
"groupWQS",1234,"URXHPM","Reactive aldehydes","Combined",0.430979162801062
"groupWQS",1234,"URXPMM","Reactive aldehydes","Combined",0.569020837198924
"SGL-WQS (unweighted, lambda=0)",1234,"URX2MH","Aromatic hydrocarbons","Positive",0
"SGL-WQS (unweighted, lambda=0)",1234,"URX34M","Aromatic hydrocarbons","Positive",0.0622608490944023
"SGL-WQS (unweighted, lambda=0)",1234,"URXBMA","Aromatic hydrocarbons","Positive",0.39841536580077
"SGL-WQS (unweighted, lambda=0)",1234,"URXMAD","Aromatic hydrocarbons","Positive",0.539323785104828
"SGL-WQS (unweighted, lambda=0)",1234,"URXPHG","Aromatic hydrocarbons","Positive",0
"SGL-WQS (unweighted, lambda=0)",1234,"URXDHB","Dienes/alkenes/epoxides","Positive",1
"SGL-WQS (unweighted, lambda=0)",1234,"URXMB3","Dienes/alkenes/epoxides","Positive",0
"SGL-WQS (unweighted, lambda=0)",1234,"URXIPM3","Dienes/alkenes/epoxides","Positive",0
"SGL-WQS (unweighted, lambda=0)",1234,"URXHP2","Dienes/alkenes/epoxides","Positive",0
"SGL-WQS (unweighted, lambda=0)",1234,"URXAAM","Nitrile/amide/cyanide-related","Positive",0
"SGL-WQS (unweighted, lambda=0)",1234,"URXAMC","Nitrile/amide/cyanide-related","Positive",0.223037130516231
"SGL-WQS (unweighted, lambda=0)",1234,"URXCEM","Nitrile/amide/cyanide-related","Positive",0.414578524444486
"SGL-WQS (unweighted, lambda=0)",1234,"URXCYM","Nitrile/amide/cyanide-related","Positive",0.184841079380263
"SGL-WQS (unweighted, lambda=0)",1234,"URXATC","Nitrile/amide/cyanide-related","Positive",0.17754326565902
"SGL-WQS (unweighted, lambda=0)",1234,"URXHPM","Reactive aldehydes","Positive",0
"SGL-WQS (unweighted, lambda=0)",1234,"URXPMM","Reactive aldehydes","Positive",1
"SGL-WQS (unweighted, lambda=0)",1234,"URX2MH","Aromatic hydrocarbons","Negative",0.0361821135555519
"SGL-WQS (unweighted, lambda=0)",1234,"URX34M","Aromatic hydrocarbons","Negative",0
"SGL-WQS (unweighted, lambda=0)",1234,"URXBMA","Aromatic hydrocarbons","Negative",0
"SGL-WQS (unweighted, lambda=0)",1234,"URXMAD","Aromatic hydrocarbons","Negative",0
"SGL-WQS (unweighted, lambda=0)",1234,"URXPHG","Aromatic hydrocarbons","Negative",0.963817886444448
"SGL-WQS (unweighted, lambda=0)",1234,"URXDHB","Dienes/alkenes/epoxides","Negative",0
"SGL-WQS (unweighted, lambda=0)",1234,"URXMB3","Dienes/alkenes/epoxides","Negative",0.408805544906797
"SGL-WQS (unweighted, lambda=0)",1234,"URXIPM3","Dienes/alkenes/epoxides","Negative",0.150656460415138
"SGL-WQS (unweighted, lambda=0)",1234,"URXHP2","Dienes/alkenes/epoxides","Negative",0.440537994678065
"SGL-WQS (unweighted, lambda=0)",1234,"URXAAM","Nitrile/amide/cyanide-related","Negative",1
"SGL-WQS (unweighted, lambda=0)",1234,"URXAMC","Nitrile/amide/cyanide-related","Negative",0
"SGL-WQS (unweighted, lambda=0)",1234,"URXCEM","Nitrile/amide/cyanide-related","Negative",0
"SGL-WQS (unweighted, lambda=0)",1234,"URXCYM","Nitrile/amide/cyanide-related","Negative",0
"SGL-WQS (unweighted, lambda=0)",1234,"URXATC","Nitrile/amide/cyanide-related","Negative",0
"SGL-WQS (unweighted, lambda=0)",1234,"URXHPM","Reactive aldehydes","Negative",1
"SGL-WQS (unweighted, lambda=0)",1234,"URXPMM","Reactive aldehydes","Negative",0
"SGL-WQS (unweighted, lambda.min path)",1234,"URX2MH","Aromatic hydrocarbons","Positive",0
"SGL-WQS (unweighted, lambda.min path)",1234,"URX34M","Aromatic hydrocarbons","Positive",0.0341796398533026
"SGL-WQS (unweighted, lambda.min path)",1234,"URXBMA","Aromatic hydrocarbons","Positive",0.438694455889232
"SGL-WQS (unweighted, lambda.min path)",1234,"URXMAD","Aromatic hydrocarbons","Positive",0.527125904257466
"SGL-WQS (unweighted, lambda.min path)",1234,"URXPHG","Aromatic hydrocarbons","Positive",0
"SGL-WQS (unweighted, lambda.min path)",1234,"URXDHB","Dienes/alkenes/epoxides","Positive",1
"SGL-WQS (unweighted, lambda.min path)",1234,"URXMB3","Dienes/alkenes/epoxides","Positive",0
"SGL-WQS (unweighted, lambda.min path)",1234,"URXIPM3","Dienes/alkenes/epoxides","Positive",0
"SGL-WQS (unweighted, lambda.min path)",1234,"URXHP2","Dienes/alkenes/epoxides","Positive",0
"SGL-WQS (unweighted, lambda.min path)",1234,"URXAAM","Nitrile/amide/cyanide-related","Positive",0
"SGL-WQS (unweighted, lambda.min path)",1234,"URXAMC","Nitrile/amide/cyanide-related","Positive",0.230624761899029
"SGL-WQS (unweighted, lambda.min path)",1234,"URXCEM","Nitrile/amide/cyanide-related","Positive",0.421090740603747
"SGL-WQS (unweighted, lambda.min path)",1234,"URXCYM","Nitrile/amide/cyanide-related","Positive",0.162521990177625
"SGL-WQS (unweighted, lambda.min path)",1234,"URXATC","Nitrile/amide/cyanide-related","Positive",0.185762507319599
"SGL-WQS (unweighted, lambda.min path)",1234,"URXHPM","Reactive aldehydes","Positive",0
"SGL-WQS (unweighted, lambda.min path)",1234,"URXPMM","Reactive aldehydes","Positive",1
"SGL-WQS (unweighted, lambda.min path)",1234,"URX2MH","Aromatic hydrocarbons","Negative",0.0368108540448459
"SGL-WQS (unweighted, lambda.min path)",1234,"URX34M","Aromatic hydrocarbons","Negative",0
"SGL-WQS (unweighted, lambda.min path)",1234,"URXBMA","Aromatic hydrocarbons","Negative",0
"SGL-WQS (unweighted, lambda.min path)",1234,"URXMAD","Aromatic hydrocarbons","Negative",0
"SGL-WQS (unweighted, lambda.min path)",1234,"URXPHG","Aromatic hydrocarbons","Negative",0.963189145955154
"SGL-WQS (unweighted, lambda.min path)",1234,"URXDHB","Dienes/alkenes/epoxides","Negative",0
"SGL-WQS (unweighted, lambda.min path)",1234,"URXMB3","Dienes/alkenes/epoxides","Negative",0.38602467261745
"SGL-WQS (unweighted, lambda.min path)",1234,"URXIPM3","Dienes/alkenes/epoxides","Negative",0.134508834549995
"SGL-WQS (unweighted, lambda.min path)",1234,"URXHP2","Dienes/alkenes/epoxides","Negative",0.479466492832555
"SGL-WQS (unweighted, lambda.min path)",1234,"URXAAM","Nitrile/amide/cyanide-related","Negative",1
"SGL-WQS (unweighted, lambda.min path)",1234,"URXAMC","Nitrile/amide/cyanide-related","Negative",0
"SGL-WQS (unweighted, lambda.min path)",1234,"URXCEM","Nitrile/amide/cyanide-related","Negative",0
"SGL-WQS (unweighted, lambda.min path)",1234,"URXCYM","Nitrile/amide/cyanide-related","Negative",0
"SGL-WQS (unweighted, lambda.min path)",1234,"URXATC","Nitrile/amide/cyanide-related","Negative",0
"SGL-WQS (unweighted, lambda.min path)",1234,"URXHPM","Reactive aldehydes","Negative",1
"SGL-WQS (unweighted, lambda.min path)",1234,"URXPMM","Reactive aldehydes","Negative",0
"SGL-WQS (survey, lambda=0)",1234,"URX2MH","Aromatic hydrocarbons","Positive",0
"SGL-WQS (survey, lambda=0)",1234,"URX34M","Aromatic hydrocarbons","Positive",0
"SGL-WQS (survey, lambda=0)",1234,"URXBMA","Aromatic hydrocarbons","Positive",0
"SGL-WQS (survey, lambda=0)",1234,"URXMAD","Aromatic hydrocarbons","Positive",0
"SGL-WQS (survey, lambda=0)",1234,"URXPHG","Aromatic hydrocarbons","Positive",0
"SGL-WQS (survey, lambda=0)",1234,"URXDHB","Dienes/alkenes/epoxides","Positive",0
"SGL-WQS (survey, lambda=0)",1234,"URXMB3","Dienes/alkenes/epoxides","Positive",0
"SGL-WQS (survey, lambda=0)",1234,"URXIPM3","Dienes/alkenes/epoxides","Positive",0
"SGL-WQS (survey, lambda=0)",1234,"URXHP2","Dienes/alkenes/epoxides","Positive",0
"SGL-WQS (survey, lambda=0)",1234,"URXAAM","Nitrile/amide/cyanide-related","Positive",0
"SGL-WQS (survey, lambda=0)",1234,"URXAMC","Nitrile/amide/cyanide-related","Positive",0
"SGL-WQS (survey, lambda=0)",1234,"URXCEM","Nitrile/amide/cyanide-related","Positive",0
"SGL-WQS (survey, lambda=0)",1234,"URXCYM","Nitrile/amide/cyanide-related","Positive",0
"SGL-WQS (survey, lambda=0)",1234,"URXATC","Nitrile/amide/cyanide-related","Positive",0
"SGL-WQS (survey, lambda=0)",1234,"URXHPM","Reactive aldehydes","Positive",0
"SGL-WQS (survey, lambda=0)",1234,"URXPMM","Reactive aldehydes","Positive",0
"SGL-WQS (survey, lambda=0)",1234,"URX2MH","Aromatic hydrocarbons","Negative",0
"SGL-WQS (survey, lambda=0)",1234,"URX34M","Aromatic hydrocarbons","Negative",0
"SGL-WQS (survey, lambda=0)",1234,"URXBMA","Aromatic hydrocarbons","Negative",0
"SGL-WQS (survey, lambda=0)",1234,"URXMAD","Aromatic hydrocarbons","Negative",0
"SGL-WQS (survey, lambda=0)",1234,"URXPHG","Aromatic hydrocarbons","Negative",0
"SGL-WQS (survey, lambda=0)",1234,"URXDHB","Dienes/alkenes/epoxides","Negative",0
"SGL-WQS (survey, lambda=0)",1234,"URXMB3","Dienes/alkenes/epoxides","Negative",0
"SGL-WQS (survey, lambda=0)",1234,"URXIPM3","Dienes/alkenes/epoxides","Negative",0
"SGL-WQS (survey, lambda=0)",1234,"URXHP2","Dienes/alkenes/epoxides","Negative",0
"SGL-WQS (survey, lambda=0)",1234,"URXAAM","Nitrile/amide/cyanide-related","Negative",0
"SGL-WQS (survey, lambda=0)",1234,"URXAMC","Nitrile/amide/cyanide-related","Negative",0
"SGL-WQS (survey, lambda=0)",1234,"URXCEM","Nitrile/amide/cyanide-related","Negative",0
"SGL-WQS (survey, lambda=0)",1234,"URXCYM","Nitrile/amide/cyanide-related","Negative",0
"SGL-WQS (survey, lambda=0)",1234,"URXATC","Nitrile/amide/cyanide-related","Negative",0
"SGL-WQS (survey, lambda=0)",1234,"URXHPM","Reactive aldehydes","Negative",0
"SGL-WQS (survey, lambda=0)",1234,"URXPMM","Reactive aldehydes","Negative",0
"SGL-WQS (survey, lambda.min path)",1234,"URX2MH","Aromatic hydrocarbons","Positive",0.0482462287144035
"SGL-WQS (survey, lambda.min path)",1234,"URX34M","Aromatic hydrocarbons","Positive",0.389574047743253
"SGL-WQS (survey, lambda.min path)",1234,"URXBMA","Aromatic hydrocarbons","Positive",0.171086947931367
"SGL-WQS (survey, lambda.min path)",1234,"URXMAD","Aromatic hydrocarbons","Positive",0.391092775610977
"SGL-WQS (survey, lambda.min path)",1234,"URXPHG","Aromatic hydrocarbons","Positive",0
"SGL-WQS (survey, lambda.min path)",1234,"URXDHB","Dienes/alkenes/epoxides","Positive",1
"SGL-WQS (survey, lambda.min path)",1234,"URXMB3","Dienes/alkenes/epoxides","Positive",0
"SGL-WQS (survey, lambda.min path)",1234,"URXIPM3","Dienes/alkenes/epoxides","Positive",0
"SGL-WQS (survey, lambda.min path)",1234,"URXHP2","Dienes/alkenes/epoxides","Positive",0
"SGL-WQS (survey, lambda.min path)",1234,"URXAAM","Nitrile/amide/cyanide-related","Positive",0
"SGL-WQS (survey, lambda.min path)",1234,"URXAMC","Nitrile/amide/cyanide-related","Positive",0.0238266129603803
"SGL-WQS (survey, lambda.min path)",1234,"URXCEM","Nitrile/amide/cyanide-related","Positive",0.67772948058548
"SGL-WQS (survey, lambda.min path)",1234,"URXCYM","Nitrile/amide/cyanide-related","Positive",0
"SGL-WQS (survey, lambda.min path)",1234,"URXATC","Nitrile/amide/cyanide-related","Positive",0.298443906454139
"SGL-WQS (survey, lambda.min path)",1234,"URXHPM","Reactive aldehydes","Positive",0
"SGL-WQS (survey, lambda.min path)",1234,"URXPMM","Reactive aldehydes","Positive",1
"SGL-WQS (survey, lambda.min path)",1234,"URX2MH","Aromatic hydrocarbons","Negative",0
"SGL-WQS (survey, lambda.min path)",1234,"URX34M","Aromatic hydrocarbons","Negative",0
"SGL-WQS (survey, lambda.min path)",1234,"URXBMA","Aromatic hydrocarbons","Negative",0
"SGL-WQS (survey, lambda.min path)",1234,"URXMAD","Aromatic hydrocarbons","Negative",0
"SGL-WQS (survey, lambda.min path)",1234,"URXPHG","Aromatic hydrocarbons","Negative",1
"SGL-WQS (survey, lambda.min path)",1234,"URXDHB","Dienes/alkenes/epoxides","Negative",0
"SGL-WQS (survey, lambda.min path)",1234,"URXMB3","Dienes/alkenes/epoxides","Negative",0.469870134586103
"SGL-WQS (survey, lambda.min path)",1234,"URXIPM3","Dienes/alkenes/epoxides","Negative",0.0120122914043443
"SGL-WQS (survey, lambda.min path)",1234,"URXHP2","Dienes/alkenes/epoxides","Negative",0.518117574009552
"SGL-WQS (survey, lambda.min path)",1234,"URXAAM","Nitrile/amide/cyanide-related","Negative",0.988552631278217
"SGL-WQS (survey, lambda.min path)",1234,"URXAMC","Nitrile/amide/cyanide-related","Negative",0
"SGL-WQS (survey, lambda.min path)",1234,"URXCEM","Nitrile/amide/cyanide-related","Negative",0
"SGL-WQS (survey, lambda.min path)",1234,"URXCYM","Nitrile/amide/cyanide-related","Negative",0.0114473687217833
"SGL-WQS (survey, lambda.min path)",1234,"URXATC","Nitrile/amide/cyanide-related","Negative",0
"SGL-WQS (survey, lambda.min path)",1234,"URXHPM","Reactive aldehydes","Negative",1
"SGL-WQS (survey, lambda.min path)",1234,"URXPMM","Reactive aldehydes","Negative",0
"gWQS",1357,"URXCEM",NA,"Positive",0.170654619592386
"gWQS",1357,"URXCYM",NA,"Positive",0.140286096551716
"gWQS",1357,"URXPMM",NA,"Positive",0.134123235129831
"gWQS",1357,"URX34M",NA,"Positive",0.10372284422614
"gWQS",1357,"URXATC",NA,"Positive",0.100336138762847
"gWQS",1357,"URXBMA",NA,"Positive",0.0967337737529267
"gWQS",1357,"URXMAD",NA,"Positive",0.0801180605281656
"gWQS",1357,"URXAMC",NA,"Positive",0.0784810734606161
"gWQS",1357,"URXDHB",NA,"Positive",0.0434677320205545
"gWQS",1357,"URXAAM",NA,"Positive",0.0119536624756714
"gWQS",1357,"URXHPM",NA,"Positive",0.0109636432386199
"gWQS",1357,"URXHP2",NA,"Positive",0.00749564424122795
"gWQS",1357,"URX2MH",NA,"Positive",0.00694783840532481
"gWQS",1357,"URXPHG",NA,"Positive",0.00561388700227033
"gWQS",1357,"URXIPM3",NA,"Positive",0.00517896991527742
"gWQS",1357,"URXMB3",NA,"Positive",0.00392278069642458
"gWQS",1357,"URXCEM",NA,"Negative",0.0038568244517355
"gWQS",1357,"URXCYM",NA,"Negative",0.00401850669325174
"gWQS",1357,"URXPMM",NA,"Negative",0.00308452710232487
"gWQS",1357,"URX34M",NA,"Negative",0.00388483621584347
"gWQS",1357,"URXATC",NA,"Negative",0.00422527702632797
"gWQS",1357,"URXBMA",NA,"Negative",0.00451204138402021
"gWQS",1357,"URXMAD",NA,"Negative",0.0080239343199256
"gWQS",1357,"URXAMC",NA,"Negative",0.00522925310517115
"gWQS",1357,"URXDHB",NA,"Negative",0.0286425336001146
"gWQS",1357,"URXAAM",NA,"Negative",0.0412838298370657
"gWQS",1357,"URXHPM",NA,"Negative",0.0788150086835649
"gWQS",1357,"URXHP2",NA,"Negative",0.206854076653085
"gWQS",1357,"URX2MH",NA,"Negative",0.0667720079917012
"gWQS",1357,"URXPHG",NA,"Negative",0.263191909313918
"gWQS",1357,"URXIPM3",NA,"Negative",0.0868124085914178
"gWQS",1357,"URXMB3",NA,"Negative",0.190793025030531
"groupWQS",1357,"URX2MH","Aromatic hydrocarbons","Combined",0.0758456845818157
"groupWQS",1357,"URX34M","Aromatic hydrocarbons","Combined",0.0756314341003976
"groupWQS",1357,"URXBMA","Aromatic hydrocarbons","Combined",0.203390733999199
"groupWQS",1357,"URXMAD","Aromatic hydrocarbons","Combined",0.0814813640082929
"groupWQS",1357,"URXPHG","Aromatic hydrocarbons","Combined",0.563650783310227
"groupWQS",1357,"URXDHB","Dienes/alkenes/epoxides","Combined",0.0191583143122275
"groupWQS",1357,"URXMB3","Dienes/alkenes/epoxides","Combined",0.511628366374037
"groupWQS",1357,"URXIPM3","Dienes/alkenes/epoxides","Combined",0.0419203613975242
"groupWQS",1357,"URXHP2","Dienes/alkenes/epoxides","Combined",0.427292957916232
"groupWQS",1357,"URXAAM","Nitrile/amide/cyanide-related","Combined",0.00857959880248399
"groupWQS",1357,"URXAMC","Nitrile/amide/cyanide-related","Combined",0.20175379969493
"groupWQS",1357,"URXCEM","Nitrile/amide/cyanide-related","Combined",0.525041002377993
"groupWQS",1357,"URXCYM","Nitrile/amide/cyanide-related","Combined",0.14190381270427
"groupWQS",1357,"URXATC","Nitrile/amide/cyanide-related","Combined",0.122721786420343
"groupWQS",1357,"URXHPM","Reactive aldehydes","Combined",0.320342132487203
"groupWQS",1357,"URXPMM","Reactive aldehydes","Combined",0.679657867512206
"SGL-WQS (unweighted, lambda=0)",1357,"URX2MH","Aromatic hydrocarbons","Positive",0
"SGL-WQS (unweighted, lambda=0)",1357,"URX34M","Aromatic hydrocarbons","Positive",0.0622608490944023
"SGL-WQS (unweighted, lambda=0)",1357,"URXBMA","Aromatic hydrocarbons","Positive",0.39841536580077
"SGL-WQS (unweighted, lambda=0)",1357,"URXMAD","Aromatic hydrocarbons","Positive",0.539323785104828
"SGL-WQS (unweighted, lambda=0)",1357,"URXPHG","Aromatic hydrocarbons","Positive",0
"SGL-WQS (unweighted, lambda=0)",1357,"URXDHB","Dienes/alkenes/epoxides","Positive",1
"SGL-WQS (unweighted, lambda=0)",1357,"URXMB3","Dienes/alkenes/epoxides","Positive",0
"SGL-WQS (unweighted, lambda=0)",1357,"URXIPM3","Dienes/alkenes/epoxides","Positive",0
"SGL-WQS (unweighted, lambda=0)",1357,"URXHP2","Dienes/alkenes/epoxides","Positive",0
"SGL-WQS (unweighted, lambda=0)",1357,"URXAAM","Nitrile/amide/cyanide-related","Positive",0
"SGL-WQS (unweighted, lambda=0)",1357,"URXAMC","Nitrile/amide/cyanide-related","Positive",0.223037130516231
"SGL-WQS (unweighted, lambda=0)",1357,"URXCEM","Nitrile/amide/cyanide-related","Positive",0.414578524444486
"SGL-WQS (unweighted, lambda=0)",1357,"URXCYM","Nitrile/amide/cyanide-related","Positive",0.184841079380263
"SGL-WQS (unweighted, lambda=0)",1357,"URXATC","Nitrile/amide/cyanide-related","Positive",0.17754326565902
"SGL-WQS (unweighted, lambda=0)",1357,"URXHPM","Reactive aldehydes","Positive",0
"SGL-WQS (unweighted, lambda=0)",1357,"URXPMM","Reactive aldehydes","Positive",1
"SGL-WQS (unweighted, lambda=0)",1357,"URX2MH","Aromatic hydrocarbons","Negative",0.0361821135555519
"SGL-WQS (unweighted, lambda=0)",1357,"URX34M","Aromatic hydrocarbons","Negative",0
"SGL-WQS (unweighted, lambda=0)",1357,"URXBMA","Aromatic hydrocarbons","Negative",0
"SGL-WQS (unweighted, lambda=0)",1357,"URXMAD","Aromatic hydrocarbons","Negative",0
"SGL-WQS (unweighted, lambda=0)",1357,"URXPHG","Aromatic hydrocarbons","Negative",0.963817886444448
"SGL-WQS (unweighted, lambda=0)",1357,"URXDHB","Dienes/alkenes/epoxides","Negative",0
"SGL-WQS (unweighted, lambda=0)",1357,"URXMB3","Dienes/alkenes/epoxides","Negative",0.408805544906797
"SGL-WQS (unweighted, lambda=0)",1357,"URXIPM3","Dienes/alkenes/epoxides","Negative",0.150656460415138
"SGL-WQS (unweighted, lambda=0)",1357,"URXHP2","Dienes/alkenes/epoxides","Negative",0.440537994678065
"SGL-WQS (unweighted, lambda=0)",1357,"URXAAM","Nitrile/amide/cyanide-related","Negative",1
"SGL-WQS (unweighted, lambda=0)",1357,"URXAMC","Nitrile/amide/cyanide-related","Negative",0
"SGL-WQS (unweighted, lambda=0)",1357,"URXCEM","Nitrile/amide/cyanide-related","Negative",0
"SGL-WQS (unweighted, lambda=0)",1357,"URXCYM","Nitrile/amide/cyanide-related","Negative",0
"SGL-WQS (unweighted, lambda=0)",1357,"URXATC","Nitrile/amide/cyanide-related","Negative",0
"SGL-WQS (unweighted, lambda=0)",1357,"URXHPM","Reactive aldehydes","Negative",1
"SGL-WQS (unweighted, lambda=0)",1357,"URXPMM","Reactive aldehydes","Negative",0
"SGL-WQS (unweighted, lambda.min path)",1357,"URX2MH","Aromatic hydrocarbons","Positive",0
"SGL-WQS (unweighted, lambda.min path)",1357,"URX34M","Aromatic hydrocarbons","Positive",0.0217739754643238
"SGL-WQS (unweighted, lambda.min path)",1357,"URXBMA","Aromatic hydrocarbons","Positive",0.469149450785613
"SGL-WQS (unweighted, lambda.min path)",1357,"URXMAD","Aromatic hydrocarbons","Positive",0.509076573750064
"SGL-WQS (unweighted, lambda.min path)",1357,"URXPHG","Aromatic hydrocarbons","Positive",0
"SGL-WQS (unweighted, lambda.min path)",1357,"URXDHB","Dienes/alkenes/epoxides","Positive",1
"SGL-WQS (unweighted, lambda.min path)",1357,"URXMB3","Dienes/alkenes/epoxides","Positive",0
"SGL-WQS (unweighted, lambda.min path)",1357,"URXIPM3","Dienes/alkenes/epoxides","Positive",0
"SGL-WQS (unweighted, lambda.min path)",1357,"URXHP2","Dienes/alkenes/epoxides","Positive",0
"SGL-WQS (unweighted, lambda.min path)",1357,"URXAAM","Nitrile/amide/cyanide-related","Positive",0
"SGL-WQS (unweighted, lambda.min path)",1357,"URXAMC","Nitrile/amide/cyanide-related","Positive",0.232724605518942
"SGL-WQS (unweighted, lambda.min path)",1357,"URXCEM","Nitrile/amide/cyanide-related","Positive",0.419940116820266
"SGL-WQS (unweighted, lambda.min path)",1357,"URXCYM","Nitrile/amide/cyanide-related","Positive",0.159499622268626
"SGL-WQS (unweighted, lambda.min path)",1357,"URXATC","Nitrile/amide/cyanide-related","Positive",0.187835655392166
"SGL-WQS (unweighted, lambda.min path)",1357,"URXHPM","Reactive aldehydes","Positive",0
"SGL-WQS (unweighted, lambda.min path)",1357,"URXPMM","Reactive aldehydes","Positive",1
"SGL-WQS (unweighted, lambda.min path)",1357,"URX2MH","Aromatic hydrocarbons","Negative",0.035925507498154
"SGL-WQS (unweighted, lambda.min path)",1357,"URX34M","Aromatic hydrocarbons","Negative",0
"SGL-WQS (unweighted, lambda.min path)",1357,"URXBMA","Aromatic hydrocarbons","Negative",0
"SGL-WQS (unweighted, lambda.min path)",1357,"URXMAD","Aromatic hydrocarbons","Negative",0
"SGL-WQS (unweighted, lambda.min path)",1357,"URXPHG","Aromatic hydrocarbons","Negative",0.964074492501846
"SGL-WQS (unweighted, lambda.min path)",1357,"URXDHB","Dienes/alkenes/epoxides","Negative",0
"SGL-WQS (unweighted, lambda.min path)",1357,"URXMB3","Dienes/alkenes/epoxides","Negative",0.380536598963405
"SGL-WQS (unweighted, lambda.min path)",1357,"URXIPM3","Dienes/alkenes/epoxides","Negative",0.129259192633558
"SGL-WQS (unweighted, lambda.min path)",1357,"URXHP2","Dienes/alkenes/epoxides","Negative",0.490204208403037
"SGL-WQS (unweighted, lambda.min path)",1357,"URXAAM","Nitrile/amide/cyanide-related","Negative",1
"SGL-WQS (unweighted, lambda.min path)",1357,"URXAMC","Nitrile/amide/cyanide-related","Negative",0
"SGL-WQS (unweighted, lambda.min path)",1357,"URXCEM","Nitrile/amide/cyanide-related","Negative",0
"SGL-WQS (unweighted, lambda.min path)",1357,"URXCYM","Nitrile/amide/cyanide-related","Negative",0
"SGL-WQS (unweighted, lambda.min path)",1357,"URXATC","Nitrile/amide/cyanide-related","Negative",0
"SGL-WQS (unweighted, lambda.min path)",1357,"URXHPM","Reactive aldehydes","Negative",1
"SGL-WQS (unweighted, lambda.min path)",1357,"URXPMM","Reactive aldehydes","Negative",0
"SGL-WQS (survey, lambda=0)",1357,"URX2MH","Aromatic hydrocarbons","Positive",0
"SGL-WQS (survey, lambda=0)",1357,"URX34M","Aromatic hydrocarbons","Positive",0
"SGL-WQS (survey, lambda=0)",1357,"URXBMA","Aromatic hydrocarbons","Positive",0
"SGL-WQS (survey, lambda=0)",1357,"URXMAD","Aromatic hydrocarbons","Positive",0
"SGL-WQS (survey, lambda=0)",1357,"URXPHG","Aromatic hydrocarbons","Positive",0
"SGL-WQS (survey, lambda=0)",1357,"URXDHB","Dienes/alkenes/epoxides","Positive",0
"SGL-WQS (survey, lambda=0)",1357,"URXMB3","Dienes/alkenes/epoxides","Positive",0
"SGL-WQS (survey, lambda=0)",1357,"URXIPM3","Dienes/alkenes/epoxides","Positive",0
"SGL-WQS (survey, lambda=0)",1357,"URXHP2","Dienes/alkenes/epoxides","Positive",0
"SGL-WQS (survey, lambda=0)",1357,"URXAAM","Nitrile/amide/cyanide-related","Positive",0
"SGL-WQS (survey, lambda=0)",1357,"URXAMC","Nitrile/amide/cyanide-related","Positive",0
"SGL-WQS (survey, lambda=0)",1357,"URXCEM","Nitrile/amide/cyanide-related","Positive",0
"SGL-WQS (survey, lambda=0)",1357,"URXCYM","Nitrile/amide/cyanide-related","Positive",0
"SGL-WQS (survey, lambda=0)",1357,"URXATC","Nitrile/amide/cyanide-related","Positive",0
"SGL-WQS (survey, lambda=0)",1357,"URXHPM","Reactive aldehydes","Positive",0
"SGL-WQS (survey, lambda=0)",1357,"URXPMM","Reactive aldehydes","Positive",0
"SGL-WQS (survey, lambda=0)",1357,"URX2MH","Aromatic hydrocarbons","Negative",0
"SGL-WQS (survey, lambda=0)",1357,"URX34M","Aromatic hydrocarbons","Negative",0
"SGL-WQS (survey, lambda=0)",1357,"URXBMA","Aromatic hydrocarbons","Negative",0
"SGL-WQS (survey, lambda=0)",1357,"URXMAD","Aromatic hydrocarbons","Negative",0
"SGL-WQS (survey, lambda=0)",1357,"URXPHG","Aromatic hydrocarbons","Negative",0
"SGL-WQS (survey, lambda=0)",1357,"URXDHB","Dienes/alkenes/epoxides","Negative",0
"SGL-WQS (survey, lambda=0)",1357,"URXMB3","Dienes/alkenes/epoxides","Negative",0
"SGL-WQS (survey, lambda=0)",1357,"URXIPM3","Dienes/alkenes/epoxides","Negative",0
"SGL-WQS (survey, lambda=0)",1357,"URXHP2","Dienes/alkenes/epoxides","Negative",0
"SGL-WQS (survey, lambda=0)",1357,"URXAAM","Nitrile/amide/cyanide-related","Negative",0
"SGL-WQS (survey, lambda=0)",1357,"URXAMC","Nitrile/amide/cyanide-related","Negative",0
"SGL-WQS (survey, lambda=0)",1357,"URXCEM","Nitrile/amide/cyanide-related","Negative",0
"SGL-WQS (survey, lambda=0)",1357,"URXCYM","Nitrile/amide/cyanide-related","Negative",0
"SGL-WQS (survey, lambda=0)",1357,"URXATC","Nitrile/amide/cyanide-related","Negative",0
"SGL-WQS (survey, lambda=0)",1357,"URXHPM","Reactive aldehydes","Negative",0
"SGL-WQS (survey, lambda=0)",1357,"URXPMM","Reactive aldehydes","Negative",0
"SGL-WQS (survey, lambda.min path)",1357,"URX2MH","Aromatic hydrocarbons","Positive",0.0482462287144035
"SGL-WQS (survey, lambda.min path)",1357,"URX34M","Aromatic hydrocarbons","Positive",0.389574047743253
"SGL-WQS (survey, lambda.min path)",1357,"URXBMA","Aromatic hydrocarbons","Positive",0.171086947931367
"SGL-WQS (survey, lambda.min path)",1357,"URXMAD","Aromatic hydrocarbons","Positive",0.391092775610977
"SGL-WQS (survey, lambda.min path)",1357,"URXPHG","Aromatic hydrocarbons","Positive",0
"SGL-WQS (survey, lambda.min path)",1357,"URXDHB","Dienes/alkenes/epoxides","Positive",1
"SGL-WQS (survey, lambda.min path)",1357,"URXMB3","Dienes/alkenes/epoxides","Positive",0
"SGL-WQS (survey, lambda.min path)",1357,"URXIPM3","Dienes/alkenes/epoxides","Positive",0
"SGL-WQS (survey, lambda.min path)",1357,"URXHP2","Dienes/alkenes/epoxides","Positive",0
"SGL-WQS (survey, lambda.min path)",1357,"URXAAM","Nitrile/amide/cyanide-related","Positive",0
"SGL-WQS (survey, lambda.min path)",1357,"URXAMC","Nitrile/amide/cyanide-related","Positive",0.0238266129603803
"SGL-WQS (survey, lambda.min path)",1357,"URXCEM","Nitrile/amide/cyanide-related","Positive",0.67772948058548
"SGL-WQS (survey, lambda.min path)",1357,"URXCYM","Nitrile/amide/cyanide-related","Positive",0
"SGL-WQS (survey, lambda.min path)",1357,"URXATC","Nitrile/amide/cyanide-related","Positive",0.298443906454139
"SGL-WQS (survey, lambda.min path)",1357,"URXHPM","Reactive aldehydes","Positive",0
"SGL-WQS (survey, lambda.min path)",1357,"URXPMM","Reactive aldehydes","Positive",1
"SGL-WQS (survey, lambda.min path)",1357,"URX2MH","Aromatic hydrocarbons","Negative",0
"SGL-WQS (survey, lambda.min path)",1357,"URX34M","Aromatic hydrocarbons","Negative",0
"SGL-WQS (survey, lambda.min path)",1357,"URXBMA","Aromatic hydrocarbons","Negative",0
"SGL-WQS (survey, lambda.min path)",1357,"URXMAD","Aromatic hydrocarbons","Negative",0
"SGL-WQS (survey, lambda.min path)",1357,"URXPHG","Aromatic hydrocarbons","Negative",1
"SGL-WQS (survey, lambda.min path)",1357,"URXDHB","Dienes/alkenes/epoxides","Negative",0
"SGL-WQS (survey, lambda.min path)",1357,"URXMB3","Dienes/alkenes/epoxides","Negative",0.469870134586103
"SGL-WQS (survey, lambda.min path)",1357,"URXIPM3","Dienes/alkenes/epoxides","Negative",0.0120122914043443
"SGL-WQS (survey, lambda.min path)",1357,"URXHP2","Dienes/alkenes/epoxides","Negative",0.518117574009552
"SGL-WQS (survey, lambda.min path)",1357,"URXAAM","Nitrile/amide/cyanide-related","Negative",0.988552631278217
"SGL-WQS (survey, lambda.min path)",1357,"URXAMC","Nitrile/amide/cyanide-related","Negative",0
"SGL-WQS (survey, lambda.min path)",1357,"URXCEM","Nitrile/amide/cyanide-related","Negative",0
"SGL-WQS (survey, lambda.min path)",1357,"URXCYM","Nitrile/amide/cyanide-related","Negative",0.0114473687217833
"SGL-WQS (survey, lambda.min path)",1357,"URXATC","Nitrile/amide/cyanide-related","Negative",0
"SGL-WQS (survey, lambda.min path)",1357,"URXHPM","Reactive aldehydes","Negative",1
"SGL-WQS (survey, lambda.min path)",1357,"URXPMM","Reactive aldehydes","Negative",0
"gWQS",1500,"URXMAD",NA,"Positive",0.242894813417562
"gWQS",1500,"URXPMM",NA,"Positive",0.175784211870204
"gWQS",1500,"URXCEM",NA,"Positive",0.135597239071525
"gWQS",1500,"URXDHB",NA,"Positive",0.0852890628157446
"gWQS",1500,"URXBMA",NA,"Positive",0.0771961227238537
"gWQS",1500,"URXATC",NA,"Positive",0.0754458649012831
"gWQS",1500,"URXAMC",NA,"Positive",0.0598478521019583
"gWQS",1500,"URXCYM",NA,"Positive",0.0537275687844012
"gWQS",1500,"URX34M",NA,"Positive",0.0293481641521154
"gWQS",1500,"URX2MH",NA,"Positive",0.0255205604851005
"gWQS",1500,"URXHPM",NA,"Positive",0.0147919891663917
"gWQS",1500,"URXIPM3",NA,"Positive",0.00698698651292563
"gWQS",1500,"URXPHG",NA,"Positive",0.00462248114150766
"gWQS",1500,"URXHP2",NA,"Positive",0.00457021138839893
"gWQS",1500,"URXAAM",NA,"Positive",0.00435191427334857
"gWQS",1500,"URXMB3",NA,"Positive",0.00402495719367997
"gWQS",1500,"URXMAD",NA,"Negative",0.00386463626750131
"gWQS",1500,"URXPMM",NA,"Negative",0.00362620179361432
"gWQS",1500,"URXCEM",NA,"Negative",0.00379798686960062
"gWQS",1500,"URXDHB",NA,"Negative",0.00667072948476873
"gWQS",1500,"URXBMA",NA,"Negative",0.00567280898661588
"gWQS",1500,"URXATC",NA,"Negative",0.00530299485993121
"gWQS",1500,"URXAMC",NA,"Negative",0.0090418249124141
"gWQS",1500,"URXCYM",NA,"Negative",0.016437242621501
"gWQS",1500,"URX34M",NA,"Negative",0.0387324101414846
"gWQS",1500,"URX2MH",NA,"Negative",0.0329459138444056
"gWQS",1500,"URXHPM",NA,"Negative",0.0616699465348144
"gWQS",1500,"URXIPM3",NA,"Negative",0.074513014468578
"gWQS",1500,"URXPHG",NA,"Negative",0.333907862916032
"gWQS",1500,"URXHP2",NA,"Negative",0.100727986732305
"gWQS",1500,"URXAAM",NA,"Negative",0.126638281448104
"gWQS",1500,"URXMB3",NA,"Negative",0.176450158118328
"groupWQS",1500,"URX2MH","Aromatic hydrocarbons","Combined",0.0723314425771681
"groupWQS",1500,"URX34M","Aromatic hydrocarbons","Combined",0.0748835917762117
"groupWQS",1500,"URXBMA","Aromatic hydrocarbons","Combined",0.24744552962911
"groupWQS",1500,"URXMAD","Aromatic hydrocarbons","Combined",0.322147715214175
"groupWQS",1500,"URXPHG","Aromatic hydrocarbons","Combined",0.283191720803047
"groupWQS",1500,"URXDHB","Dienes/alkenes/epoxides","Combined",0.0475688372704999
"groupWQS",1500,"URXMB3","Dienes/alkenes/epoxides","Combined",0.321103586825496
"groupWQS",1500,"URXIPM3","Dienes/alkenes/epoxides","Combined",0.145359095549701
"groupWQS",1500,"URXHP2","Dienes/alkenes/epoxides","Combined",0.485968480354305
"groupWQS",1500,"URXAAM","Nitrile/amide/cyanide-related","Combined",0.00980133502838112
"groupWQS",1500,"URXAMC","Nitrile/amide/cyanide-related","Combined",0.184005473787647
"groupWQS",1500,"URXCEM","Nitrile/amide/cyanide-related","Combined",0.564429897407807
"groupWQS",1500,"URXCYM","Nitrile/amide/cyanide-related","Combined",0.10663700956007
"groupWQS",1500,"URXATC","Nitrile/amide/cyanide-related","Combined",0.135126284216106
"groupWQS",1500,"URXHPM","Reactive aldehydes","Combined",0.824503734052908
"groupWQS",1500,"URXPMM","Reactive aldehydes","Combined",0.17549626594708
"SGL-WQS (unweighted, lambda=0)",1500,"URX2MH","Aromatic hydrocarbons","Positive",0
"SGL-WQS (unweighted, lambda=0)",1500,"URX34M","Aromatic hydrocarbons","Positive",0.0622608490944023
"SGL-WQS (unweighted, lambda=0)",1500,"URXBMA","Aromatic hydrocarbons","Positive",0.39841536580077
"SGL-WQS (unweighted, lambda=0)",1500,"URXMAD","Aromatic hydrocarbons","Positive",0.539323785104828
"SGL-WQS (unweighted, lambda=0)",1500,"URXPHG","Aromatic hydrocarbons","Positive",0
"SGL-WQS (unweighted, lambda=0)",1500,"URXDHB","Dienes/alkenes/epoxides","Positive",1
"SGL-WQS (unweighted, lambda=0)",1500,"URXMB3","Dienes/alkenes/epoxides","Positive",0
"SGL-WQS (unweighted, lambda=0)",1500,"URXIPM3","Dienes/alkenes/epoxides","Positive",0
"SGL-WQS (unweighted, lambda=0)",1500,"URXHP2","Dienes/alkenes/epoxides","Positive",0
"SGL-WQS (unweighted, lambda=0)",1500,"URXAAM","Nitrile/amide/cyanide-related","Positive",0
"SGL-WQS (unweighted, lambda=0)",1500,"URXAMC","Nitrile/amide/cyanide-related","Positive",0.223037130516231
"SGL-WQS (unweighted, lambda=0)",1500,"URXCEM","Nitrile/amide/cyanide-related","Positive",0.414578524444486
"SGL-WQS (unweighted, lambda=0)",1500,"URXCYM","Nitrile/amide/cyanide-related","Positive",0.184841079380263
"SGL-WQS (unweighted, lambda=0)",1500,"URXATC","Nitrile/amide/cyanide-related","Positive",0.17754326565902
"SGL-WQS (unweighted, lambda=0)",1500,"URXHPM","Reactive aldehydes","Positive",0
"SGL-WQS (unweighted, lambda=0)",1500,"URXPMM","Reactive aldehydes","Positive",1
"SGL-WQS (unweighted, lambda=0)",1500,"URX2MH","Aromatic hydrocarbons","Negative",0.0361821135555519
"SGL-WQS (unweighted, lambda=0)",1500,"URX34M","Aromatic hydrocarbons","Negative",0
"SGL-WQS (unweighted, lambda=0)",1500,"URXBMA","Aromatic hydrocarbons","Negative",0
"SGL-WQS (unweighted, lambda=0)",1500,"URXMAD","Aromatic hydrocarbons","Negative",0
"SGL-WQS (unweighted, lambda=0)",1500,"URXPHG","Aromatic hydrocarbons","Negative",0.963817886444448
"SGL-WQS (unweighted, lambda=0)",1500,"URXDHB","Dienes/alkenes/epoxides","Negative",0
"SGL-WQS (unweighted, lambda=0)",1500,"URXMB3","Dienes/alkenes/epoxides","Negative",0.408805544906797
"SGL-WQS (unweighted, lambda=0)",1500,"URXIPM3","Dienes/alkenes/epoxides","Negative",0.150656460415138
"SGL-WQS (unweighted, lambda=0)",1500,"URXHP2","Dienes/alkenes/epoxides","Negative",0.440537994678065
"SGL-WQS (unweighted, lambda=0)",1500,"URXAAM","Nitrile/amide/cyanide-related","Negative",1
"SGL-WQS (unweighted, lambda=0)",1500,"URXAMC","Nitrile/amide/cyanide-related","Negative",0
"SGL-WQS (unweighted, lambda=0)",1500,"URXCEM","Nitrile/amide/cyanide-related","Negative",0
"SGL-WQS (unweighted, lambda=0)",1500,"URXCYM","Nitrile/amide/cyanide-related","Negative",0
"SGL-WQS (unweighted, lambda=0)",1500,"URXATC","Nitrile/amide/cyanide-related","Negative",0
"SGL-WQS (unweighted, lambda=0)",1500,"URXHPM","Reactive aldehydes","Negative",1
"SGL-WQS (unweighted, lambda=0)",1500,"URXPMM","Reactive aldehydes","Negative",0
"SGL-WQS (unweighted, lambda.min path)",1500,"URX2MH","Aromatic hydrocarbons","Positive",0
"SGL-WQS (unweighted, lambda.min path)",1500,"URX34M","Aromatic hydrocarbons","Positive",0.0249678239221952
"SGL-WQS (unweighted, lambda.min path)",1500,"URXBMA","Aromatic hydrocarbons","Positive",0.459592227341485
"SGL-WQS (unweighted, lambda.min path)",1500,"URXMAD","Aromatic hydrocarbons","Positive",0.51543994873632
"SGL-WQS (unweighted, lambda.min path)",1500,"URXPHG","Aromatic hydrocarbons","Positive",0
"SGL-WQS (unweighted, lambda.min path)",1500,"URXDHB","Dienes/alkenes/epoxides","Positive",1
"SGL-WQS (unweighted, lambda.min path)",1500,"URXMB3","Dienes/alkenes/epoxides","Positive",0
"SGL-WQS (unweighted, lambda.min path)",1500,"URXIPM3","Dienes/alkenes/epoxides","Positive",0
"SGL-WQS (unweighted, lambda.min path)",1500,"URXHP2","Dienes/alkenes/epoxides","Positive",0
"SGL-WQS (unweighted, lambda.min path)",1500,"URXAAM","Nitrile/amide/cyanide-related","Positive",0
"SGL-WQS (unweighted, lambda.min path)",1500,"URXAMC","Nitrile/amide/cyanide-related","Positive",0.232142244601784
"SGL-WQS (unweighted, lambda.min path)",1500,"URXCEM","Nitrile/amide/cyanide-related","Positive",0.420470476868589
"SGL-WQS (unweighted, lambda.min path)",1500,"URXCYM","Nitrile/amide/cyanide-related","Positive",0.160049367674283
"SGL-WQS (unweighted, lambda.min path)",1500,"URXATC","Nitrile/amide/cyanide-related","Positive",0.187337910855344
"SGL-WQS (unweighted, lambda.min path)",1500,"URXHPM","Reactive aldehydes","Positive",0
"SGL-WQS (unweighted, lambda.min path)",1500,"URXPMM","Reactive aldehydes","Positive",1
"SGL-WQS (unweighted, lambda.min path)",1500,"URX2MH","Aromatic hydrocarbons","Negative",0.0365157028887427
"SGL-WQS (unweighted, lambda.min path)",1500,"URX34M","Aromatic hydrocarbons","Negative",0
"SGL-WQS (unweighted, lambda.min path)",1500,"URXBMA","Aromatic hydrocarbons","Negative",0
"SGL-WQS (unweighted, lambda.min path)",1500,"URXMAD","Aromatic hydrocarbons","Negative",0
"SGL-WQS (unweighted, lambda.min path)",1500,"URXPHG","Aromatic hydrocarbons","Negative",0.963484297111257
"SGL-WQS (unweighted, lambda.min path)",1500,"URXDHB","Dienes/alkenes/epoxides","Negative",0
"SGL-WQS (unweighted, lambda.min path)",1500,"URXMB3","Dienes/alkenes/epoxides","Negative",0.382000015927263
"SGL-WQS (unweighted, lambda.min path)",1500,"URXIPM3","Dienes/alkenes/epoxides","Negative",0.130726712607003
"SGL-WQS (unweighted, lambda.min path)",1500,"URXHP2","Dienes/alkenes/epoxides","Negative",0.487273271465734
"SGL-WQS (unweighted, lambda.min path)",1500,"URXAAM","Nitrile/amide/cyanide-related","Negative",1
"SGL-WQS (unweighted, lambda.min path)",1500,"URXAMC","Nitrile/amide/cyanide-related","Negative",0
"SGL-WQS (unweighted, lambda.min path)",1500,"URXCEM","Nitrile/amide/cyanide-related","Negative",0
"SGL-WQS (unweighted, lambda.min path)",1500,"URXCYM","Nitrile/amide/cyanide-related","Negative",0
"SGL-WQS (unweighted, lambda.min path)",1500,"URXATC","Nitrile/amide/cyanide-related","Negative",0
"SGL-WQS (unweighted, lambda.min path)",1500,"URXHPM","Reactive aldehydes","Negative",1
"SGL-WQS (unweighted, lambda.min path)",1500,"URXPMM","Reactive aldehydes","Negative",0
"SGL-WQS (survey, lambda=0)",1500,"URX2MH","Aromatic hydrocarbons","Positive",0
"SGL-WQS (survey, lambda=0)",1500,"URX34M","Aromatic hydrocarbons","Positive",0
"SGL-WQS (survey, lambda=0)",1500,"URXBMA","Aromatic hydrocarbons","Positive",0
"SGL-WQS (survey, lambda=0)",1500,"URXMAD","Aromatic hydrocarbons","Positive",0
"SGL-WQS (survey, lambda=0)",1500,"URXPHG","Aromatic hydrocarbons","Positive",0
"SGL-WQS (survey, lambda=0)",1500,"URXDHB","Dienes/alkenes/epoxides","Positive",0
"SGL-WQS (survey, lambda=0)",1500,"URXMB3","Dienes/alkenes/epoxides","Positive",0
"SGL-WQS (survey, lambda=0)",1500,"URXIPM3","Dienes/alkenes/epoxides","Positive",0
"SGL-WQS (survey, lambda=0)",1500,"URXHP2","Dienes/alkenes/epoxides","Positive",0
"SGL-WQS (survey, lambda=0)",1500,"URXAAM","Nitrile/amide/cyanide-related","Positive",0
"SGL-WQS (survey, lambda=0)",1500,"URXAMC","Nitrile/amide/cyanide-related","Positive",0
"SGL-WQS (survey, lambda=0)",1500,"URXCEM","Nitrile/amide/cyanide-related","Positive",0
"SGL-WQS (survey, lambda=0)",1500,"URXCYM","Nitrile/amide/cyanide-related","Positive",0
"SGL-WQS (survey, lambda=0)",1500,"URXATC","Nitrile/amide/cyanide-related","Positive",0
"SGL-WQS (survey, lambda=0)",1500,"URXHPM","Reactive aldehydes","Positive",0
"SGL-WQS (survey, lambda=0)",1500,"URXPMM","Reactive aldehydes","Positive",0
"SGL-WQS (survey, lambda=0)",1500,"URX2MH","Aromatic hydrocarbons","Negative",0
"SGL-WQS (survey, lambda=0)",1500,"URX34M","Aromatic hydrocarbons","Negative",0
"SGL-WQS (survey, lambda=0)",1500,"URXBMA","Aromatic hydrocarbons","Negative",0
"SGL-WQS (survey, lambda=0)",1500,"URXMAD","Aromatic hydrocarbons","Negative",0
"SGL-WQS (survey, lambda=0)",1500,"URXPHG","Aromatic hydrocarbons","Negative",0
"SGL-WQS (survey, lambda=0)",1500,"URXDHB","Dienes/alkenes/epoxides","Negative",0
"SGL-WQS (survey, lambda=0)",1500,"URXMB3","Dienes/alkenes/epoxides","Negative",0
"SGL-WQS (survey, lambda=0)",1500,"URXIPM3","Dienes/alkenes/epoxides","Negative",0
"SGL-WQS (survey, lambda=0)",1500,"URXHP2","Dienes/alkenes/epoxides","Negative",0
"SGL-WQS (survey, lambda=0)",1500,"URXAAM","Nitrile/amide/cyanide-related","Negative",0
"SGL-WQS (survey, lambda=0)",1500,"URXAMC","Nitrile/amide/cyanide-related","Negative",0
"SGL-WQS (survey, lambda=0)",1500,"URXCEM","Nitrile/amide/cyanide-related","Negative",0
"SGL-WQS (survey, lambda=0)",1500,"URXCYM","Nitrile/amide/cyanide-related","Negative",0
"SGL-WQS (survey, lambda=0)",1500,"URXATC","Nitrile/amide/cyanide-related","Negative",0
"SGL-WQS (survey, lambda=0)",1500,"URXHPM","Reactive aldehydes","Negative",0
"SGL-WQS (survey, lambda=0)",1500,"URXPMM","Reactive aldehydes","Negative",0
"SGL-WQS (survey, lambda.min path)",1500,"URX2MH","Aromatic hydrocarbons","Positive",0.0482462287144035
"SGL-WQS (survey, lambda.min path)",1500,"URX34M","Aromatic hydrocarbons","Positive",0.389574047743253
"SGL-WQS (survey, lambda.min path)",1500,"URXBMA","Aromatic hydrocarbons","Positive",0.171086947931367
"SGL-WQS (survey, lambda.min path)",1500,"URXMAD","Aromatic hydrocarbons","Positive",0.391092775610977
"SGL-WQS (survey, lambda.min path)",1500,"URXPHG","Aromatic hydrocarbons","Positive",0
"SGL-WQS (survey, lambda.min path)",1500,"URXDHB","Dienes/alkenes/epoxides","Positive",1
"SGL-WQS (survey, lambda.min path)",1500,"URXMB3","Dienes/alkenes/epoxides","Positive",0
"SGL-WQS (survey, lambda.min path)",1500,"URXIPM3","Dienes/alkenes/epoxides","Positive",0
"SGL-WQS (survey, lambda.min path)",1500,"URXHP2","Dienes/alkenes/epoxides","Positive",0
"SGL-WQS (survey, lambda.min path)",1500,"URXAAM","Nitrile/amide/cyanide-related","Positive",0
"SGL-WQS (survey, lambda.min path)",1500,"URXAMC","Nitrile/amide/cyanide-related","Positive",0.0238266129603803
"SGL-WQS (survey, lambda.min path)",1500,"URXCEM","Nitrile/amide/cyanide-related","Positive",0.67772948058548
"SGL-WQS (survey, lambda.min path)",1500,"URXCYM","Nitrile/amide/cyanide-related","Positive",0
"SGL-WQS (survey, lambda.min path)",1500,"URXATC","Nitrile/amide/cyanide-related","Positive",0.298443906454139
"SGL-WQS (survey, lambda.min path)",1500,"URXHPM","Reactive aldehydes","Positive",0
"SGL-WQS (survey, lambda.min path)",1500,"URXPMM","Reactive aldehydes","Positive",1
"SGL-WQS (survey, lambda.min path)",1500,"URX2MH","Aromatic hydrocarbons","Negative",0
"SGL-WQS (survey, lambda.min path)",1500,"URX34M","Aromatic hydrocarbons","Negative",0
"SGL-WQS (survey, lambda.min path)",1500,"URXBMA","Aromatic hydrocarbons","Negative",0
"SGL-WQS (survey, lambda.min path)",1500,"URXMAD","Aromatic hydrocarbons","Negative",0
"SGL-WQS (survey, lambda.min path)",1500,"URXPHG","Aromatic hydrocarbons","Negative",1
"SGL-WQS (survey, lambda.min path)",1500,"URXDHB","Dienes/alkenes/epoxides","Negative",0
"SGL-WQS (survey, lambda.min path)",1500,"URXMB3","Dienes/alkenes/epoxides","Negative",0.469870134586103
"SGL-WQS (survey, lambda.min path)",1500,"URXIPM3","Dienes/alkenes/epoxides","Negative",0.0120122914043443
"SGL-WQS (survey, lambda.min path)",1500,"URXHP2","Dienes/alkenes/epoxides","Negative",0.518117574009552
"SGL-WQS (survey, lambda.min path)",1500,"URXAAM","Nitrile/amide/cyanide-related","Negative",0.988552631278217
"SGL-WQS (survey, lambda.min path)",1500,"URXAMC","Nitrile/amide/cyanide-related","Negative",0
"SGL-WQS (survey, lambda.min path)",1500,"URXCEM","Nitrile/amide/cyanide-related","Negative",0
"SGL-WQS (survey, lambda.min path)",1500,"URXCYM","Nitrile/amide/cyanide-related","Negative",0.0114473687217833
"SGL-WQS (survey, lambda.min path)",1500,"URXATC","Nitrile/amide/cyanide-related","Negative",0
"SGL-WQS (survey, lambda.min path)",1500,"URXHPM","Reactive aldehydes","Negative",1
"SGL-WQS (survey, lambda.min path)",1500,"URXPMM","Reactive aldehydes","Negative",0
"gWQS",1618,"URXCEM",NA,"Positive",0.25971266340033
"gWQS",1618,"URXCYM",NA,"Positive",0.148901728545892
"gWQS",1618,"URXMAD",NA,"Positive",0.102178611451692
"gWQS",1618,"URXPMM",NA,"Positive",0.095453487632695
"gWQS",1618,"URXBMA",NA,"Positive",0.0698150416533488
"gWQS",1618,"URXAMC",NA,"Positive",0.0691518481970022
"gWQS",1618,"URXATC",NA,"Positive",0.0657033802692629
"gWQS",1618,"URXDHB",NA,"Positive",0.0492094059380837
"gWQS",1618,"URX2MH",NA,"Positive",0.0414917603851909
"gWQS",1618,"URX34M",NA,"Positive",0.0346660185165011
"gWQS",1618,"URXIPM3",NA,"Positive",0.0246478436929382
"gWQS",1618,"URXHPM",NA,"Positive",0.0214302007993365
"gWQS",1618,"URXMB3",NA,"Positive",0.00652657026435874
"gWQS",1618,"URXHP2",NA,"Positive",0.00428983143149766
"gWQS",1618,"URXAAM",NA,"Positive",0.00343641979426288
"gWQS",1618,"URXPHG",NA,"Positive",0.00338518802760696
"gWQS",1618,"URXCEM",NA,"Negative",0.00365102190722477
"gWQS",1618,"URXCYM",NA,"Negative",0.00354961879167183
"gWQS",1618,"URXMAD",NA,"Negative",0.00660167657110308
"gWQS",1618,"URXPMM",NA,"Negative",0.0153510654872928
"gWQS",1618,"URXBMA",NA,"Negative",0.00831967262836493
"gWQS",1618,"URXAMC",NA,"Negative",0.0135727126732212
"gWQS",1618,"URXATC",NA,"Negative",0.00802927632331946
"gWQS",1618,"URXDHB",NA,"Negative",0.0303550294113032
"gWQS",1618,"URX2MH",NA,"Negative",0.025159852831301
"gWQS",1618,"URX34M",NA,"Negative",0.0369793024898635
"gWQS",1618,"URXIPM3",NA,"Negative",0.0498302261353446
"gWQS",1618,"URXHPM",NA,"Negative",0.0718494194661681
"gWQS",1618,"URXMB3",NA,"Negative",0.130029108480818
"gWQS",1618,"URXHP2",NA,"Negative",0.19189779686091
"gWQS",1618,"URXAAM",NA,"Negative",0.171191685766611
"gWQS",1618,"URXPHG",NA,"Negative",0.233632534175483
"groupWQS",1618,"URX2MH","Aromatic hydrocarbons","Combined",0.0812035325155766
"groupWQS",1618,"URX34M","Aromatic hydrocarbons","Combined",0.0986103935418512
"groupWQS",1618,"URXBMA","Aromatic hydrocarbons","Combined",0.180897906116294
"groupWQS",1618,"URXMAD","Aromatic hydrocarbons","Combined",0.0408921886706519
"groupWQS",1618,"URXPHG","Aromatic hydrocarbons","Combined",0.598395979155595
"groupWQS",1618,"URXDHB","Dienes/alkenes/epoxides","Combined",0.00453310518576993
"groupWQS",1618,"URXMB3","Dienes/alkenes/epoxides","Combined",0.234401593009178
"groupWQS",1618,"URXIPM3","Dienes/alkenes/epoxides","Combined",0.295978372487425
"groupWQS",1618,"URXHP2","Dienes/alkenes/epoxides","Combined",0.465086929317632
"groupWQS",1618,"URXAAM","Nitrile/amide/cyanide-related","Combined",0.0127555831710778
"groupWQS",1618,"URXAMC","Nitrile/amide/cyanide-related","Combined",0.419026381574301
"groupWQS",1618,"URXCEM","Nitrile/amide/cyanide-related","Combined",0.315490542478281
"groupWQS",1618,"URXCYM","Nitrile/amide/cyanide-related","Combined",0.0694589906554469
"groupWQS",1618,"URXATC","Nitrile/amide/cyanide-related","Combined",0.183268502120931
"groupWQS",1618,"URXHPM","Reactive aldehydes","Combined",0.353551888258608
"groupWQS",1618,"URXPMM","Reactive aldehydes","Combined",0.64644811174137
"SGL-WQS (unweighted, lambda=0)",1618,"URX2MH","Aromatic hydrocarbons","Positive",0
"SGL-WQS (unweighted, lambda=0)",1618,"URX34M","Aromatic hydrocarbons","Positive",0.0622608490944023
"SGL-WQS (unweighted, lambda=0)",1618,"URXBMA","Aromatic hydrocarbons","Positive",0.39841536580077
"SGL-WQS (unweighted, lambda=0)",1618,"URXMAD","Aromatic hydrocarbons","Positive",0.539323785104828
"SGL-WQS (unweighted, lambda=0)",1618,"URXPHG","Aromatic hydrocarbons","Positive",0
"SGL-WQS (unweighted, lambda=0)",1618,"URXDHB","Dienes/alkenes/epoxides","Positive",1
"SGL-WQS (unweighted, lambda=0)",1618,"URXMB3","Dienes/alkenes/epoxides","Positive",0
"SGL-WQS (unweighted, lambda=0)",1618,"URXIPM3","Dienes/alkenes/epoxides","Positive",0
"SGL-WQS (unweighted, lambda=0)",1618,"URXHP2","Dienes/alkenes/epoxides","Positive",0
"SGL-WQS (unweighted, lambda=0)",1618,"URXAAM","Nitrile/amide/cyanide-related","Positive",0
"SGL-WQS (unweighted, lambda=0)",1618,"URXAMC","Nitrile/amide/cyanide-related","Positive",0.223037130516231
"SGL-WQS (unweighted, lambda=0)",1618,"URXCEM","Nitrile/amide/cyanide-related","Positive",0.414578524444486
"SGL-WQS (unweighted, lambda=0)",1618,"URXCYM","Nitrile/amide/cyanide-related","Positive",0.184841079380263
"SGL-WQS (unweighted, lambda=0)",1618,"URXATC","Nitrile/amide/cyanide-related","Positive",0.17754326565902
"SGL-WQS (unweighted, lambda=0)",1618,"URXHPM","Reactive aldehydes","Positive",0
"SGL-WQS (unweighted, lambda=0)",1618,"URXPMM","Reactive aldehydes","Positive",1
"SGL-WQS (unweighted, lambda=0)",1618,"URX2MH","Aromatic hydrocarbons","Negative",0.0361821135555519
"SGL-WQS (unweighted, lambda=0)",1618,"URX34M","Aromatic hydrocarbons","Negative",0
"SGL-WQS (unweighted, lambda=0)",1618,"URXBMA","Aromatic hydrocarbons","Negative",0
"SGL-WQS (unweighted, lambda=0)",1618,"URXMAD","Aromatic hydrocarbons","Negative",0
"SGL-WQS (unweighted, lambda=0)",1618,"URXPHG","Aromatic hydrocarbons","Negative",0.963817886444448
"SGL-WQS (unweighted, lambda=0)",1618,"URXDHB","Dienes/alkenes/epoxides","Negative",0
"SGL-WQS (unweighted, lambda=0)",1618,"URXMB3","Dienes/alkenes/epoxides","Negative",0.408805544906797
"SGL-WQS (unweighted, lambda=0)",1618,"URXIPM3","Dienes/alkenes/epoxides","Negative",0.150656460415138
"SGL-WQS (unweighted, lambda=0)",1618,"URXHP2","Dienes/alkenes/epoxides","Negative",0.440537994678065
"SGL-WQS (unweighted, lambda=0)",1618,"URXAAM","Nitrile/amide/cyanide-related","Negative",1
"SGL-WQS (unweighted, lambda=0)",1618,"URXAMC","Nitrile/amide/cyanide-related","Negative",0
"SGL-WQS (unweighted, lambda=0)",1618,"URXCEM","Nitrile/amide/cyanide-related","Negative",0
"SGL-WQS (unweighted, lambda=0)",1618,"URXCYM","Nitrile/amide/cyanide-related","Negative",0
"SGL-WQS (unweighted, lambda=0)",1618,"URXATC","Nitrile/amide/cyanide-related","Negative",0
"SGL-WQS (unweighted, lambda=0)",1618,"URXHPM","Reactive aldehydes","Negative",1
"SGL-WQS (unweighted, lambda=0)",1618,"URXPMM","Reactive aldehydes","Negative",0
"SGL-WQS (unweighted, lambda.min path)",1618,"URX2MH","Aromatic hydrocarbons","Positive",0
"SGL-WQS (unweighted, lambda.min path)",1618,"URX34M","Aromatic hydrocarbons","Positive",0.0182201846612418
"SGL-WQS (unweighted, lambda.min path)",1618,"URXBMA","Aromatic hydrocarbons","Positive",0.484504374835907
"SGL-WQS (unweighted, lambda.min path)",1618,"URXMAD","Aromatic hydrocarbons","Positive",0.497275440502851
"SGL-WQS (unweighted, lambda.min path)",1618,"URXPHG","Aromatic hydrocarbons","Positive",0
"SGL-WQS (unweighted, lambda.min path)",1618,"URXDHB","Dienes/alkenes/epoxides","Positive",1
"SGL-WQS (unweighted, lambda.min path)",1618,"URXMB3","Dienes/alkenes/epoxides","Positive",0
"SGL-WQS (unweighted, lambda.min path)",1618,"URXIPM3","Dienes/alkenes/epoxides","Positive",0
"SGL-WQS (unweighted, lambda.min path)",1618,"URXHP2","Dienes/alkenes/epoxides","Positive",0
"SGL-WQS (unweighted, lambda.min path)",1618,"URXAAM","Nitrile/amide/cyanide-related","Positive",0
"SGL-WQS (unweighted, lambda.min path)",1618,"URXAMC","Nitrile/amide/cyanide-related","Positive",0.233546769978155
"SGL-WQS (unweighted, lambda.min path)",1618,"URXCEM","Nitrile/amide/cyanide-related","Positive",0.418878177096217
"SGL-WQS (unweighted, lambda.min path)",1618,"URXCYM","Nitrile/amide/cyanide-related","Positive",0.159136151641464
"SGL-WQS (unweighted, lambda.min path)",1618,"URXATC","Nitrile/amide/cyanide-related","Positive",0.188438901284164
"SGL-WQS (unweighted, lambda.min path)",1618,"URXHPM","Reactive aldehydes","Positive",0
"SGL-WQS (unweighted, lambda.min path)",1618,"URXPMM","Reactive aldehydes","Positive",1
"SGL-WQS (unweighted, lambda.min path)",1618,"URX2MH","Aromatic hydrocarbons","Negative",0.0338714573545048
"SGL-WQS (unweighted, lambda.min path)",1618,"URX34M","Aromatic hydrocarbons","Negative",0
"SGL-WQS (unweighted, lambda.min path)",1618,"URXBMA","Aromatic hydrocarbons","Negative",0
"SGL-WQS (unweighted, lambda.min path)",1618,"URXMAD","Aromatic hydrocarbons","Negative",0
"SGL-WQS (unweighted, lambda.min path)",1618,"URXPHG","Aromatic hydrocarbons","Negative",0.966128542645495
"SGL-WQS (unweighted, lambda.min path)",1618,"URXDHB","Dienes/alkenes/epoxides","Negative",0
"SGL-WQS (unweighted, lambda.min path)",1618,"URXMB3","Dienes/alkenes/epoxides","Negative",0.378604154529361
"SGL-WQS (unweighted, lambda.min path)",1618,"URXIPM3","Dienes/alkenes/epoxides","Negative",0.126990633547559
"SGL-WQS (unweighted, lambda.min path)",1618,"URXHP2","Dienes/alkenes/epoxides","Negative",0.49440521192308
"SGL-WQS (unweighted, lambda.min path)",1618,"URXAAM","Nitrile/amide/cyanide-related","Negative",1
"SGL-WQS (unweighted, lambda.min path)",1618,"URXAMC","Nitrile/amide/cyanide-related","Negative",0
"SGL-WQS (unweighted, lambda.min path)",1618,"URXCEM","Nitrile/amide/cyanide-related","Negative",0
"SGL-WQS (unweighted, lambda.min path)",1618,"URXCYM","Nitrile/amide/cyanide-related","Negative",0
"SGL-WQS (unweighted, lambda.min path)",1618,"URXATC","Nitrile/amide/cyanide-related","Negative",0
"SGL-WQS (unweighted, lambda.min path)",1618,"URXHPM","Reactive aldehydes","Negative",1
"SGL-WQS (unweighted, lambda.min path)",1618,"URXPMM","Reactive aldehydes","Negative",0
"SGL-WQS (survey, lambda=0)",1618,"URX2MH","Aromatic hydrocarbons","Positive",0
"SGL-WQS (survey, lambda=0)",1618,"URX34M","Aromatic hydrocarbons","Positive",0
"SGL-WQS (survey, lambda=0)",1618,"URXBMA","Aromatic hydrocarbons","Positive",0
"SGL-WQS (survey, lambda=0)",1618,"URXMAD","Aromatic hydrocarbons","Positive",0
"SGL-WQS (survey, lambda=0)",1618,"URXPHG","Aromatic hydrocarbons","Positive",0
"SGL-WQS (survey, lambda=0)",1618,"URXDHB","Dienes/alkenes/epoxides","Positive",0
"SGL-WQS (survey, lambda=0)",1618,"URXMB3","Dienes/alkenes/epoxides","Positive",0
"SGL-WQS (survey, lambda=0)",1618,"URXIPM3","Dienes/alkenes/epoxides","Positive",0
"SGL-WQS (survey, lambda=0)",1618,"URXHP2","Dienes/alkenes/epoxides","Positive",0
"SGL-WQS (survey, lambda=0)",1618,"URXAAM","Nitrile/amide/cyanide-related","Positive",0
"SGL-WQS (survey, lambda=0)",1618,"URXAMC","Nitrile/amide/cyanide-related","Positive",0
"SGL-WQS (survey, lambda=0)",1618,"URXCEM","Nitrile/amide/cyanide-related","Positive",0
"SGL-WQS (survey, lambda=0)",1618,"URXCYM","Nitrile/amide/cyanide-related","Positive",0
"SGL-WQS (survey, lambda=0)",1618,"URXATC","Nitrile/amide/cyanide-related","Positive",0
"SGL-WQS (survey, lambda=0)",1618,"URXHPM","Reactive aldehydes","Positive",0
"SGL-WQS (survey, lambda=0)",1618,"URXPMM","Reactive aldehydes","Positive",0
"SGL-WQS (survey, lambda=0)",1618,"URX2MH","Aromatic hydrocarbons","Negative",0
"SGL-WQS (survey, lambda=0)",1618,"URX34M","Aromatic hydrocarbons","Negative",0
"SGL-WQS (survey, lambda=0)",1618,"URXBMA","Aromatic hydrocarbons","Negative",0
"SGL-WQS (survey, lambda=0)",1618,"URXMAD","Aromatic hydrocarbons","Negative",0
"SGL-WQS (survey, lambda=0)",1618,"URXPHG","Aromatic hydrocarbons","Negative",0
"SGL-WQS (survey, lambda=0)",1618,"URXDHB","Dienes/alkenes/epoxides","Negative",0
"SGL-WQS (survey, lambda=0)",1618,"URXMB3","Dienes/alkenes/epoxides","Negative",0
"SGL-WQS (survey, lambda=0)",1618,"URXIPM3","Dienes/alkenes/epoxides","Negative",0
"SGL-WQS (survey, lambda=0)",1618,"URXHP2","Dienes/alkenes/epoxides","Negative",0
"SGL-WQS (survey, lambda=0)",1618,"URXAAM","Nitrile/amide/cyanide-related","Negative",0
"SGL-WQS (survey, lambda=0)",1618,"URXAMC","Nitrile/amide/cyanide-related","Negative",0
"SGL-WQS (survey, lambda=0)",1618,"URXCEM","Nitrile/amide/cyanide-related","Negative",0
"SGL-WQS (survey, lambda=0)",1618,"URXCYM","Nitrile/amide/cyanide-related","Negative",0
"SGL-WQS (survey, lambda=0)",1618,"URXATC","Nitrile/amide/cyanide-related","Negative",0
"SGL-WQS (survey, lambda=0)",1618,"URXHPM","Reactive aldehydes","Negative",0
"SGL-WQS (survey, lambda=0)",1618,"URXPMM","Reactive aldehydes","Negative",0
"SGL-WQS (survey, lambda.min path)",1618,"URX2MH","Aromatic hydrocarbons","Positive",0.0258535893755966
"SGL-WQS (survey, lambda.min path)",1618,"URX34M","Aromatic hydrocarbons","Positive",0.401303683157855
"SGL-WQS (survey, lambda.min path)",1618,"URXBMA","Aromatic hydrocarbons","Positive",0.161312933526222
"SGL-WQS (survey, lambda.min path)",1618,"URXMAD","Aromatic hydrocarbons","Positive",0.411529793940327
"SGL-WQS (survey, lambda.min path)",1618,"URXPHG","Aromatic hydrocarbons","Positive",0
"SGL-WQS (survey, lambda.min path)",1618,"URXDHB","Dienes/alkenes/epoxides","Positive",1
"SGL-WQS (survey, lambda.min path)",1618,"URXMB3","Dienes/alkenes/epoxides","Positive",0
"SGL-WQS (survey, lambda.min path)",1618,"URXIPM3","Dienes/alkenes/epoxides","Positive",0
"SGL-WQS (survey, lambda.min path)",1618,"URXHP2","Dienes/alkenes/epoxides","Positive",0
"SGL-WQS (survey, lambda.min path)",1618,"URXAAM","Nitrile/amide/cyanide-related","Positive",0
"SGL-WQS (survey, lambda.min path)",1618,"URXAMC","Nitrile/amide/cyanide-related","Positive",0.0242394977969683
"SGL-WQS (survey, lambda.min path)",1618,"URXCEM","Nitrile/amide/cyanide-related","Positive",0.679478962552953
"SGL-WQS (survey, lambda.min path)",1618,"URXCYM","Nitrile/amide/cyanide-related","Positive",0
"SGL-WQS (survey, lambda.min path)",1618,"URXATC","Nitrile/amide/cyanide-related","Positive",0.296281539650079
"SGL-WQS (survey, lambda.min path)",1618,"URXHPM","Reactive aldehydes","Positive",0
"SGL-WQS (survey, lambda.min path)",1618,"URXPMM","Reactive aldehydes","Positive",1
"SGL-WQS (survey, lambda.min path)",1618,"URX2MH","Aromatic hydrocarbons","Negative",0
"SGL-WQS (survey, lambda.min path)",1618,"URX34M","Aromatic hydrocarbons","Negative",0
"SGL-WQS (survey, lambda.min path)",1618,"URXBMA","Aromatic hydrocarbons","Negative",0
"SGL-WQS (survey, lambda.min path)",1618,"URXMAD","Aromatic hydrocarbons","Negative",0
"SGL-WQS (survey, lambda.min path)",1618,"URXPHG","Aromatic hydrocarbons","Negative",1
"SGL-WQS (survey, lambda.min path)",1618,"URXDHB","Dienes/alkenes/epoxides","Negative",0
"SGL-WQS (survey, lambda.min path)",1618,"URXMB3","Dienes/alkenes/epoxides","Negative",0.48188193001147
"SGL-WQS (survey, lambda.min path)",1618,"URXIPM3","Dienes/alkenes/epoxides","Negative",0.0180371575038786
"SGL-WQS (survey, lambda.min path)",1618,"URXHP2","Dienes/alkenes/epoxides","Negative",0.500080912484651
"SGL-WQS (survey, lambda.min path)",1618,"URXAAM","Nitrile/amide/cyanide-related","Negative",1
"SGL-WQS (survey, lambda.min path)",1618,"URXAMC","Nitrile/amide/cyanide-related","Negative",0
"SGL-WQS (survey, lambda.min path)",1618,"URXCEM","Nitrile/amide/cyanide-related","Negative",0
"SGL-WQS (survey, lambda.min path)",1618,"URXCYM","Nitrile/amide/cyanide-related","Negative",0
"SGL-WQS (survey, lambda.min path)",1618,"URXATC","Nitrile/amide/cyanide-related","Negative",0
"SGL-WQS (survey, lambda.min path)",1618,"URXHPM","Reactive aldehydes","Negative",1
"SGL-WQS (survey, lambda.min path)",1618,"URXPMM","Reactive aldehydes","Negative",0
"gWQS",1729,"URXCEM",NA,"Positive",0.255564823434138
"gWQS",1729,"URXPMM",NA,"Positive",0.214933896153282
"gWQS",1729,"URXATC",NA,"Positive",0.107657424670185
"gWQS",1729,"URXBMA",NA,"Positive",0.0837401378795739
"gWQS",1729,"URXCYM",NA,"Positive",0.0770292052915646
"gWQS",1729,"URXAMC",NA,"Positive",0.0751721418965207
"gWQS",1729,"URXDHB",NA,"Positive",0.0667098005043755
"gWQS",1729,"URXMAD",NA,"Positive",0.0376768333599152
"gWQS",1729,"URX34M",NA,"Positive",0.034633098160833
"gWQS",1729,"URX2MH",NA,"Positive",0.016505736834913
"gWQS",1729,"URXIPM3",NA,"Positive",0.00621626383433496
"gWQS",1729,"URXPHG",NA,"Positive",0.00555751313216999
"gWQS",1729,"URXAAM",NA,"Positive",0.005447845146117
"gWQS",1729,"URXMB3",NA,"Positive",0.00526706821419292
"gWQS",1729,"URXHP2",NA,"Positive",0.00474185288482334
"gWQS",1729,"URXHPM",NA,"Positive",0.00314635860306019
"gWQS",1729,"URXCEM",NA,"Negative",0.00486433853588517
"gWQS",1729,"URXPMM",NA,"Negative",0.00350534527300692
"gWQS",1729,"URXATC",NA,"Negative",0.00612777439127792
"gWQS",1729,"URXBMA",NA,"Negative",0.00473925378473398
"gWQS",1729,"URXCYM",NA,"Negative",0.00935121332817664
"gWQS",1729,"URXAMC",NA,"Negative",0.0070857911262589
"gWQS",1729,"URXDHB",NA,"Negative",0.0169452059607123
"gWQS",1729,"URXMAD",NA,"Negative",0.0265779071612672
"gWQS",1729,"URX34M",NA,"Negative",0.0366752841642676
"gWQS",1729,"URX2MH",NA,"Negative",0.0487611592470808
"gWQS",1729,"URXIPM3",NA,"Negative",0.103261978736035
"gWQS",1729,"URXPHG",NA,"Negative",0.153403839357601
"gWQS",1729,"URXAAM",NA,"Negative",0.103407939423379
"gWQS",1729,"URXMB3",NA,"Negative",0.145284600185684
"gWQS",1729,"URXHP2",NA,"Negative",0.159497818655202
"gWQS",1729,"URXHPM",NA,"Negative",0.170510550669431
"groupWQS",1729,"URX2MH","Aromatic hydrocarbons","Combined",0.089906669102645
"groupWQS",1729,"URX34M","Aromatic hydrocarbons","Combined",0.0422629253546652
"groupWQS",1729,"URXBMA","Aromatic hydrocarbons","Combined",0.0875605024165143
"groupWQS",1729,"URXMAD","Aromatic hydrocarbons","Combined",0.0250886176396859
"groupWQS",1729,"URXPHG","Aromatic hydrocarbons","Combined",0.755181285486247
"groupWQS",1729,"URXDHB","Dienes/alkenes/epoxides","Combined",0.0567493928210246
"groupWQS",1729,"URXMB3","Dienes/alkenes/epoxides","Combined",0.460040454811216
"groupWQS",1729,"URXIPM3","Dienes/alkenes/epoxides","Combined",0.11103815541979
"groupWQS",1729,"URXHP2","Dienes/alkenes/epoxides","Combined",0.37217199694797
"groupWQS",1729,"URXAAM","Nitrile/amide/cyanide-related","Combined",0.0260359503706314
"groupWQS",1729,"URXAMC","Nitrile/amide/cyanide-related","Combined",0.117892187802809
"groupWQS",1729,"URXCEM","Nitrile/amide/cyanide-related","Combined",0.449355642840146
"groupWQS",1729,"URXCYM","Nitrile/amide/cyanide-related","Combined",0.246406205036081
"groupWQS",1729,"URXATC","Nitrile/amide/cyanide-related","Combined",0.160310013950288
"groupWQS",1729,"URXHPM","Reactive aldehydes","Combined",0.158180750892241
"groupWQS",1729,"URXPMM","Reactive aldehydes","Combined",0.84181924910776
"SGL-WQS (unweighted, lambda=0)",1729,"URX2MH","Aromatic hydrocarbons","Positive",0
"SGL-WQS (unweighted, lambda=0)",1729,"URX34M","Aromatic hydrocarbons","Positive",0.0622608490944023
"SGL-WQS (unweighted, lambda=0)",1729,"URXBMA","Aromatic hydrocarbons","Positive",0.39841536580077
"SGL-WQS (unweighted, lambda=0)",1729,"URXMAD","Aromatic hydrocarbons","Positive",0.539323785104828
"SGL-WQS (unweighted, lambda=0)",1729,"URXPHG","Aromatic hydrocarbons","Positive",0
"SGL-WQS (unweighted, lambda=0)",1729,"URXDHB","Dienes/alkenes/epoxides","Positive",1
"SGL-WQS (unweighted, lambda=0)",1729,"URXMB3","Dienes/alkenes/epoxides","Positive",0
"SGL-WQS (unweighted, lambda=0)",1729,"URXIPM3","Dienes/alkenes/epoxides","Positive",0
"SGL-WQS (unweighted, lambda=0)",1729,"URXHP2","Dienes/alkenes/epoxides","Positive",0
"SGL-WQS (unweighted, lambda=0)",1729,"URXAAM","Nitrile/amide/cyanide-related","Positive",0
"SGL-WQS (unweighted, lambda=0)",1729,"URXAMC","Nitrile/amide/cyanide-related","Positive",0.223037130516231
"SGL-WQS (unweighted, lambda=0)",1729,"URXCEM","Nitrile/amide/cyanide-related","Positive",0.414578524444486
"SGL-WQS (unweighted, lambda=0)",1729,"URXCYM","Nitrile/amide/cyanide-related","Positive",0.184841079380263
"SGL-WQS (unweighted, lambda=0)",1729,"URXATC","Nitrile/amide/cyanide-related","Positive",0.17754326565902
"SGL-WQS (unweighted, lambda=0)",1729,"URXHPM","Reactive aldehydes","Positive",0
"SGL-WQS (unweighted, lambda=0)",1729,"URXPMM","Reactive aldehydes","Positive",1
"SGL-WQS (unweighted, lambda=0)",1729,"URX2MH","Aromatic hydrocarbons","Negative",0.0361821135555519
"SGL-WQS (unweighted, lambda=0)",1729,"URX34M","Aromatic hydrocarbons","Negative",0
"SGL-WQS (unweighted, lambda=0)",1729,"URXBMA","Aromatic hydrocarbons","Negative",0
"SGL-WQS (unweighted, lambda=0)",1729,"URXMAD","Aromatic hydrocarbons","Negative",0
"SGL-WQS (unweighted, lambda=0)",1729,"URXPHG","Aromatic hydrocarbons","Negative",0.963817886444448
"SGL-WQS (unweighted, lambda=0)",1729,"URXDHB","Dienes/alkenes/epoxides","Negative",0
"SGL-WQS (unweighted, lambda=0)",1729,"URXMB3","Dienes/alkenes/epoxides","Negative",0.408805544906797
"SGL-WQS (unweighted, lambda=0)",1729,"URXIPM3","Dienes/alkenes/epoxides","Negative",0.150656460415138
"SGL-WQS (unweighted, lambda=0)",1729,"URXHP2","Dienes/alkenes/epoxides","Negative",0.440537994678065
"SGL-WQS (unweighted, lambda=0)",1729,"URXAAM","Nitrile/amide/cyanide-related","Negative",1
"SGL-WQS (unweighted, lambda=0)",1729,"URXAMC","Nitrile/amide/cyanide-related","Negative",0
"SGL-WQS (unweighted, lambda=0)",1729,"URXCEM","Nitrile/amide/cyanide-related","Negative",0
"SGL-WQS (unweighted, lambda=0)",1729,"URXCYM","Nitrile/amide/cyanide-related","Negative",0
"SGL-WQS (unweighted, lambda=0)",1729,"URXATC","Nitrile/amide/cyanide-related","Negative",0
"SGL-WQS (unweighted, lambda=0)",1729,"URXHPM","Reactive aldehydes","Negative",1
"SGL-WQS (unweighted, lambda=0)",1729,"URXPMM","Reactive aldehydes","Negative",0
"SGL-WQS (unweighted, lambda.min path)",1729,"URX2MH","Aromatic hydrocarbons","Positive",0
"SGL-WQS (unweighted, lambda.min path)",1729,"URX34M","Aromatic hydrocarbons","Positive",0.0139161658884947
"SGL-WQS (unweighted, lambda.min path)",1729,"URXBMA","Aromatic hydrocarbons","Positive",0.505129740305432
"SGL-WQS (unweighted, lambda.min path)",1729,"URXMAD","Aromatic hydrocarbons","Positive",0.480954093806073
"SGL-WQS (unweighted, lambda.min path)",1729,"URXPHG","Aromatic hydrocarbons","Positive",0
"SGL-WQS (unweighted, lambda.min path)",1729,"URXDHB","Dienes/alkenes/epoxides","Positive",1
"SGL-WQS (unweighted, lambda.min path)",1729,"URXMB3","Dienes/alkenes/epoxides","Positive",0
"SGL-WQS (unweighted, lambda.min path)",1729,"URXIPM3","Dienes/alkenes/epoxides","Positive",0
"SGL-WQS (unweighted, lambda.min path)",1729,"URXHP2","Dienes/alkenes/epoxides","Positive",0
"SGL-WQS (unweighted, lambda.min path)",1729,"URXAAM","Nitrile/amide/cyanide-related","Positive",0
"SGL-WQS (unweighted, lambda.min path)",1729,"URXAMC","Nitrile/amide/cyanide-related","Positive",0.234658239166245
"SGL-WQS (unweighted, lambda.min path)",1729,"URXCEM","Nitrile/amide/cyanide-related","Positive",0.41633340698938
"SGL-WQS (unweighted, lambda.min path)",1729,"URXCYM","Nitrile/amide/cyanide-related","Positive",0.159946626234545
"SGL-WQS (unweighted, lambda.min path)",1729,"URXATC","Nitrile/amide/cyanide-related","Positive",0.189061727609831
"SGL-WQS (unweighted, lambda.min path)",1729,"URXHPM","Reactive aldehydes","Positive",0
"SGL-WQS (unweighted, lambda.min path)",1729,"URXPMM","Reactive aldehydes","Positive",1
"SGL-WQS (unweighted, lambda.min path)",1729,"URX2MH","Aromatic hydrocarbons","Negative",0.0270712923095685
"SGL-WQS (unweighted, lambda.min path)",1729,"URX34M","Aromatic hydrocarbons","Negative",0
"SGL-WQS (unweighted, lambda.min path)",1729,"URXBMA","Aromatic hydrocarbons","Negative",0
"SGL-WQS (unweighted, lambda.min path)",1729,"URXMAD","Aromatic hydrocarbons","Negative",0
"SGL-WQS (unweighted, lambda.min path)",1729,"URXPHG","Aromatic hydrocarbons","Negative",0.972928707690431
"SGL-WQS (unweighted, lambda.min path)",1729,"URXDHB","Dienes/alkenes/epoxides","Negative",0
"SGL-WQS (unweighted, lambda.min path)",1729,"URXMB3","Dienes/alkenes/epoxides","Negative",0.376642658722658
"SGL-WQS (unweighted, lambda.min path)",1729,"URXIPM3","Dienes/alkenes/epoxides","Negative",0.122231554406613
"SGL-WQS (unweighted, lambda.min path)",1729,"URXHP2","Dienes/alkenes/epoxides","Negative",0.501125786870729
"SGL-WQS (unweighted, lambda.min path)",1729,"URXAAM","Nitrile/amide/cyanide-related","Negative",1
"SGL-WQS (unweighted, lambda.min path)",1729,"URXAMC","Nitrile/amide/cyanide-related","Negative",0
"SGL-WQS (unweighted, lambda.min path)",1729,"URXCEM","Nitrile/amide/cyanide-related","Negative",0
"SGL-WQS (unweighted, lambda.min path)",1729,"URXCYM","Nitrile/amide/cyanide-related","Negative",0
"SGL-WQS (unweighted, lambda.min path)",1729,"URXATC","Nitrile/amide/cyanide-related","Negative",0
"SGL-WQS (unweighted, lambda.min path)",1729,"URXHPM","Reactive aldehydes","Negative",1
"SGL-WQS (unweighted, lambda.min path)",1729,"URXPMM","Reactive aldehydes","Negative",0
"SGL-WQS (survey, lambda=0)",1729,"URX2MH","Aromatic hydrocarbons","Positive",0
"SGL-WQS (survey, lambda=0)",1729,"URX34M","Aromatic hydrocarbons","Positive",0
"SGL-WQS (survey, lambda=0)",1729,"URXBMA","Aromatic hydrocarbons","Positive",0
"SGL-WQS (survey, lambda=0)",1729,"URXMAD","Aromatic hydrocarbons","Positive",0
"SGL-WQS (survey, lambda=0)",1729,"URXPHG","Aromatic hydrocarbons","Positive",0
"SGL-WQS (survey, lambda=0)",1729,"URXDHB","Dienes/alkenes/epoxides","Positive",0
"SGL-WQS (survey, lambda=0)",1729,"URXMB3","Dienes/alkenes/epoxides","Positive",0
"SGL-WQS (survey, lambda=0)",1729,"URXIPM3","Dienes/alkenes/epoxides","Positive",0
"SGL-WQS (survey, lambda=0)",1729,"URXHP2","Dienes/alkenes/epoxides","Positive",0
"SGL-WQS (survey, lambda=0)",1729,"URXAAM","Nitrile/amide/cyanide-related","Positive",0
"SGL-WQS (survey, lambda=0)",1729,"URXAMC","Nitrile/amide/cyanide-related","Positive",0
"SGL-WQS (survey, lambda=0)",1729,"URXCEM","Nitrile/amide/cyanide-related","Positive",0
"SGL-WQS (survey, lambda=0)",1729,"URXCYM","Nitrile/amide/cyanide-related","Positive",0
"SGL-WQS (survey, lambda=0)",1729,"URXATC","Nitrile/amide/cyanide-related","Positive",0
"SGL-WQS (survey, lambda=0)",1729,"URXHPM","Reactive aldehydes","Positive",0
"SGL-WQS (survey, lambda=0)",1729,"URXPMM","Reactive aldehydes","Positive",0
"SGL-WQS (survey, lambda=0)",1729,"URX2MH","Aromatic hydrocarbons","Negative",0
"SGL-WQS (survey, lambda=0)",1729,"URX34M","Aromatic hydrocarbons","Negative",0
"SGL-WQS (survey, lambda=0)",1729,"URXBMA","Aromatic hydrocarbons","Negative",0
"SGL-WQS (survey, lambda=0)",1729,"URXMAD","Aromatic hydrocarbons","Negative",0
"SGL-WQS (survey, lambda=0)",1729,"URXPHG","Aromatic hydrocarbons","Negative",0
"SGL-WQS (survey, lambda=0)",1729,"URXDHB","Dienes/alkenes/epoxides","Negative",0
"SGL-WQS (survey, lambda=0)",1729,"URXMB3","Dienes/alkenes/epoxides","Negative",0
"SGL-WQS (survey, lambda=0)",1729,"URXIPM3","Dienes/alkenes/epoxides","Negative",0
"SGL-WQS (survey, lambda=0)",1729,"URXHP2","Dienes/alkenes/epoxides","Negative",0
"SGL-WQS (survey, lambda=0)",1729,"URXAAM","Nitrile/amide/cyanide-related","Negative",0
"SGL-WQS (survey, lambda=0)",1729,"URXAMC","Nitrile/amide/cyanide-related","Negative",0
"SGL-WQS (survey, lambda=0)",1729,"URXCEM","Nitrile/amide/cyanide-related","Negative",0
"SGL-WQS (survey, lambda=0)",1729,"URXCYM","Nitrile/amide/cyanide-related","Negative",0
"SGL-WQS (survey, lambda=0)",1729,"URXATC","Nitrile/amide/cyanide-related","Negative",0
"SGL-WQS (survey, lambda=0)",1729,"URXHPM","Reactive aldehydes","Negative",0
"SGL-WQS (survey, lambda=0)",1729,"URXPMM","Reactive aldehydes","Negative",0
"SGL-WQS (survey, lambda.min path)",1729,"URX2MH","Aromatic hydrocarbons","Positive",0.0616772778200268
"SGL-WQS (survey, lambda.min path)",1729,"URX34M","Aromatic hydrocarbons","Positive",0.382727897201116
"SGL-WQS (survey, lambda.min path)",1729,"URXBMA","Aromatic hydrocarbons","Positive",0.17741796849556
"SGL-WQS (survey, lambda.min path)",1729,"URXMAD","Aromatic hydrocarbons","Positive",0.378176856483297
"SGL-WQS (survey, lambda.min path)",1729,"URXPHG","Aromatic hydrocarbons","Positive",0
"SGL-WQS (survey, lambda.min path)",1729,"URXDHB","Dienes/alkenes/epoxides","Positive",1
"SGL-WQS (survey, lambda.min path)",1729,"URXMB3","Dienes/alkenes/epoxides","Positive",0
"SGL-WQS (survey, lambda.min path)",1729,"URXIPM3","Dienes/alkenes/epoxides","Positive",0
"SGL-WQS (survey, lambda.min path)",1729,"URXHP2","Dienes/alkenes/epoxides","Positive",0
"SGL-WQS (survey, lambda.min path)",1729,"URXAAM","Nitrile/amide/cyanide-related","Positive",0
"SGL-WQS (survey, lambda.min path)",1729,"URXAMC","Nitrile/amide/cyanide-related","Positive",0.0236627704421065
"SGL-WQS (survey, lambda.min path)",1729,"URXCEM","Nitrile/amide/cyanide-related","Positive",0.67658915928086
"SGL-WQS (survey, lambda.min path)",1729,"URXCYM","Nitrile/amide/cyanide-related","Positive",0
"SGL-WQS (survey, lambda.min path)",1729,"URXATC","Nitrile/amide/cyanide-related","Positive",0.299748070277034
"SGL-WQS (survey, lambda.min path)",1729,"URXHPM","Reactive aldehydes","Positive",0
"SGL-WQS (survey, lambda.min path)",1729,"URXPMM","Reactive aldehydes","Positive",1
"SGL-WQS (survey, lambda.min path)",1729,"URX2MH","Aromatic hydrocarbons","Negative",0
"SGL-WQS (survey, lambda.min path)",1729,"URX34M","Aromatic hydrocarbons","Negative",0
"SGL-WQS (survey, lambda.min path)",1729,"URXBMA","Aromatic hydrocarbons","Negative",0
"SGL-WQS (survey, lambda.min path)",1729,"URXMAD","Aromatic hydrocarbons","Negative",0
"SGL-WQS (survey, lambda.min path)",1729,"URXPHG","Aromatic hydrocarbons","Negative",1
"SGL-WQS (survey, lambda.min path)",1729,"URXDHB","Dienes/alkenes/epoxides","Negative",0
"SGL-WQS (survey, lambda.min path)",1729,"URXMB3","Dienes/alkenes/epoxides","Negative",0.462214995235149
"SGL-WQS (survey, lambda.min path)",1729,"URXIPM3","Dienes/alkenes/epoxides","Negative",0.00762982608094297
"SGL-WQS (survey, lambda.min path)",1729,"URXHP2","Dienes/alkenes/epoxides","Negative",0.530155178683908
"SGL-WQS (survey, lambda.min path)",1729,"URXAAM","Nitrile/amide/cyanide-related","Negative",0.974489294595593
"SGL-WQS (survey, lambda.min path)",1729,"URXAMC","Nitrile/amide/cyanide-related","Negative",0
"SGL-WQS (survey, lambda.min path)",1729,"URXCEM","Nitrile/amide/cyanide-related","Negative",0
"SGL-WQS (survey, lambda.min path)",1729,"URXCYM","Nitrile/amide/cyanide-related","Negative",0.0255107054044067
"SGL-WQS (survey, lambda.min path)",1729,"URXATC","Nitrile/amide/cyanide-related","Negative",0
"SGL-WQS (survey, lambda.min path)",1729,"URXHPM","Reactive aldehydes","Negative",1
"SGL-WQS (survey, lambda.min path)",1729,"URXPMM","Reactive aldehydes","Negative",0
"gWQS",1847,"URXCEM",NA,"Positive",0.182829553544094
"gWQS",1847,"URXPMM",NA,"Positive",0.125765798856078
"gWQS",1847,"URXBMA",NA,"Positive",0.11060440736271
"gWQS",1847,"URXDHB",NA,"Positive",0.103029371529703
"gWQS",1847,"URXMAD",NA,"Positive",0.0948259151206358
"gWQS",1847,"URXATC",NA,"Positive",0.0846251171699636
"gWQS",1847,"URXAMC",NA,"Positive",0.0782395196078932
"gWQS",1847,"URXCYM",NA,"Positive",0.0771929647613711
"gWQS",1847,"URX34M",NA,"Positive",0.0463113389938796
"gWQS",1847,"URXIPM3",NA,"Positive",0.0450355943238978
"gWQS",1847,"URXHPM",NA,"Positive",0.0198666555656423
"gWQS",1847,"URX2MH",NA,"Positive",0.012419398228411
"gWQS",1847,"URXAAM",NA,"Positive",0.00596947377197018
"gWQS",1847,"URXHP2",NA,"Positive",0.00484612724885773
"gWQS",1847,"URXPHG",NA,"Positive",0.00462422890792825
"gWQS",1847,"URXMB3",NA,"Positive",0.00381453500696407
"gWQS",1847,"URXCEM",NA,"Negative",0.00490997340744985
"gWQS",1847,"URXPMM",NA,"Negative",0.00496764388284237
"gWQS",1847,"URXBMA",NA,"Negative",0.00571248662025399
"gWQS",1847,"URXDHB",NA,"Negative",0.0088030257847316
"gWQS",1847,"URXMAD",NA,"Negative",0.00987722804668122
"gWQS",1847,"URXATC",NA,"Negative",0.00577416376308418
"gWQS",1847,"URXAMC",NA,"Negative",0.00953167140301613
"gWQS",1847,"URXCYM",NA,"Negative",0.0123710379123267
"gWQS",1847,"URX34M",NA,"Negative",0.0285778263937231
"gWQS",1847,"URXIPM3",NA,"Negative",0.0277965265523608
"gWQS",1847,"URXHPM",NA,"Negative",0.0703671104628717
"gWQS",1847,"URX2MH",NA,"Negative",0.0659100192570356
"gWQS",1847,"URXAAM",NA,"Negative",0.106272364870116
"gWQS",1847,"URXHP2",NA,"Negative",0.131232335659078
"gWQS",1847,"URXPHG",NA,"Negative",0.281663733333183
"gWQS",1847,"URXMB3",NA,"Negative",0.226232852651246
"groupWQS",1847,"URX2MH","Aromatic hydrocarbons","Combined",0.27688283627455
"groupWQS",1847,"URX34M","Aromatic hydrocarbons","Combined",0.12326516600908
"groupWQS",1847,"URXBMA","Aromatic hydrocarbons","Combined",0.115269891623692
"groupWQS",1847,"URXMAD","Aromatic hydrocarbons","Combined",0.125032540485666
"groupWQS",1847,"URXPHG","Aromatic hydrocarbons","Combined",0.359549565607
"groupWQS",1847,"URXDHB","Dienes/alkenes/epoxides","Combined",0.032739845166428
"groupWQS",1847,"URXMB3","Dienes/alkenes/epoxides","Combined",0.345795310852257
"groupWQS",1847,"URXIPM3","Dienes/alkenes/epoxides","Combined",0.161898551609587
"groupWQS",1847,"URXHP2","Dienes/alkenes/epoxides","Combined",0.459566292371976
"groupWQS",1847,"URXAAM","Nitrile/amide/cyanide-related","Combined",0.0604513802182843
"groupWQS",1847,"URXAMC","Nitrile/amide/cyanide-related","Combined",0.211851258060945
"groupWQS",1847,"URXCEM","Nitrile/amide/cyanide-related","Combined",0.531976826545673
"groupWQS",1847,"URXCYM","Nitrile/amide/cyanide-related","Combined",0.0624170808490978
"groupWQS",1847,"URXATC","Nitrile/amide/cyanide-related","Combined",0.133303454326241
"groupWQS",1847,"URXHPM","Reactive aldehydes","Combined",0.387441835231556
"groupWQS",1847,"URXPMM","Reactive aldehydes","Combined",0.612558164768431
"SGL-WQS (unweighted, lambda=0)",1847,"URX2MH","Aromatic hydrocarbons","Positive",0
"SGL-WQS (unweighted, lambda=0)",1847,"URX34M","Aromatic hydrocarbons","Positive",0.0622608490944023
"SGL-WQS (unweighted, lambda=0)",1847,"URXBMA","Aromatic hydrocarbons","Positive",0.39841536580077
"SGL-WQS (unweighted, lambda=0)",1847,"URXMAD","Aromatic hydrocarbons","Positive",0.539323785104828
"SGL-WQS (unweighted, lambda=0)",1847,"URXPHG","Aromatic hydrocarbons","Positive",0
"SGL-WQS (unweighted, lambda=0)",1847,"URXDHB","Dienes/alkenes/epoxides","Positive",1
"SGL-WQS (unweighted, lambda=0)",1847,"URXMB3","Dienes/alkenes/epoxides","Positive",0
"SGL-WQS (unweighted, lambda=0)",1847,"URXIPM3","Dienes/alkenes/epoxides","Positive",0
"SGL-WQS (unweighted, lambda=0)",1847,"URXHP2","Dienes/alkenes/epoxides","Positive",0
"SGL-WQS (unweighted, lambda=0)",1847,"URXAAM","Nitrile/amide/cyanide-related","Positive",0
"SGL-WQS (unweighted, lambda=0)",1847,"URXAMC","Nitrile/amide/cyanide-related","Positive",0.223037130516231
"SGL-WQS (unweighted, lambda=0)",1847,"URXCEM","Nitrile/amide/cyanide-related","Positive",0.414578524444486
"SGL-WQS (unweighted, lambda=0)",1847,"URXCYM","Nitrile/amide/cyanide-related","Positive",0.184841079380263
"SGL-WQS (unweighted, lambda=0)",1847,"URXATC","Nitrile/amide/cyanide-related","Positive",0.17754326565902
"SGL-WQS (unweighted, lambda=0)",1847,"URXHPM","Reactive aldehydes","Positive",0
"SGL-WQS (unweighted, lambda=0)",1847,"URXPMM","Reactive aldehydes","Positive",1
"SGL-WQS (unweighted, lambda=0)",1847,"URX2MH","Aromatic hydrocarbons","Negative",0.0361821135555519
"SGL-WQS (unweighted, lambda=0)",1847,"URX34M","Aromatic hydrocarbons","Negative",0
"SGL-WQS (unweighted, lambda=0)",1847,"URXBMA","Aromatic hydrocarbons","Negative",0
"SGL-WQS (unweighted, lambda=0)",1847,"URXMAD","Aromatic hydrocarbons","Negative",0
"SGL-WQS (unweighted, lambda=0)",1847,"URXPHG","Aromatic hydrocarbons","Negative",0.963817886444448
"SGL-WQS (unweighted, lambda=0)",1847,"URXDHB","Dienes/alkenes/epoxides","Negative",0
"SGL-WQS (unweighted, lambda=0)",1847,"URXMB3","Dienes/alkenes/epoxides","Negative",0.408805544906797
"SGL-WQS (unweighted, lambda=0)",1847,"URXIPM3","Dienes/alkenes/epoxides","Negative",0.150656460415138
"SGL-WQS (unweighted, lambda=0)",1847,"URXHP2","Dienes/alkenes/epoxides","Negative",0.440537994678065
"SGL-WQS (unweighted, lambda=0)",1847,"URXAAM","Nitrile/amide/cyanide-related","Negative",1
"SGL-WQS (unweighted, lambda=0)",1847,"URXAMC","Nitrile/amide/cyanide-related","Negative",0
"SGL-WQS (unweighted, lambda=0)",1847,"URXCEM","Nitrile/amide/cyanide-related","Negative",0
"SGL-WQS (unweighted, lambda=0)",1847,"URXCYM","Nitrile/amide/cyanide-related","Negative",0
"SGL-WQS (unweighted, lambda=0)",1847,"URXATC","Nitrile/amide/cyanide-related","Negative",0
"SGL-WQS (unweighted, lambda=0)",1847,"URXHPM","Reactive aldehydes","Negative",1
"SGL-WQS (unweighted, lambda=0)",1847,"URXPMM","Reactive aldehydes","Negative",0
"SGL-WQS (unweighted, lambda.min path)",1847,"URX2MH","Aromatic hydrocarbons","Positive",0
"SGL-WQS (unweighted, lambda.min path)",1847,"URX34M","Aromatic hydrocarbons","Positive",0.0341796398533026
"SGL-WQS (unweighted, lambda.min path)",1847,"URXBMA","Aromatic hydrocarbons","Positive",0.438694455889232
"SGL-WQS (unweighted, lambda.min path)",1847,"URXMAD","Aromatic hydrocarbons","Positive",0.527125904257466
"SGL-WQS (unweighted, lambda.min path)",1847,"URXPHG","Aromatic hydrocarbons","Positive",0
"SGL-WQS (unweighted, lambda.min path)",1847,"URXDHB","Dienes/alkenes/epoxides","Positive",1
"SGL-WQS (unweighted, lambda.min path)",1847,"URXMB3","Dienes/alkenes/epoxides","Positive",0
"SGL-WQS (unweighted, lambda.min path)",1847,"URXIPM3","Dienes/alkenes/epoxides","Positive",0
"SGL-WQS (unweighted, lambda.min path)",1847,"URXHP2","Dienes/alkenes/epoxides","Positive",0
"SGL-WQS (unweighted, lambda.min path)",1847,"URXAAM","Nitrile/amide/cyanide-related","Positive",0
"SGL-WQS (unweighted, lambda.min path)",1847,"URXAMC","Nitrile/amide/cyanide-related","Positive",0.230624761899029
"SGL-WQS (unweighted, lambda.min path)",1847,"URXCEM","Nitrile/amide/cyanide-related","Positive",0.421090740603747
"SGL-WQS (unweighted, lambda.min path)",1847,"URXCYM","Nitrile/amide/cyanide-related","Positive",0.162521990177625
"SGL-WQS (unweighted, lambda.min path)",1847,"URXATC","Nitrile/amide/cyanide-related","Positive",0.185762507319599
"SGL-WQS (unweighted, lambda.min path)",1847,"URXHPM","Reactive aldehydes","Positive",0
"SGL-WQS (unweighted, lambda.min path)",1847,"URXPMM","Reactive aldehydes","Positive",1
"SGL-WQS (unweighted, lambda.min path)",1847,"URX2MH","Aromatic hydrocarbons","Negative",0.0368108540448459
"SGL-WQS (unweighted, lambda.min path)",1847,"URX34M","Aromatic hydrocarbons","Negative",0
"SGL-WQS (unweighted, lambda.min path)",1847,"URXBMA","Aromatic hydrocarbons","Negative",0
"SGL-WQS (unweighted, lambda.min path)",1847,"URXMAD","Aromatic hydrocarbons","Negative",0
"SGL-WQS (unweighted, lambda.min path)",1847,"URXPHG","Aromatic hydrocarbons","Negative",0.963189145955154
"SGL-WQS (unweighted, lambda.min path)",1847,"URXDHB","Dienes/alkenes/epoxides","Negative",0
"SGL-WQS (unweighted, lambda.min path)",1847,"URXMB3","Dienes/alkenes/epoxides","Negative",0.38602467261745
"SGL-WQS (unweighted, lambda.min path)",1847,"URXIPM3","Dienes/alkenes/epoxides","Negative",0.134508834549995
"SGL-WQS (unweighted, lambda.min path)",1847,"URXHP2","Dienes/alkenes/epoxides","Negative",0.479466492832555
"SGL-WQS (unweighted, lambda.min path)",1847,"URXAAM","Nitrile/amide/cyanide-related","Negative",1
"SGL-WQS (unweighted, lambda.min path)",1847,"URXAMC","Nitrile/amide/cyanide-related","Negative",0
"SGL-WQS (unweighted, lambda.min path)",1847,"URXCEM","Nitrile/amide/cyanide-related","Negative",0
"SGL-WQS (unweighted, lambda.min path)",1847,"URXCYM","Nitrile/amide/cyanide-related","Negative",0
"SGL-WQS (unweighted, lambda.min path)",1847,"URXATC","Nitrile/amide/cyanide-related","Negative",0
"SGL-WQS (unweighted, lambda.min path)",1847,"URXHPM","Reactive aldehydes","Negative",1
"SGL-WQS (unweighted, lambda.min path)",1847,"URXPMM","Reactive aldehydes","Negative",0
"SGL-WQS (survey, lambda=0)",1847,"URX2MH","Aromatic hydrocarbons","Positive",0
"SGL-WQS (survey, lambda=0)",1847,"URX34M","Aromatic hydrocarbons","Positive",0
"SGL-WQS (survey, lambda=0)",1847,"URXBMA","Aromatic hydrocarbons","Positive",0
"SGL-WQS (survey, lambda=0)",1847,"URXMAD","Aromatic hydrocarbons","Positive",0
"SGL-WQS (survey, lambda=0)",1847,"URXPHG","Aromatic hydrocarbons","Positive",0
"SGL-WQS (survey, lambda=0)",1847,"URXDHB","Dienes/alkenes/epoxides","Positive",0
"SGL-WQS (survey, lambda=0)",1847,"URXMB3","Dienes/alkenes/epoxides","Positive",0
"SGL-WQS (survey, lambda=0)",1847,"URXIPM3","Dienes/alkenes/epoxides","Positive",0
"SGL-WQS (survey, lambda=0)",1847,"URXHP2","Dienes/alkenes/epoxides","Positive",0
"SGL-WQS (survey, lambda=0)",1847,"URXAAM","Nitrile/amide/cyanide-related","Positive",0
"SGL-WQS (survey, lambda=0)",1847,"URXAMC","Nitrile/amide/cyanide-related","Positive",0
"SGL-WQS (survey, lambda=0)",1847,"URXCEM","Nitrile/amide/cyanide-related","Positive",0
"SGL-WQS (survey, lambda=0)",1847,"URXCYM","Nitrile/amide/cyanide-related","Positive",0
"SGL-WQS (survey, lambda=0)",1847,"URXATC","Nitrile/amide/cyanide-related","Positive",0
"SGL-WQS (survey, lambda=0)",1847,"URXHPM","Reactive aldehydes","Positive",0
"SGL-WQS (survey, lambda=0)",1847,"URXPMM","Reactive aldehydes","Positive",0
"SGL-WQS (survey, lambda=0)",1847,"URX2MH","Aromatic hydrocarbons","Negative",0
"SGL-WQS (survey, lambda=0)",1847,"URX34M","Aromatic hydrocarbons","Negative",0
"SGL-WQS (survey, lambda=0)",1847,"URXBMA","Aromatic hydrocarbons","Negative",0
"SGL-WQS (survey, lambda=0)",1847,"URXMAD","Aromatic hydrocarbons","Negative",0
"SGL-WQS (survey, lambda=0)",1847,"URXPHG","Aromatic hydrocarbons","Negative",0
"SGL-WQS (survey, lambda=0)",1847,"URXDHB","Dienes/alkenes/epoxides","Negative",0
"SGL-WQS (survey, lambda=0)",1847,"URXMB3","Dienes/alkenes/epoxides","Negative",0
"SGL-WQS (survey, lambda=0)",1847,"URXIPM3","Dienes/alkenes/epoxides","Negative",0
"SGL-WQS (survey, lambda=0)",1847,"URXHP2","Dienes/alkenes/epoxides","Negative",0
"SGL-WQS (survey, lambda=0)",1847,"URXAAM","Nitrile/amide/cyanide-related","Negative",0
"SGL-WQS (survey, lambda=0)",1847,"URXAMC","Nitrile/amide/cyanide-related","Negative",0
"SGL-WQS (survey, lambda=0)",1847,"URXCEM","Nitrile/amide/cyanide-related","Negative",0
"SGL-WQS (survey, lambda=0)",1847,"URXCYM","Nitrile/amide/cyanide-related","Negative",0
"SGL-WQS (survey, lambda=0)",1847,"URXATC","Nitrile/amide/cyanide-related","Negative",0
"SGL-WQS (survey, lambda=0)",1847,"URXHPM","Reactive aldehydes","Negative",0
"SGL-WQS (survey, lambda=0)",1847,"URXPMM","Reactive aldehydes","Negative",0
"SGL-WQS (survey, lambda.min path)",1847,"URX2MH","Aromatic hydrocarbons","Positive",0.0362792200777777
"SGL-WQS (survey, lambda.min path)",1847,"URX34M","Aromatic hydrocarbons","Positive",0.395754701694036
"SGL-WQS (survey, lambda.min path)",1847,"URXBMA","Aromatic hydrocarbons","Positive",0.165725216215601
"SGL-WQS (survey, lambda.min path)",1847,"URXMAD","Aromatic hydrocarbons","Positive",0.402240862012585
"SGL-WQS (survey, lambda.min path)",1847,"URXPHG","Aromatic hydrocarbons","Positive",0
"SGL-WQS (survey, lambda.min path)",1847,"URXDHB","Dienes/alkenes/epoxides","Positive",1
"SGL-WQS (survey, lambda.min path)",1847,"URXMB3","Dienes/alkenes/epoxides","Positive",0
"SGL-WQS (survey, lambda.min path)",1847,"URXIPM3","Dienes/alkenes/epoxides","Positive",0
"SGL-WQS (survey, lambda.min path)",1847,"URXHP2","Dienes/alkenes/epoxides","Positive",0
"SGL-WQS (survey, lambda.min path)",1847,"URXAAM","Nitrile/amide/cyanide-related","Positive",0
"SGL-WQS (survey, lambda.min path)",1847,"URXAMC","Nitrile/amide/cyanide-related","Positive",0.0239844336493372
"SGL-WQS (survey, lambda.min path)",1847,"URXCEM","Nitrile/amide/cyanide-related","Positive",0.678743656103552
"SGL-WQS (survey, lambda.min path)",1847,"URXCYM","Nitrile/amide/cyanide-related","Positive",0
"SGL-WQS (survey, lambda.min path)",1847,"URXATC","Nitrile/amide/cyanide-related","Positive",0.297271910247111
"SGL-WQS (survey, lambda.min path)",1847,"URXHPM","Reactive aldehydes","Positive",0
"SGL-WQS (survey, lambda.min path)",1847,"URXPMM","Reactive aldehydes","Positive",1
"SGL-WQS (survey, lambda.min path)",1847,"URX2MH","Aromatic hydrocarbons","Negative",0
"SGL-WQS (survey, lambda.min path)",1847,"URX34M","Aromatic hydrocarbons","Negative",0
"SGL-WQS (survey, lambda.min path)",1847,"URXBMA","Aromatic hydrocarbons","Negative",0
"SGL-WQS (survey, lambda.min path)",1847,"URXMAD","Aromatic hydrocarbons","Negative",0
"SGL-WQS (survey, lambda.min path)",1847,"URXPHG","Aromatic hydrocarbons","Negative",1
"SGL-WQS (survey, lambda.min path)",1847,"URXDHB","Dienes/alkenes/epoxides","Negative",0
"SGL-WQS (survey, lambda.min path)",1847,"URXMB3","Dienes/alkenes/epoxides","Negative",0.476421308897069
"SGL-WQS (survey, lambda.min path)",1847,"URXIPM3","Dienes/alkenes/epoxides","Negative",0.0155136384738397
"SGL-WQS (survey, lambda.min path)",1847,"URXHP2","Dienes/alkenes/epoxides","Negative",0.508065052629091
"SGL-WQS (survey, lambda.min path)",1847,"URXAAM","Nitrile/amide/cyanide-related","Negative",1
"SGL-WQS (survey, lambda.min path)",1847,"URXAMC","Nitrile/amide/cyanide-related","Negative",0
"SGL-WQS (survey, lambda.min path)",1847,"URXCEM","Nitrile/amide/cyanide-related","Negative",0
"SGL-WQS (survey, lambda.min path)",1847,"URXCYM","Nitrile/amide/cyanide-related","Negative",0
"SGL-WQS (survey, lambda.min path)",1847,"URXATC","Nitrile/amide/cyanide-related","Negative",0
"SGL-WQS (survey, lambda.min path)",1847,"URXHPM","Reactive aldehydes","Negative",1
"SGL-WQS (survey, lambda.min path)",1847,"URXPMM","Reactive aldehydes","Negative",0
"gWQS",1963,"URXCEM",NA,"Positive",0.199464873330028
"gWQS",1963,"URXDHB",NA,"Positive",0.195796505402848
"gWQS",1963,"URXPMM",NA,"Positive",0.167058757361468
"gWQS",1963,"URXCYM",NA,"Positive",0.126545846173899
"gWQS",1963,"URXMAD",NA,"Positive",0.0996015924987284
"gWQS",1963,"URXBMA",NA,"Positive",0.0638162743579174
"gWQS",1963,"URXATC",NA,"Positive",0.0434701286848081
"gWQS",1963,"URXIPM3",NA,"Positive",0.0287358495661544
"gWQS",1963,"URX34M",NA,"Positive",0.0211501930999459
"gWQS",1963,"URXAMC",NA,"Positive",0.0162477034931767
"gWQS",1963,"URX2MH",NA,"Positive",0.01475067707708
"gWQS",1963,"URXHP2",NA,"Positive",0.00488745915689156
"gWQS",1963,"URXAAM",NA,"Positive",0.00470434355803382
"gWQS",1963,"URXPHG",NA,"Positive",0.00470120287428178
"gWQS",1963,"URXHPM",NA,"Positive",0.00460982715442313
"gWQS",1963,"URXMB3",NA,"Positive",0.00445876621031501
"gWQS",1963,"URXCEM",NA,"Negative",0.00439288665899803
"gWQS",1963,"URXDHB",NA,"Negative",0.005752875815734
"gWQS",1963,"URXPMM",NA,"Negative",0.00390926896829633
"gWQS",1963,"URXCYM",NA,"Negative",0.00499512250443278
"gWQS",1963,"URXMAD",NA,"Negative",0.0073714721558949
"gWQS",1963,"URXBMA",NA,"Negative",0.00627800807601629
"gWQS",1963,"URXATC",NA,"Negative",0.00923884319924983
"gWQS",1963,"URXIPM3",NA,"Negative",0.0330985896097639
"gWQS",1963,"URX34M",NA,"Negative",0.0451482754389208
"gWQS",1963,"URXAMC",NA,"Negative",0.0389937912289989
"gWQS",1963,"URX2MH",NA,"Negative",0.0511863200036961
"gWQS",1963,"URXHP2",NA,"Negative",0.19221660586864
"gWQS",1963,"URXAAM",NA,"Negative",0.103046191227735
"gWQS",1963,"URXPHG",NA,"Negative",0.174056664603462
"gWQS",1963,"URXHPM",NA,"Negative",0.144922672267004
"gWQS",1963,"URXMB3",NA,"Negative",0.175392412373157
"groupWQS",1963,"URX2MH","Aromatic hydrocarbons","Combined",0.0912452202425765
"groupWQS",1963,"URX34M","Aromatic hydrocarbons","Combined",0.0605589990431231
"groupWQS",1963,"URXBMA","Aromatic hydrocarbons","Combined",0.0758244979739656
"groupWQS",1963,"URXMAD","Aromatic hydrocarbons","Combined",0.0367309814044474
"groupWQS",1963,"URXPHG","Aromatic hydrocarbons","Combined",0.735640301335878
"groupWQS",1963,"URXDHB","Dienes/alkenes/epoxides","Combined",0.0376308612874886
"groupWQS",1963,"URXMB3","Dienes/alkenes/epoxides","Combined",0.346025286565865
"groupWQS",1963,"URXIPM3","Dienes/alkenes/epoxides","Combined",0.254769522031856
"groupWQS",1963,"URXHP2","Dienes/alkenes/epoxides","Combined",0.361574330114802
"groupWQS",1963,"URXAAM","Nitrile/amide/cyanide-related","Combined",0.00740107847588995
"groupWQS",1963,"URXAMC","Nitrile/amide/cyanide-related","Combined",0.222070619160365
"groupWQS",1963,"URXCEM","Nitrile/amide/cyanide-related","Combined",0.479355048309436
"groupWQS",1963,"URXCYM","Nitrile/amide/cyanide-related","Combined",0.103845766188206
"groupWQS",1963,"URXATC","Nitrile/amide/cyanide-related","Combined",0.187327487866101
"groupWQS",1963,"URXHPM","Reactive aldehydes","Combined",0.193232295932282
"groupWQS",1963,"URXPMM","Reactive aldehydes","Combined",0.806767704067722
"SGL-WQS (unweighted, lambda=0)",1963,"URX2MH","Aromatic hydrocarbons","Positive",0
"SGL-WQS (unweighted, lambda=0)",1963,"URX34M","Aromatic hydrocarbons","Positive",0.0622608490944023
"SGL-WQS (unweighted, lambda=0)",1963,"URXBMA","Aromatic hydrocarbons","Positive",0.39841536580077
"SGL-WQS (unweighted, lambda=0)",1963,"URXMAD","Aromatic hydrocarbons","Positive",0.539323785104828
"SGL-WQS (unweighted, lambda=0)",1963,"URXPHG","Aromatic hydrocarbons","Positive",0
"SGL-WQS (unweighted, lambda=0)",1963,"URXDHB","Dienes/alkenes/epoxides","Positive",1
"SGL-WQS (unweighted, lambda=0)",1963,"URXMB3","Dienes/alkenes/epoxides","Positive",0
"SGL-WQS (unweighted, lambda=0)",1963,"URXIPM3","Dienes/alkenes/epoxides","Positive",0
"SGL-WQS (unweighted, lambda=0)",1963,"URXHP2","Dienes/alkenes/epoxides","Positive",0
"SGL-WQS (unweighted, lambda=0)",1963,"URXAAM","Nitrile/amide/cyanide-related","Positive",0
"SGL-WQS (unweighted, lambda=0)",1963,"URXAMC","Nitrile/amide/cyanide-related","Positive",0.223037130516231
"SGL-WQS (unweighted, lambda=0)",1963,"URXCEM","Nitrile/amide/cyanide-related","Positive",0.414578524444486
"SGL-WQS (unweighted, lambda=0)",1963,"URXCYM","Nitrile/amide/cyanide-related","Positive",0.184841079380263
"SGL-WQS (unweighted, lambda=0)",1963,"URXATC","Nitrile/amide/cyanide-related","Positive",0.17754326565902
"SGL-WQS (unweighted, lambda=0)",1963,"URXHPM","Reactive aldehydes","Positive",0
"SGL-WQS (unweighted, lambda=0)",1963,"URXPMM","Reactive aldehydes","Positive",1
"SGL-WQS (unweighted, lambda=0)",1963,"URX2MH","Aromatic hydrocarbons","Negative",0.0361821135555519
"SGL-WQS (unweighted, lambda=0)",1963,"URX34M","Aromatic hydrocarbons","Negative",0
"SGL-WQS (unweighted, lambda=0)",1963,"URXBMA","Aromatic hydrocarbons","Negative",0
"SGL-WQS (unweighted, lambda=0)",1963,"URXMAD","Aromatic hydrocarbons","Negative",0
"SGL-WQS (unweighted, lambda=0)",1963,"URXPHG","Aromatic hydrocarbons","Negative",0.963817886444448
"SGL-WQS (unweighted, lambda=0)",1963,"URXDHB","Dienes/alkenes/epoxides","Negative",0
"SGL-WQS (unweighted, lambda=0)",1963,"URXMB3","Dienes/alkenes/epoxides","Negative",0.408805544906797
"SGL-WQS (unweighted, lambda=0)",1963,"URXIPM3","Dienes/alkenes/epoxides","Negative",0.150656460415138
"SGL-WQS (unweighted, lambda=0)",1963,"URXHP2","Dienes/alkenes/epoxides","Negative",0.440537994678065
"SGL-WQS (unweighted, lambda=0)",1963,"URXAAM","Nitrile/amide/cyanide-related","Negative",1
"SGL-WQS (unweighted, lambda=0)",1963,"URXAMC","Nitrile/amide/cyanide-related","Negative",0
"SGL-WQS (unweighted, lambda=0)",1963,"URXCEM","Nitrile/amide/cyanide-related","Negative",0
"SGL-WQS (unweighted, lambda=0)",1963,"URXCYM","Nitrile/amide/cyanide-related","Negative",0
"SGL-WQS (unweighted, lambda=0)",1963,"URXATC","Nitrile/amide/cyanide-related","Negative",0
"SGL-WQS (unweighted, lambda=0)",1963,"URXHPM","Reactive aldehydes","Negative",1
"SGL-WQS (unweighted, lambda=0)",1963,"URXPMM","Reactive aldehydes","Negative",0
"SGL-WQS (unweighted, lambda.min path)",1963,"URX2MH","Aromatic hydrocarbons","Positive",0
"SGL-WQS (unweighted, lambda.min path)",1963,"URX34M","Aromatic hydrocarbons","Positive",0.0249678239221952
"SGL-WQS (unweighted, lambda.min path)",1963,"URXBMA","Aromatic hydrocarbons","Positive",0.459592227341485
"SGL-WQS (unweighted, lambda.min path)",1963,"URXMAD","Aromatic hydrocarbons","Positive",0.51543994873632
"SGL-WQS (unweighted, lambda.min path)",1963,"URXPHG","Aromatic hydrocarbons","Positive",0
"SGL-WQS (unweighted, lambda.min path)",1963,"URXDHB","Dienes/alkenes/epoxides","Positive",1
"SGL-WQS (unweighted, lambda.min path)",1963,"URXMB3","Dienes/alkenes/epoxides","Positive",0
"SGL-WQS (unweighted, lambda.min path)",1963,"URXIPM3","Dienes/alkenes/epoxides","Positive",0
"SGL-WQS (unweighted, lambda.min path)",1963,"URXHP2","Dienes/alkenes/epoxides","Positive",0
"SGL-WQS (unweighted, lambda.min path)",1963,"URXAAM","Nitrile/amide/cyanide-related","Positive",0
"SGL-WQS (unweighted, lambda.min path)",1963,"URXAMC","Nitrile/amide/cyanide-related","Positive",0.232142244601784
"SGL-WQS (unweighted, lambda.min path)",1963,"URXCEM","Nitrile/amide/cyanide-related","Positive",0.420470476868589
"SGL-WQS (unweighted, lambda.min path)",1963,"URXCYM","Nitrile/amide/cyanide-related","Positive",0.160049367674283
"SGL-WQS (unweighted, lambda.min path)",1963,"URXATC","Nitrile/amide/cyanide-related","Positive",0.187337910855344
"SGL-WQS (unweighted, lambda.min path)",1963,"URXHPM","Reactive aldehydes","Positive",0
"SGL-WQS (unweighted, lambda.min path)",1963,"URXPMM","Reactive aldehydes","Positive",1
"SGL-WQS (unweighted, lambda.min path)",1963,"URX2MH","Aromatic hydrocarbons","Negative",0.0365157028887427
"SGL-WQS (unweighted, lambda.min path)",1963,"URX34M","Aromatic hydrocarbons","Negative",0
"SGL-WQS (unweighted, lambda.min path)",1963,"URXBMA","Aromatic hydrocarbons","Negative",0
"SGL-WQS (unweighted, lambda.min path)",1963,"URXMAD","Aromatic hydrocarbons","Negative",0
"SGL-WQS (unweighted, lambda.min path)",1963,"URXPHG","Aromatic hydrocarbons","Negative",0.963484297111257
"SGL-WQS (unweighted, lambda.min path)",1963,"URXDHB","Dienes/alkenes/epoxides","Negative",0
"SGL-WQS (unweighted, lambda.min path)",1963,"URXMB3","Dienes/alkenes/epoxides","Negative",0.382000015927263
"SGL-WQS (unweighted, lambda.min path)",1963,"URXIPM3","Dienes/alkenes/epoxides","Negative",0.130726712607003
"SGL-WQS (unweighted, lambda.min path)",1963,"URXHP2","Dienes/alkenes/epoxides","Negative",0.487273271465734
"SGL-WQS (unweighted, lambda.min path)",1963,"URXAAM","Nitrile/amide/cyanide-related","Negative",1
"SGL-WQS (unweighted, lambda.min path)",1963,"URXAMC","Nitrile/amide/cyanide-related","Negative",0
"SGL-WQS (unweighted, lambda.min path)",1963,"URXCEM","Nitrile/amide/cyanide-related","Negative",0
"SGL-WQS (unweighted, lambda.min path)",1963,"URXCYM","Nitrile/amide/cyanide-related","Negative",0
"SGL-WQS (unweighted, lambda.min path)",1963,"URXATC","Nitrile/amide/cyanide-related","Negative",0
"SGL-WQS (unweighted, lambda.min path)",1963,"URXHPM","Reactive aldehydes","Negative",1
"SGL-WQS (unweighted, lambda.min path)",1963,"URXPMM","Reactive aldehydes","Negative",0
"SGL-WQS (survey, lambda=0)",1963,"URX2MH","Aromatic hydrocarbons","Positive",0
"SGL-WQS (survey, lambda=0)",1963,"URX34M","Aromatic hydrocarbons","Positive",0
"SGL-WQS (survey, lambda=0)",1963,"URXBMA","Aromatic hydrocarbons","Positive",0
"SGL-WQS (survey, lambda=0)",1963,"URXMAD","Aromatic hydrocarbons","Positive",0
"SGL-WQS (survey, lambda=0)",1963,"URXPHG","Aromatic hydrocarbons","Positive",0
"SGL-WQS (survey, lambda=0)",1963,"URXDHB","Dienes/alkenes/epoxides","Positive",0
"SGL-WQS (survey, lambda=0)",1963,"URXMB3","Dienes/alkenes/epoxides","Positive",0
"SGL-WQS (survey, lambda=0)",1963,"URXIPM3","Dienes/alkenes/epoxides","Positive",0
"SGL-WQS (survey, lambda=0)",1963,"URXHP2","Dienes/alkenes/epoxides","Positive",0
"SGL-WQS (survey, lambda=0)",1963,"URXAAM","Nitrile/amide/cyanide-related","Positive",0
"SGL-WQS (survey, lambda=0)",1963,"URXAMC","Nitrile/amide/cyanide-related","Positive",0
"SGL-WQS (survey, lambda=0)",1963,"URXCEM","Nitrile/amide/cyanide-related","Positive",0
"SGL-WQS (survey, lambda=0)",1963,"URXCYM","Nitrile/amide/cyanide-related","Positive",0
"SGL-WQS (survey, lambda=0)",1963,"URXATC","Nitrile/amide/cyanide-related","Positive",0
"SGL-WQS (survey, lambda=0)",1963,"URXHPM","Reactive aldehydes","Positive",0
"SGL-WQS (survey, lambda=0)",1963,"URXPMM","Reactive aldehydes","Positive",0
"SGL-WQS (survey, lambda=0)",1963,"URX2MH","Aromatic hydrocarbons","Negative",0
"SGL-WQS (survey, lambda=0)",1963,"URX34M","Aromatic hydrocarbons","Negative",0
"SGL-WQS (survey, lambda=0)",1963,"URXBMA","Aromatic hydrocarbons","Negative",0
"SGL-WQS (survey, lambda=0)",1963,"URXMAD","Aromatic hydrocarbons","Negative",0
"SGL-WQS (survey, lambda=0)",1963,"URXPHG","Aromatic hydrocarbons","Negative",0
"SGL-WQS (survey, lambda=0)",1963,"URXDHB","Dienes/alkenes/epoxides","Negative",0
"SGL-WQS (survey, lambda=0)",1963,"URXMB3","Dienes/alkenes/epoxides","Negative",0
"SGL-WQS (survey, lambda=0)",1963,"URXIPM3","Dienes/alkenes/epoxides","Negative",0
"SGL-WQS (survey, lambda=0)",1963,"URXHP2","Dienes/alkenes/epoxides","Negative",0
"SGL-WQS (survey, lambda=0)",1963,"URXAAM","Nitrile/amide/cyanide-related","Negative",0
"SGL-WQS (survey, lambda=0)",1963,"URXAMC","Nitrile/amide/cyanide-related","Negative",0
"SGL-WQS (survey, lambda=0)",1963,"URXCEM","Nitrile/amide/cyanide-related","Negative",0
"SGL-WQS (survey, lambda=0)",1963,"URXCYM","Nitrile/amide/cyanide-related","Negative",0
"SGL-WQS (survey, lambda=0)",1963,"URXATC","Nitrile/amide/cyanide-related","Negative",0
"SGL-WQS (survey, lambda=0)",1963,"URXHPM","Reactive aldehydes","Negative",0
"SGL-WQS (survey, lambda=0)",1963,"URXPMM","Reactive aldehydes","Negative",0
"SGL-WQS (survey, lambda.min path)",1963,"URX2MH","Aromatic hydrocarbons","Positive",0.0482462287144035
"SGL-WQS (survey, lambda.min path)",1963,"URX34M","Aromatic hydrocarbons","Positive",0.389574047743253
"SGL-WQS (survey, lambda.min path)",1963,"URXBMA","Aromatic hydrocarbons","Positive",0.171086947931367
"SGL-WQS (survey, lambda.min path)",1963,"URXMAD","Aromatic hydrocarbons","Positive",0.391092775610977
"SGL-WQS (survey, lambda.min path)",1963,"URXPHG","Aromatic hydrocarbons","Positive",0
"SGL-WQS (survey, lambda.min path)",1963,"URXDHB","Dienes/alkenes/epoxides","Positive",1
"SGL-WQS (survey, lambda.min path)",1963,"URXMB3","Dienes/alkenes/epoxides","Positive",0
"SGL-WQS (survey, lambda.min path)",1963,"URXIPM3","Dienes/alkenes/epoxides","Positive",0
"SGL-WQS (survey, lambda.min path)",1963,"URXHP2","Dienes/alkenes/epoxides","Positive",0
"SGL-WQS (survey, lambda.min path)",1963,"URXAAM","Nitrile/amide/cyanide-related","Positive",0
"SGL-WQS (survey, lambda.min path)",1963,"URXAMC","Nitrile/amide/cyanide-related","Positive",0.0238266129603803
"SGL-WQS (survey, lambda.min path)",1963,"URXCEM","Nitrile/amide/cyanide-related","Positive",0.67772948058548
"SGL-WQS (survey, lambda.min path)",1963,"URXCYM","Nitrile/amide/cyanide-related","Positive",0
"SGL-WQS (survey, lambda.min path)",1963,"URXATC","Nitrile/amide/cyanide-related","Positive",0.298443906454139
"SGL-WQS (survey, lambda.min path)",1963,"URXHPM","Reactive aldehydes","Positive",0
"SGL-WQS (survey, lambda.min path)",1963,"URXPMM","Reactive aldehydes","Positive",1
"SGL-WQS (survey, lambda.min path)",1963,"URX2MH","Aromatic hydrocarbons","Negative",0
"SGL-WQS (survey, lambda.min path)",1963,"URX34M","Aromatic hydrocarbons","Negative",0
"SGL-WQS (survey, lambda.min path)",1963,"URXBMA","Aromatic hydrocarbons","Negative",0
"SGL-WQS (survey, lambda.min path)",1963,"URXMAD","Aromatic hydrocarbons","Negative",0
"SGL-WQS (survey, lambda.min path)",1963,"URXPHG","Aromatic hydrocarbons","Negative",1
"SGL-WQS (survey, lambda.min path)",1963,"URXDHB","Dienes/alkenes/epoxides","Negative",0
"SGL-WQS (survey, lambda.min path)",1963,"URXMB3","Dienes/alkenes/epoxides","Negative",0.469870134586103
"SGL-WQS (survey, lambda.min path)",1963,"URXIPM3","Dienes/alkenes/epoxides","Negative",0.0120122914043443
"SGL-WQS (survey, lambda.min path)",1963,"URXHP2","Dienes/alkenes/epoxides","Negative",0.518117574009552
"SGL-WQS (survey, lambda.min path)",1963,"URXAAM","Nitrile/amide/cyanide-related","Negative",0.988552631278217
"SGL-WQS (survey, lambda.min path)",1963,"URXAMC","Nitrile/amide/cyanide-related","Negative",0
"SGL-WQS (survey, lambda.min path)",1963,"URXCEM","Nitrile/amide/cyanide-related","Negative",0
"SGL-WQS (survey, lambda.min path)",1963,"URXCYM","Nitrile/amide/cyanide-related","Negative",0.0114473687217833
"SGL-WQS (survey, lambda.min path)",1963,"URXATC","Nitrile/amide/cyanide-related","Negative",0
"SGL-WQS (survey, lambda.min path)",1963,"URXHPM","Reactive aldehydes","Negative",1
"SGL-WQS (survey, lambda.min path)",1963,"URXPMM","Reactive aldehydes","Negative",0
"gWQS",2048,"URXDHB",NA,"Positive",0.210748518694231
"gWQS",2048,"URXCEM",NA,"Positive",0.156914612890992
"gWQS",2048,"URXATC",NA,"Positive",0.122841528449077
"gWQS",2048,"URXPMM",NA,"Positive",0.106223222553464
"gWQS",2048,"URXAMC",NA,"Positive",0.0852990181000842
"gWQS",2048,"URXBMA",NA,"Positive",0.0846026762245968
"gWQS",2048,"URX34M",NA,"Positive",0.0696950948245574
"gWQS",2048,"URX2MH",NA,"Positive",0.0573259546314168
"gWQS",2048,"URXMAD",NA,"Positive",0.0263848173440462
"gWQS",2048,"URXCYM",NA,"Positive",0.0236686556649575
"gWQS",2048,"URXIPM3",NA,"Positive",0.0189979846311867
"gWQS",2048,"URXHPM",NA,"Positive",0.0131813387967209
"gWQS",2048,"URXAAM",NA,"Positive",0.0087623219492817
"gWQS",2048,"URXMB3",NA,"Positive",0.00617420957974251
"gWQS",2048,"URXHP2",NA,"Positive",0.00484753175877152
"gWQS",2048,"URXPHG",NA,"Positive",0.00433251390687469
"gWQS",2048,"URXDHB",NA,"Negative",0.00431517953298348
"gWQS",2048,"URXCEM",NA,"Negative",0.00516866507809268
"gWQS",2048,"URXATC",NA,"Negative",0.00428703847002583
"gWQS",2048,"URXPMM",NA,"Negative",0.0152724111057121
"gWQS",2048,"URXAMC",NA,"Negative",0.0113899949526448
"gWQS",2048,"URXBMA",NA,"Negative",0.00599372554065035
"gWQS",2048,"URX34M",NA,"Negative",0.0155220073410579
"gWQS",2048,"URX2MH",NA,"Negative",0.0130175078377067
"gWQS",2048,"URXMAD",NA,"Negative",0.0489909228340207
"gWQS",2048,"URXCYM",NA,"Negative",0.0437664084518203
"gWQS",2048,"URXIPM3",NA,"Negative",0.0677059892196811
"gWQS",2048,"URXHPM",NA,"Negative",0.10542485315141
"gWQS",2048,"URXAAM",NA,"Negative",0.0802449092627413
"gWQS",2048,"URXMB3",NA,"Negative",0.150438115681041
"gWQS",2048,"URXHP2",NA,"Negative",0.191110996520651
"gWQS",2048,"URXPHG",NA,"Negative",0.23735127501976
"groupWQS",2048,"URX2MH","Aromatic hydrocarbons","Combined",0.0476485625853725
"groupWQS",2048,"URX34M","Aromatic hydrocarbons","Combined",0.105213977474474
"groupWQS",2048,"URXBMA","Aromatic hydrocarbons","Combined",0.0666414700967048
"groupWQS",2048,"URXMAD","Aromatic hydrocarbons","Combined",0.0713968431160817
"groupWQS",2048,"URXPHG","Aromatic hydrocarbons","Combined",0.709099146726513
"groupWQS",2048,"URXDHB","Dienes/alkenes/epoxides","Combined",0.0655063224465774
"groupWQS",2048,"URXMB3","Dienes/alkenes/epoxides","Combined",0.529710328166881
"groupWQS",2048,"URXIPM3","Dienes/alkenes/epoxides","Combined",0.0929532540971736
"groupWQS",2048,"URXHP2","Dienes/alkenes/epoxides","Combined",0.311830095289734
"groupWQS",2048,"URXAAM","Nitrile/amide/cyanide-related","Combined",0.0188022767774377
"groupWQS",2048,"URXAMC","Nitrile/amide/cyanide-related","Combined",0.235339950091718
"groupWQS",2048,"URXCEM","Nitrile/amide/cyanide-related","Combined",0.358581995680683
"groupWQS",2048,"URXCYM","Nitrile/amide/cyanide-related","Combined",0.195817949543362
"groupWQS",2048,"URXATC","Nitrile/amide/cyanide-related","Combined",0.191457827906999
"groupWQS",2048,"URXHPM","Reactive aldehydes","Combined",0.0918812683223222
"groupWQS",2048,"URXPMM","Reactive aldehydes","Combined",0.908118731677661
"SGL-WQS (unweighted, lambda=0)",2048,"URX2MH","Aromatic hydrocarbons","Positive",0
"SGL-WQS (unweighted, lambda=0)",2048,"URX34M","Aromatic hydrocarbons","Positive",0.0622608490944023
"SGL-WQS (unweighted, lambda=0)",2048,"URXBMA","Aromatic hydrocarbons","Positive",0.39841536580077
"SGL-WQS (unweighted, lambda=0)",2048,"URXMAD","Aromatic hydrocarbons","Positive",0.539323785104828
"SGL-WQS (unweighted, lambda=0)",2048,"URXPHG","Aromatic hydrocarbons","Positive",0
"SGL-WQS (unweighted, lambda=0)",2048,"URXDHB","Dienes/alkenes/epoxides","Positive",1
"SGL-WQS (unweighted, lambda=0)",2048,"URXMB3","Dienes/alkenes/epoxides","Positive",0
"SGL-WQS (unweighted, lambda=0)",2048,"URXIPM3","Dienes/alkenes/epoxides","Positive",0
"SGL-WQS (unweighted, lambda=0)",2048,"URXHP2","Dienes/alkenes/epoxides","Positive",0
"SGL-WQS (unweighted, lambda=0)",2048,"URXAAM","Nitrile/amide/cyanide-related","Positive",0
"SGL-WQS (unweighted, lambda=0)",2048,"URXAMC","Nitrile/amide/cyanide-related","Positive",0.223037130516231
"SGL-WQS (unweighted, lambda=0)",2048,"URXCEM","Nitrile/amide/cyanide-related","Positive",0.414578524444486
"SGL-WQS (unweighted, lambda=0)",2048,"URXCYM","Nitrile/amide/cyanide-related","Positive",0.184841079380263
"SGL-WQS (unweighted, lambda=0)",2048,"URXATC","Nitrile/amide/cyanide-related","Positive",0.17754326565902
"SGL-WQS (unweighted, lambda=0)",2048,"URXHPM","Reactive aldehydes","Positive",0
"SGL-WQS (unweighted, lambda=0)",2048,"URXPMM","Reactive aldehydes","Positive",1
"SGL-WQS (unweighted, lambda=0)",2048,"URX2MH","Aromatic hydrocarbons","Negative",0.0361821135555519
"SGL-WQS (unweighted, lambda=0)",2048,"URX34M","Aromatic hydrocarbons","Negative",0
"SGL-WQS (unweighted, lambda=0)",2048,"URXBMA","Aromatic hydrocarbons","Negative",0
"SGL-WQS (unweighted, lambda=0)",2048,"URXMAD","Aromatic hydrocarbons","Negative",0
"SGL-WQS (unweighted, lambda=0)",2048,"URXPHG","Aromatic hydrocarbons","Negative",0.963817886444448
"SGL-WQS (unweighted, lambda=0)",2048,"URXDHB","Dienes/alkenes/epoxides","Negative",0
"SGL-WQS (unweighted, lambda=0)",2048,"URXMB3","Dienes/alkenes/epoxides","Negative",0.408805544906797
"SGL-WQS (unweighted, lambda=0)",2048,"URXIPM3","Dienes/alkenes/epoxides","Negative",0.150656460415138
"SGL-WQS (unweighted, lambda=0)",2048,"URXHP2","Dienes/alkenes/epoxides","Negative",0.440537994678065
"SGL-WQS (unweighted, lambda=0)",2048,"URXAAM","Nitrile/amide/cyanide-related","Negative",1
"SGL-WQS (unweighted, lambda=0)",2048,"URXAMC","Nitrile/amide/cyanide-related","Negative",0
"SGL-WQS (unweighted, lambda=0)",2048,"URXCEM","Nitrile/amide/cyanide-related","Negative",0
"SGL-WQS (unweighted, lambda=0)",2048,"URXCYM","Nitrile/amide/cyanide-related","Negative",0
"SGL-WQS (unweighted, lambda=0)",2048,"URXATC","Nitrile/amide/cyanide-related","Negative",0
"SGL-WQS (unweighted, lambda=0)",2048,"URXHPM","Reactive aldehydes","Negative",1
"SGL-WQS (unweighted, lambda=0)",2048,"URXPMM","Reactive aldehydes","Negative",0
"SGL-WQS (unweighted, lambda.min path)",2048,"URX2MH","Aromatic hydrocarbons","Positive",0
"SGL-WQS (unweighted, lambda.min path)",2048,"URX34M","Aromatic hydrocarbons","Positive",0.0175550808032569
"SGL-WQS (unweighted, lambda.min path)",2048,"URXBMA","Aromatic hydrocarbons","Positive",0.487996980038133
"SGL-WQS (unweighted, lambda.min path)",2048,"URXMAD","Aromatic hydrocarbons","Positive",0.49444793915861
"SGL-WQS (unweighted, lambda.min path)",2048,"URXPHG","Aromatic hydrocarbons","Positive",0
"SGL-WQS (unweighted, lambda.min path)",2048,"URXDHB","Dienes/alkenes/epoxides","Positive",1
"SGL-WQS (unweighted, lambda.min path)",2048,"URXMB3","Dienes/alkenes/epoxides","Positive",0
"SGL-WQS (unweighted, lambda.min path)",2048,"URXIPM3","Dienes/alkenes/epoxides","Positive",0
"SGL-WQS (unweighted, lambda.min path)",2048,"URXHP2","Dienes/alkenes/epoxides","Positive",0
"SGL-WQS (unweighted, lambda.min path)",2048,"URXAAM","Nitrile/amide/cyanide-related","Positive",0
"SGL-WQS (unweighted, lambda.min path)",2048,"URXAMC","Nitrile/amide/cyanide-related","Positive",0.233710709866402
"SGL-WQS (unweighted, lambda.min path)",2048,"URXCEM","Nitrile/amide/cyanide-related","Positive",0.418626233588825
"SGL-WQS (unweighted, lambda.min path)",2048,"URXCYM","Nitrile/amide/cyanide-related","Positive",0.159125227884595
"SGL-WQS (unweighted, lambda.min path)",2048,"URXATC","Nitrile/amide/cyanide-related","Positive",0.188537828660178
"SGL-WQS (unweighted, lambda.min path)",2048,"URXHPM","Reactive aldehydes","Positive",0
"SGL-WQS (unweighted, lambda.min path)",2048,"URXPMM","Reactive aldehydes","Positive",1
"SGL-WQS (unweighted, lambda.min path)",2048,"URX2MH","Aromatic hydrocarbons","Negative",0.0332494160920221
"SGL-WQS (unweighted, lambda.min path)",2048,"URX34M","Aromatic hydrocarbons","Negative",0
"SGL-WQS (unweighted, lambda.min path)",2048,"URXBMA","Aromatic hydrocarbons","Negative",0
"SGL-WQS (unweighted, lambda.min path)",2048,"URXMAD","Aromatic hydrocarbons","Negative",0
"SGL-WQS (unweighted, lambda.min path)",2048,"URXPHG","Aromatic hydrocarbons","Negative",0.966750583907978
"SGL-WQS (unweighted, lambda.min path)",2048,"URXDHB","Dienes/alkenes/epoxides","Negative",0
"SGL-WQS (unweighted, lambda.min path)",2048,"URXMB3","Dienes/alkenes/epoxides","Negative",0.378242630028721
"SGL-WQS (unweighted, lambda.min path)",2048,"URXIPM3","Dienes/alkenes/epoxides","Negative",0.126449604944952
"SGL-WQS (unweighted, lambda.min path)",2048,"URXHP2","Dienes/alkenes/epoxides","Negative",0.495307765026327
"SGL-WQS (unweighted, lambda.min path)",2048,"URXAAM","Nitrile/amide/cyanide-related","Negative",1
"SGL-WQS (unweighted, lambda.min path)",2048,"URXAMC","Nitrile/amide/cyanide-related","Negative",0
"SGL-WQS (unweighted, lambda.min path)",2048,"URXCEM","Nitrile/amide/cyanide-related","Negative",0
"SGL-WQS (unweighted, lambda.min path)",2048,"URXCYM","Nitrile/amide/cyanide-related","Negative",0
"SGL-WQS (unweighted, lambda.min path)",2048,"URXATC","Nitrile/amide/cyanide-related","Negative",0
"SGL-WQS (unweighted, lambda.min path)",2048,"URXHPM","Reactive aldehydes","Negative",1
"SGL-WQS (unweighted, lambda.min path)",2048,"URXPMM","Reactive aldehydes","Negative",0
"SGL-WQS (survey, lambda=0)",2048,"URX2MH","Aromatic hydrocarbons","Positive",0
"SGL-WQS (survey, lambda=0)",2048,"URX34M","Aromatic hydrocarbons","Positive",0
"SGL-WQS (survey, lambda=0)",2048,"URXBMA","Aromatic hydrocarbons","Positive",0
"SGL-WQS (survey, lambda=0)",2048,"URXMAD","Aromatic hydrocarbons","Positive",0
"SGL-WQS (survey, lambda=0)",2048,"URXPHG","Aromatic hydrocarbons","Positive",0
"SGL-WQS (survey, lambda=0)",2048,"URXDHB","Dienes/alkenes/epoxides","Positive",0
"SGL-WQS (survey, lambda=0)",2048,"URXMB3","Dienes/alkenes/epoxides","Positive",0
"SGL-WQS (survey, lambda=0)",2048,"URXIPM3","Dienes/alkenes/epoxides","Positive",0
"SGL-WQS (survey, lambda=0)",2048,"URXHP2","Dienes/alkenes/epoxides","Positive",0
"SGL-WQS (survey, lambda=0)",2048,"URXAAM","Nitrile/amide/cyanide-related","Positive",0
"SGL-WQS (survey, lambda=0)",2048,"URXAMC","Nitrile/amide/cyanide-related","Positive",0
"SGL-WQS (survey, lambda=0)",2048,"URXCEM","Nitrile/amide/cyanide-related","Positive",0
"SGL-WQS (survey, lambda=0)",2048,"URXCYM","Nitrile/amide/cyanide-related","Positive",0
"SGL-WQS (survey, lambda=0)",2048,"URXATC","Nitrile/amide/cyanide-related","Positive",0
"SGL-WQS (survey, lambda=0)",2048,"URXHPM","Reactive aldehydes","Positive",0
"SGL-WQS (survey, lambda=0)",2048,"URXPMM","Reactive aldehydes","Positive",0
"SGL-WQS (survey, lambda=0)",2048,"URX2MH","Aromatic hydrocarbons","Negative",0
"SGL-WQS (survey, lambda=0)",2048,"URX34M","Aromatic hydrocarbons","Negative",0
"SGL-WQS (survey, lambda=0)",2048,"URXBMA","Aromatic hydrocarbons","Negative",0
"SGL-WQS (survey, lambda=0)",2048,"URXMAD","Aromatic hydrocarbons","Negative",0
"SGL-WQS (survey, lambda=0)",2048,"URXPHG","Aromatic hydrocarbons","Negative",0
"SGL-WQS (survey, lambda=0)",2048,"URXDHB","Dienes/alkenes/epoxides","Negative",0
"SGL-WQS (survey, lambda=0)",2048,"URXMB3","Dienes/alkenes/epoxides","Negative",0
"SGL-WQS (survey, lambda=0)",2048,"URXIPM3","Dienes/alkenes/epoxides","Negative",0
"SGL-WQS (survey, lambda=0)",2048,"URXHP2","Dienes/alkenes/epoxides","Negative",0
"SGL-WQS (survey, lambda=0)",2048,"URXAAM","Nitrile/amide/cyanide-related","Negative",0
"SGL-WQS (survey, lambda=0)",2048,"URXAMC","Nitrile/amide/cyanide-related","Negative",0
"SGL-WQS (survey, lambda=0)",2048,"URXCEM","Nitrile/amide/cyanide-related","Negative",0
"SGL-WQS (survey, lambda=0)",2048,"URXCYM","Nitrile/amide/cyanide-related","Negative",0
"SGL-WQS (survey, lambda=0)",2048,"URXATC","Nitrile/amide/cyanide-related","Negative",0
"SGL-WQS (survey, lambda=0)",2048,"URXHPM","Reactive aldehydes","Negative",0
"SGL-WQS (survey, lambda=0)",2048,"URXPMM","Reactive aldehydes","Negative",0
"SGL-WQS (survey, lambda.min path)",2048,"URX2MH","Aromatic hydrocarbons","Positive",0.0764715208472078
"SGL-WQS (survey, lambda.min path)",2048,"URX34M","Aromatic hydrocarbons","Positive",0.375248510169224
"SGL-WQS (survey, lambda.min path)",2048,"URXBMA","Aromatic hydrocarbons","Positive",0.184852496389266
"SGL-WQS (survey, lambda.min path)",2048,"URXMAD","Aromatic hydrocarbons","Positive",0.363427472594303
"SGL-WQS (survey, lambda.min path)",2048,"URXPHG","Aromatic hydrocarbons","Positive",0
"SGL-WQS (survey, lambda.min path)",2048,"URXDHB","Dienes/alkenes/epoxides","Positive",1
"SGL-WQS (survey, lambda.min path)",2048,"URXMB3","Dienes/alkenes/epoxides","Positive",0
"SGL-WQS (survey, lambda.min path)",2048,"URXIPM3","Dienes/alkenes/epoxides","Positive",0
"SGL-WQS (survey, lambda.min path)",2048,"URXHP2","Dienes/alkenes/epoxides","Positive",0
"SGL-WQS (survey, lambda.min path)",2048,"URXAAM","Nitrile/amide/cyanide-related","Positive",0
"SGL-WQS (survey, lambda.min path)",2048,"URXAMC","Nitrile/amide/cyanide-related","Positive",0.0234844120769693
"SGL-WQS (survey, lambda.min path)",2048,"URXCEM","Nitrile/amide/cyanide-related","Positive",0.675332636586095
"SGL-WQS (survey, lambda.min path)",2048,"URXCYM","Nitrile/amide/cyanide-related","Positive",0
"SGL-WQS (survey, lambda.min path)",2048,"URXATC","Nitrile/amide/cyanide-related","Positive",0.301182951336935
"SGL-WQS (survey, lambda.min path)",2048,"URXHPM","Reactive aldehydes","Positive",0
"SGL-WQS (survey, lambda.min path)",2048,"URXPMM","Reactive aldehydes","Positive",1
"SGL-WQS (survey, lambda.min path)",2048,"URX2MH","Aromatic hydrocarbons","Negative",0
"SGL-WQS (survey, lambda.min path)",2048,"URX34M","Aromatic hydrocarbons","Negative",0
"SGL-WQS (survey, lambda.min path)",2048,"URXBMA","Aromatic hydrocarbons","Negative",0
"SGL-WQS (survey, lambda.min path)",2048,"URXMAD","Aromatic hydrocarbons","Negative",0
"SGL-WQS (survey, lambda.min path)",2048,"URXPHG","Aromatic hydrocarbons","Negative",1
"SGL-WQS (survey, lambda.min path)",2048,"URXDHB","Dienes/alkenes/epoxides","Negative",0
"SGL-WQS (survey, lambda.min path)",2048,"URXMB3","Dienes/alkenes/epoxides","Negative",0.453305084870849
"SGL-WQS (survey, lambda.min path)",2048,"URXIPM3","Dienes/alkenes/epoxides","Negative",0.00214182285717196
"SGL-WQS (survey, lambda.min path)",2048,"URXHP2","Dienes/alkenes/epoxides","Negative",0.544553092271979
"SGL-WQS (survey, lambda.min path)",2048,"URXAAM","Nitrile/amide/cyanide-related","Negative",0.95906677650232
"SGL-WQS (survey, lambda.min path)",2048,"URXAMC","Nitrile/amide/cyanide-related","Negative",0
"SGL-WQS (survey, lambda.min path)",2048,"URXCEM","Nitrile/amide/cyanide-related","Negative",0
"SGL-WQS (survey, lambda.min path)",2048,"URXCYM","Nitrile/amide/cyanide-related","Negative",0.0409332234976801
"SGL-WQS (survey, lambda.min path)",2048,"URXATC","Nitrile/amide/cyanide-related","Negative",0
"SGL-WQS (survey, lambda.min path)",2048,"URXHPM","Reactive aldehydes","Negative",1
"SGL-WQS (survey, lambda.min path)",2048,"URXPMM","Reactive aldehydes","Negative",0
"gWQS",2222,"URXCEM",NA,"Positive",0.22974790723121
"gWQS",2222,"URXAMC",NA,"Positive",0.167042895640015
"gWQS",2222,"URXMAD",NA,"Positive",0.114965273424192
"gWQS",2222,"URXPMM",NA,"Positive",0.10446350146454
"gWQS",2222,"URXDHB",NA,"Positive",0.0805277499613152
"gWQS",2222,"URXATC",NA,"Positive",0.0762524081476699
"gWQS",2222,"URX34M",NA,"Positive",0.0647694736757501
"gWQS",2222,"URXCYM",NA,"Positive",0.0486343018794742
"gWQS",2222,"URXIPM3",NA,"Positive",0.0312495521285961
"gWQS",2222,"URXBMA",NA,"Positive",0.0301590548769309
"gWQS",2222,"URX2MH",NA,"Positive",0.0245796385702379
"gWQS",2222,"URXMB3",NA,"Positive",0.00720756550503675
"gWQS",2222,"URXPHG",NA,"Positive",0.00598709413970349
"gWQS",2222,"URXAAM",NA,"Positive",0.00591857515003386
"gWQS",2222,"URXHP2",NA,"Positive",0.00462573389346009
"gWQS",2222,"URXHPM",NA,"Positive",0.0038692743118347
"gWQS",2222,"URXCEM",NA,"Negative",0.00465678096486017
"gWQS",2222,"URXAMC",NA,"Negative",0.00450696406328381
"gWQS",2222,"URXMAD",NA,"Negative",0.007735591010715
"gWQS",2222,"URXPMM",NA,"Negative",0.00820005860693073
"gWQS",2222,"URXDHB",NA,"Negative",0.0124055332936171
"gWQS",2222,"URXATC",NA,"Negative",0.00402172467317802
"gWQS",2222,"URX34M",NA,"Negative",0.0120641544968335
"gWQS",2222,"URXCYM",NA,"Negative",0.0166230836053484
"gWQS",2222,"URXIPM3",NA,"Negative",0.0334682997297329
"gWQS",2222,"URXBMA",NA,"Negative",0.0179608839088213
"gWQS",2222,"URX2MH",NA,"Negative",0.0334266059948244
"gWQS",2222,"URXMB3",NA,"Negative",0.121983206704872
"gWQS",2222,"URXPHG",NA,"Negative",0.311305274290233
"gWQS",2222,"URXAAM",NA,"Negative",0.0933922518595452
"gWQS",2222,"URXHP2",NA,"Negative",0.172095408696715
"gWQS",2222,"URXHPM",NA,"Negative",0.146154178100489
"groupWQS",2222,"URX2MH","Aromatic hydrocarbons","Combined",0.187335080624034
"groupWQS",2222,"URX34M","Aromatic hydrocarbons","Combined",0.0627811362849874
"groupWQS",2222,"URXBMA","Aromatic hydrocarbons","Combined",0.0675218836236539
"groupWQS",2222,"URXMAD","Aromatic hydrocarbons","Combined",0.0822978574488282
"groupWQS",2222,"URXPHG","Aromatic hydrocarbons","Combined",0.600064042018488
"groupWQS",2222,"URXDHB","Dienes/alkenes/epoxides","Combined",0.0400484236255058
"groupWQS",2222,"URXMB3","Dienes/alkenes/epoxides","Combined",0.393832696239693
"groupWQS",2222,"URXIPM3","Dienes/alkenes/epoxides","Combined",0.0806341103585386
"groupWQS",2222,"URXHP2","Dienes/alkenes/epoxides","Combined",0.485484769776267
"groupWQS",2222,"URXAAM","Nitrile/amide/cyanide-related","Combined",0.00485871822459054
"groupWQS",2222,"URXAMC","Nitrile/amide/cyanide-related","Combined",0.163537875204439
"groupWQS",2222,"URXCEM","Nitrile/amide/cyanide-related","Combined",0.404271083023899
"groupWQS",2222,"URXCYM","Nitrile/amide/cyanide-related","Combined",0.167955183121538
"groupWQS",2222,"URXATC","Nitrile/amide/cyanide-related","Combined",0.259377140425551
"groupWQS",2222,"URXHPM","Reactive aldehydes","Combined",0.287438769710994
"groupWQS",2222,"URXPMM","Reactive aldehydes","Combined",0.712561230289147
"SGL-WQS (unweighted, lambda=0)",2222,"URX2MH","Aromatic hydrocarbons","Positive",0
"SGL-WQS (unweighted, lambda=0)",2222,"URX34M","Aromatic hydrocarbons","Positive",0.0622608490944023
"SGL-WQS (unweighted, lambda=0)",2222,"URXBMA","Aromatic hydrocarbons","Positive",0.39841536580077
"SGL-WQS (unweighted, lambda=0)",2222,"URXMAD","Aromatic hydrocarbons","Positive",0.539323785104828
"SGL-WQS (unweighted, lambda=0)",2222,"URXPHG","Aromatic hydrocarbons","Positive",0
"SGL-WQS (unweighted, lambda=0)",2222,"URXDHB","Dienes/alkenes/epoxides","Positive",1
"SGL-WQS (unweighted, lambda=0)",2222,"URXMB3","Dienes/alkenes/epoxides","Positive",0
"SGL-WQS (unweighted, lambda=0)",2222,"URXIPM3","Dienes/alkenes/epoxides","Positive",0
"SGL-WQS (unweighted, lambda=0)",2222,"URXHP2","Dienes/alkenes/epoxides","Positive",0
"SGL-WQS (unweighted, lambda=0)",2222,"URXAAM","Nitrile/amide/cyanide-related","Positive",0
"SGL-WQS (unweighted, lambda=0)",2222,"URXAMC","Nitrile/amide/cyanide-related","Positive",0.223037130516231
"SGL-WQS (unweighted, lambda=0)",2222,"URXCEM","Nitrile/amide/cyanide-related","Positive",0.414578524444486
"SGL-WQS (unweighted, lambda=0)",2222,"URXCYM","Nitrile/amide/cyanide-related","Positive",0.184841079380263
"SGL-WQS (unweighted, lambda=0)",2222,"URXATC","Nitrile/amide/cyanide-related","Positive",0.17754326565902
"SGL-WQS (unweighted, lambda=0)",2222,"URXHPM","Reactive aldehydes","Positive",0
"SGL-WQS (unweighted, lambda=0)",2222,"URXPMM","Reactive aldehydes","Positive",1
"SGL-WQS (unweighted, lambda=0)",2222,"URX2MH","Aromatic hydrocarbons","Negative",0.0361821135555519
"SGL-WQS (unweighted, lambda=0)",2222,"URX34M","Aromatic hydrocarbons","Negative",0
"SGL-WQS (unweighted, lambda=0)",2222,"URXBMA","Aromatic hydrocarbons","Negative",0
"SGL-WQS (unweighted, lambda=0)",2222,"URXMAD","Aromatic hydrocarbons","Negative",0
"SGL-WQS (unweighted, lambda=0)",2222,"URXPHG","Aromatic hydrocarbons","Negative",0.963817886444448
"SGL-WQS (unweighted, lambda=0)",2222,"URXDHB","Dienes/alkenes/epoxides","Negative",0
"SGL-WQS (unweighted, lambda=0)",2222,"URXMB3","Dienes/alkenes/epoxides","Negative",0.408805544906797
"SGL-WQS (unweighted, lambda=0)",2222,"URXIPM3","Dienes/alkenes/epoxides","Negative",0.150656460415138
"SGL-WQS (unweighted, lambda=0)",2222,"URXHP2","Dienes/alkenes/epoxides","Negative",0.440537994678065
"SGL-WQS (unweighted, lambda=0)",2222,"URXAAM","Nitrile/amide/cyanide-related","Negative",1
"SGL-WQS (unweighted, lambda=0)",2222,"URXAMC","Nitrile/amide/cyanide-related","Negative",0
"SGL-WQS (unweighted, lambda=0)",2222,"URXCEM","Nitrile/amide/cyanide-related","Negative",0
"SGL-WQS (unweighted, lambda=0)",2222,"URXCYM","Nitrile/amide/cyanide-related","Negative",0
"SGL-WQS (unweighted, lambda=0)",2222,"URXATC","Nitrile/amide/cyanide-related","Negative",0
"SGL-WQS (unweighted, lambda=0)",2222,"URXHPM","Reactive aldehydes","Negative",1
"SGL-WQS (unweighted, lambda=0)",2222,"URXPMM","Reactive aldehydes","Negative",0
"SGL-WQS (unweighted, lambda.min path)",2222,"URX2MH","Aromatic hydrocarbons","Positive",0
"SGL-WQS (unweighted, lambda.min path)",2222,"URX34M","Aromatic hydrocarbons","Positive",0.0182201846612418
"SGL-WQS (unweighted, lambda.min path)",2222,"URXBMA","Aromatic hydrocarbons","Positive",0.484504374835907
"SGL-WQS (unweighted, lambda.min path)",2222,"URXMAD","Aromatic hydrocarbons","Positive",0.497275440502851
"SGL-WQS (unweighted, lambda.min path)",2222,"URXPHG","Aromatic hydrocarbons","Positive",0
"SGL-WQS (unweighted, lambda.min path)",2222,"URXDHB","Dienes/alkenes/epoxides","Positive",1
"SGL-WQS (unweighted, lambda.min path)",2222,"URXMB3","Dienes/alkenes/epoxides","Positive",0
"SGL-WQS (unweighted, lambda.min path)",2222,"URXIPM3","Dienes/alkenes/epoxides","Positive",0
"SGL-WQS (unweighted, lambda.min path)",2222,"URXHP2","Dienes/alkenes/epoxides","Positive",0
"SGL-WQS (unweighted, lambda.min path)",2222,"URXAAM","Nitrile/amide/cyanide-related","Positive",0
"SGL-WQS (unweighted, lambda.min path)",2222,"URXAMC","Nitrile/amide/cyanide-related","Positive",0.233546769978155
"SGL-WQS (unweighted, lambda.min path)",2222,"URXCEM","Nitrile/amide/cyanide-related","Positive",0.418878177096217
"SGL-WQS (unweighted, lambda.min path)",2222,"URXCYM","Nitrile/amide/cyanide-related","Positive",0.159136151641464
"SGL-WQS (unweighted, lambda.min path)",2222,"URXATC","Nitrile/amide/cyanide-related","Positive",0.188438901284164
"SGL-WQS (unweighted, lambda.min path)",2222,"URXHPM","Reactive aldehydes","Positive",0
"SGL-WQS (unweighted, lambda.min path)",2222,"URXPMM","Reactive aldehydes","Positive",1
"SGL-WQS (unweighted, lambda.min path)",2222,"URX2MH","Aromatic hydrocarbons","Negative",0.0338714573545048
"SGL-WQS (unweighted, lambda.min path)",2222,"URX34M","Aromatic hydrocarbons","Negative",0
"SGL-WQS (unweighted, lambda.min path)",2222,"URXBMA","Aromatic hydrocarbons","Negative",0
"SGL-WQS (unweighted, lambda.min path)",2222,"URXMAD","Aromatic hydrocarbons","Negative",0
"SGL-WQS (unweighted, lambda.min path)",2222,"URXPHG","Aromatic hydrocarbons","Negative",0.966128542645495
"SGL-WQS (unweighted, lambda.min path)",2222,"URXDHB","Dienes/alkenes/epoxides","Negative",0
"SGL-WQS (unweighted, lambda.min path)",2222,"URXMB3","Dienes/alkenes/epoxides","Negative",0.378604154529361
"SGL-WQS (unweighted, lambda.min path)",2222,"URXIPM3","Dienes/alkenes/epoxides","Negative",0.126990633547559
"SGL-WQS (unweighted, lambda.min path)",2222,"URXHP2","Dienes/alkenes/epoxides","Negative",0.49440521192308
"SGL-WQS (unweighted, lambda.min path)",2222,"URXAAM","Nitrile/amide/cyanide-related","Negative",1
"SGL-WQS (unweighted, lambda.min path)",2222,"URXAMC","Nitrile/amide/cyanide-related","Negative",0
"SGL-WQS (unweighted, lambda.min path)",2222,"URXCEM","Nitrile/amide/cyanide-related","Negative",0
"SGL-WQS (unweighted, lambda.min path)",2222,"URXCYM","Nitrile/amide/cyanide-related","Negative",0
"SGL-WQS (unweighted, lambda.min path)",2222,"URXATC","Nitrile/amide/cyanide-related","Negative",0
"SGL-WQS (unweighted, lambda.min path)",2222,"URXHPM","Reactive aldehydes","Negative",1
"SGL-WQS (unweighted, lambda.min path)",2222,"URXPMM","Reactive aldehydes","Negative",0
"SGL-WQS (survey, lambda=0)",2222,"URX2MH","Aromatic hydrocarbons","Positive",0
"SGL-WQS (survey, lambda=0)",2222,"URX34M","Aromatic hydrocarbons","Positive",0
"SGL-WQS (survey, lambda=0)",2222,"URXBMA","Aromatic hydrocarbons","Positive",0
"SGL-WQS (survey, lambda=0)",2222,"URXMAD","Aromatic hydrocarbons","Positive",0
"SGL-WQS (survey, lambda=0)",2222,"URXPHG","Aromatic hydrocarbons","Positive",0
"SGL-WQS (survey, lambda=0)",2222,"URXDHB","Dienes/alkenes/epoxides","Positive",0
"SGL-WQS (survey, lambda=0)",2222,"URXMB3","Dienes/alkenes/epoxides","Positive",0
"SGL-WQS (survey, lambda=0)",2222,"URXIPM3","Dienes/alkenes/epoxides","Positive",0
"SGL-WQS (survey, lambda=0)",2222,"URXHP2","Dienes/alkenes/epoxides","Positive",0
"SGL-WQS (survey, lambda=0)",2222,"URXAAM","Nitrile/amide/cyanide-related","Positive",0
"SGL-WQS (survey, lambda=0)",2222,"URXAMC","Nitrile/amide/cyanide-related","Positive",0
"SGL-WQS (survey, lambda=0)",2222,"URXCEM","Nitrile/amide/cyanide-related","Positive",0
"SGL-WQS (survey, lambda=0)",2222,"URXCYM","Nitrile/amide/cyanide-related","Positive",0
"SGL-WQS (survey, lambda=0)",2222,"URXATC","Nitrile/amide/cyanide-related","Positive",0
"SGL-WQS (survey, lambda=0)",2222,"URXHPM","Reactive aldehydes","Positive",0
"SGL-WQS (survey, lambda=0)",2222,"URXPMM","Reactive aldehydes","Positive",0
"SGL-WQS (survey, lambda=0)",2222,"URX2MH","Aromatic hydrocarbons","Negative",0
"SGL-WQS (survey, lambda=0)",2222,"URX34M","Aromatic hydrocarbons","Negative",0
"SGL-WQS (survey, lambda=0)",2222,"URXBMA","Aromatic hydrocarbons","Negative",0
"SGL-WQS (survey, lambda=0)",2222,"URXMAD","Aromatic hydrocarbons","Negative",0
"SGL-WQS (survey, lambda=0)",2222,"URXPHG","Aromatic hydrocarbons","Negative",0
"SGL-WQS (survey, lambda=0)",2222,"URXDHB","Dienes/alkenes/epoxides","Negative",0
"SGL-WQS (survey, lambda=0)",2222,"URXMB3","Dienes/alkenes/epoxides","Negative",0
"SGL-WQS (survey, lambda=0)",2222,"URXIPM3","Dienes/alkenes/epoxides","Negative",0
"SGL-WQS (survey, lambda=0)",2222,"URXHP2","Dienes/alkenes/epoxides","Negative",0
"SGL-WQS (survey, lambda=0)",2222,"URXAAM","Nitrile/amide/cyanide-related","Negative",0
"SGL-WQS (survey, lambda=0)",2222,"URXAMC","Nitrile/amide/cyanide-related","Negative",0
"SGL-WQS (survey, lambda=0)",2222,"URXCEM","Nitrile/amide/cyanide-related","Negative",0
"SGL-WQS (survey, lambda=0)",2222,"URXCYM","Nitrile/amide/cyanide-related","Negative",0
"SGL-WQS (survey, lambda=0)",2222,"URXATC","Nitrile/amide/cyanide-related","Negative",0
"SGL-WQS (survey, lambda=0)",2222,"URXHPM","Reactive aldehydes","Negative",0
"SGL-WQS (survey, lambda=0)",2222,"URXPMM","Reactive aldehydes","Negative",0
"SGL-WQS (survey, lambda.min path)",2222,"URX2MH","Aromatic hydrocarbons","Positive",0.0925340561694406
"SGL-WQS (survey, lambda.min path)",2222,"URX34M","Aromatic hydrocarbons","Positive",0.36737013464137
"SGL-WQS (survey, lambda.min path)",2222,"URXBMA","Aromatic hydrocarbons","Positive",0.193462662402389
"SGL-WQS (survey, lambda.min path)",2222,"URXMAD","Aromatic hydrocarbons","Positive",0.346633146786801
"SGL-WQS (survey, lambda.min path)",2222,"URXPHG","Aromatic hydrocarbons","Positive",0
"SGL-WQS (survey, lambda.min path)",2222,"URXDHB","Dienes/alkenes/epoxides","Positive",1
"SGL-WQS (survey, lambda.min path)",2222,"URXMB3","Dienes/alkenes/epoxides","Positive",0
"SGL-WQS (survey, lambda.min path)",2222,"URXIPM3","Dienes/alkenes/epoxides","Positive",0
"SGL-WQS (survey, lambda.min path)",2222,"URXHP2","Dienes/alkenes/epoxides","Positive",0
"SGL-WQS (survey, lambda.min path)",2222,"URXAAM","Nitrile/amide/cyanide-related","Positive",0
"SGL-WQS (survey, lambda.min path)",2222,"URXAMC","Nitrile/amide/cyanide-related","Positive",0.0233067604035466
"SGL-WQS (survey, lambda.min path)",2222,"URXCEM","Nitrile/amide/cyanide-related","Positive",0.673966846261896
"SGL-WQS (survey, lambda.min path)",2222,"URXCYM","Nitrile/amide/cyanide-related","Positive",0
"SGL-WQS (survey, lambda.min path)",2222,"URXATC","Nitrile/amide/cyanide-related","Positive",0.302726393334557
"SGL-WQS (survey, lambda.min path)",2222,"URXHPM","Reactive aldehydes","Positive",0
"SGL-WQS (survey, lambda.min path)",2222,"URXPMM","Reactive aldehydes","Positive",1
"SGL-WQS (survey, lambda.min path)",2222,"URX2MH","Aromatic hydrocarbons","Negative",0
"SGL-WQS (survey, lambda.min path)",2222,"URX34M","Aromatic hydrocarbons","Negative",0
"SGL-WQS (survey, lambda.min path)",2222,"URXBMA","Aromatic hydrocarbons","Negative",0
"SGL-WQS (survey, lambda.min path)",2222,"URXMAD","Aromatic hydrocarbons","Negative",0
"SGL-WQS (survey, lambda.min path)",2222,"URXPHG","Aromatic hydrocarbons","Negative",1
"SGL-WQS (survey, lambda.min path)",2222,"URXDHB","Dienes/alkenes/epoxides","Negative",0
"SGL-WQS (survey, lambda.min path)",2222,"URXMB3","Dienes/alkenes/epoxides","Negative",0.439978492381208
"SGL-WQS (survey, lambda.min path)",2222,"URXIPM3","Dienes/alkenes/epoxides","Negative",0
"SGL-WQS (survey, lambda.min path)",2222,"URXHP2","Dienes/alkenes/epoxides","Negative",0.560021507618792
"SGL-WQS (survey, lambda.min path)",2222,"URXAAM","Nitrile/amide/cyanide-related","Negative",0.943105201243853
"SGL-WQS (survey, lambda.min path)",2222,"URXAMC","Nitrile/amide/cyanide-related","Negative",0
"SGL-WQS (survey, lambda.min path)",2222,"URXCEM","Nitrile/amide/cyanide-related","Negative",0
"SGL-WQS (survey, lambda.min path)",2222,"URXCYM","Nitrile/amide/cyanide-related","Negative",0.0568947987561473
"SGL-WQS (survey, lambda.min path)",2222,"URXATC","Nitrile/amide/cyanide-related","Negative",0
"SGL-WQS (survey, lambda.min path)",2222,"URXHPM","Reactive aldehydes","Negative",1
"SGL-WQS (survey, lambda.min path)",2222,"URXPMM","Reactive aldehydes","Negative",0
"gWQS",2345,"URXCEM",NA,"Positive",0.222078040731916
"gWQS",2345,"URXAMC",NA,"Positive",0.127655109727757
"gWQS",2345,"URXBMA",NA,"Positive",0.103660172550888
"gWQS",2345,"URXCYM",NA,"Positive",0.0975889873610134
"gWQS",2345,"URXMAD",NA,"Positive",0.0926279518523078
"gWQS",2345,"URXDHB",NA,"Positive",0.078594422964428
"gWQS",2345,"URXPMM",NA,"Positive",0.0775617759445947
"gWQS",2345,"URXATC",NA,"Positive",0.0662764663599597
"gWQS",2345,"URXIPM3",NA,"Positive",0.0541155349669963
"gWQS",2345,"URX34M",NA,"Positive",0.0294723178918393
"gWQS",2345,"URX2MH",NA,"Positive",0.0286450962789961
"gWQS",2345,"URXHPM",NA,"Positive",0.00532704242815898
"gWQS",2345,"URXAAM",NA,"Positive",0.00475924004177553
"gWQS",2345,"URXPHG",NA,"Positive",0.00466413637205946
"gWQS",2345,"URXHP2",NA,"Positive",0.00396781129016952
"gWQS",2345,"URXMB3",NA,"Positive",0.00300589323714073
"gWQS",2345,"URXCEM",NA,"Negative",0.00546141559432527
"gWQS",2345,"URXAMC",NA,"Negative",0.0047842363071537
"gWQS",2345,"URXBMA",NA,"Negative",0.00492422030878141
"gWQS",2345,"URXCYM",NA,"Negative",0.00476218338007149
"gWQS",2345,"URXMAD",NA,"Negative",0.00459654195716795
"gWQS",2345,"URXDHB",NA,"Negative",0.009835590925873
"gWQS",2345,"URXPMM",NA,"Negative",0.00986412791619108
"gWQS",2345,"URXATC",NA,"Negative",0.00485097775954817
"gWQS",2345,"URXIPM3",NA,"Negative",0.0141905484873841
"gWQS",2345,"URX34M",NA,"Negative",0.0367296169717292
"gWQS",2345,"URX2MH",NA,"Negative",0.0283972492251174
"gWQS",2345,"URXHPM",NA,"Negative",0.144138716585153
"gWQS",2345,"URXAAM",NA,"Negative",0.135087271081216
"gWQS",2345,"URXPHG",NA,"Negative",0.285706427511126
"gWQS",2345,"URXHP2",NA,"Negative",0.152094564015756
"gWQS",2345,"URXMB3",NA,"Negative",0.154576311973407
"groupWQS",2345,"URX2MH","Aromatic hydrocarbons","Combined",0.226475266348509
"groupWQS",2345,"URX34M","Aromatic hydrocarbons","Combined",0.0543228752773852
"groupWQS",2345,"URXBMA","Aromatic hydrocarbons","Combined",0.174822351171548
"groupWQS",2345,"URXMAD","Aromatic hydrocarbons","Combined",0.0622514192443699
"groupWQS",2345,"URXPHG","Aromatic hydrocarbons","Combined",0.48212808795815
"groupWQS",2345,"URXDHB","Dienes/alkenes/epoxides","Combined",0.0120865829699418
"groupWQS",2345,"URXMB3","Dienes/alkenes/epoxides","Combined",0.241856156780322
"groupWQS",2345,"URXIPM3","Dienes/alkenes/epoxides","Combined",0.137277329291516
"groupWQS",2345,"URXHP2","Dienes/alkenes/epoxides","Combined",0.608779930958226
"groupWQS",2345,"URXAAM","Nitrile/amide/cyanide-related","Combined",0.0152397457173171
"groupWQS",2345,"URXAMC","Nitrile/amide/cyanide-related","Combined",0.201393940117263
"groupWQS",2345,"URXCEM","Nitrile/amide/cyanide-related","Combined",0.412130195622253
"groupWQS",2345,"URXCYM","Nitrile/amide/cyanide-related","Combined",0.157273519130355
"groupWQS",2345,"URXATC","Nitrile/amide/cyanide-related","Combined",0.213962599412812
"groupWQS",2345,"URXHPM","Reactive aldehydes","Combined",0.420766774479449
"groupWQS",2345,"URXPMM","Reactive aldehydes","Combined",0.579233225520534
"SGL-WQS (unweighted, lambda=0)",2345,"URX2MH","Aromatic hydrocarbons","Positive",0
"SGL-WQS (unweighted, lambda=0)",2345,"URX34M","Aromatic hydrocarbons","Positive",0.0622608490944023
"SGL-WQS (unweighted, lambda=0)",2345,"URXBMA","Aromatic hydrocarbons","Positive",0.39841536580077
"SGL-WQS (unweighted, lambda=0)",2345,"URXMAD","Aromatic hydrocarbons","Positive",0.539323785104828
"SGL-WQS (unweighted, lambda=0)",2345,"URXPHG","Aromatic hydrocarbons","Positive",0
"SGL-WQS (unweighted, lambda=0)",2345,"URXDHB","Dienes/alkenes/epoxides","Positive",1
"SGL-WQS (unweighted, lambda=0)",2345,"URXMB3","Dienes/alkenes/epoxides","Positive",0
"SGL-WQS (unweighted, lambda=0)",2345,"URXIPM3","Dienes/alkenes/epoxides","Positive",0
"SGL-WQS (unweighted, lambda=0)",2345,"URXHP2","Dienes/alkenes/epoxides","Positive",0
"SGL-WQS (unweighted, lambda=0)",2345,"URXAAM","Nitrile/amide/cyanide-related","Positive",0
"SGL-WQS (unweighted, lambda=0)",2345,"URXAMC","Nitrile/amide/cyanide-related","Positive",0.223037130516231
"SGL-WQS (unweighted, lambda=0)",2345,"URXCEM","Nitrile/amide/cyanide-related","Positive",0.414578524444486
"SGL-WQS (unweighted, lambda=0)",2345,"URXCYM","Nitrile/amide/cyanide-related","Positive",0.184841079380263
"SGL-WQS (unweighted, lambda=0)",2345,"URXATC","Nitrile/amide/cyanide-related","Positive",0.17754326565902
"SGL-WQS (unweighted, lambda=0)",2345,"URXHPM","Reactive aldehydes","Positive",0
"SGL-WQS (unweighted, lambda=0)",2345,"URXPMM","Reactive aldehydes","Positive",1
"SGL-WQS (unweighted, lambda=0)",2345,"URX2MH","Aromatic hydrocarbons","Negative",0.0361821135555519
"SGL-WQS (unweighted, lambda=0)",2345,"URX34M","Aromatic hydrocarbons","Negative",0
"SGL-WQS (unweighted, lambda=0)",2345,"URXBMA","Aromatic hydrocarbons","Negative",0
"SGL-WQS (unweighted, lambda=0)",2345,"URXMAD","Aromatic hydrocarbons","Negative",0
"SGL-WQS (unweighted, lambda=0)",2345,"URXPHG","Aromatic hydrocarbons","Negative",0.963817886444448
"SGL-WQS (unweighted, lambda=0)",2345,"URXDHB","Dienes/alkenes/epoxides","Negative",0
"SGL-WQS (unweighted, lambda=0)",2345,"URXMB3","Dienes/alkenes/epoxides","Negative",0.408805544906797
"SGL-WQS (unweighted, lambda=0)",2345,"URXIPM3","Dienes/alkenes/epoxides","Negative",0.150656460415138
"SGL-WQS (unweighted, lambda=0)",2345,"URXHP2","Dienes/alkenes/epoxides","Negative",0.440537994678065
"SGL-WQS (unweighted, lambda=0)",2345,"URXAAM","Nitrile/amide/cyanide-related","Negative",1
"SGL-WQS (unweighted, lambda=0)",2345,"URXAMC","Nitrile/amide/cyanide-related","Negative",0
"SGL-WQS (unweighted, lambda=0)",2345,"URXCEM","Nitrile/amide/cyanide-related","Negative",0
"SGL-WQS (unweighted, lambda=0)",2345,"URXCYM","Nitrile/amide/cyanide-related","Negative",0
"SGL-WQS (unweighted, lambda=0)",2345,"URXATC","Nitrile/amide/cyanide-related","Negative",0
"SGL-WQS (unweighted, lambda=0)",2345,"URXHPM","Reactive aldehydes","Negative",1
"SGL-WQS (unweighted, lambda=0)",2345,"URXPMM","Reactive aldehydes","Negative",0
"SGL-WQS (unweighted, lambda.min path)",2345,"URX2MH","Aromatic hydrocarbons","Positive",0
"SGL-WQS (unweighted, lambda.min path)",2345,"URX34M","Aromatic hydrocarbons","Positive",0.015674975826782
"SGL-WQS (unweighted, lambda.min path)",2345,"URXBMA","Aromatic hydrocarbons","Positive",0.505599301136899
"SGL-WQS (unweighted, lambda.min path)",2345,"URXMAD","Aromatic hydrocarbons","Positive",0.478725723036319
"SGL-WQS (unweighted, lambda.min path)",2345,"URXPHG","Aromatic hydrocarbons","Positive",0
"SGL-WQS (unweighted, lambda.min path)",2345,"URXDHB","Dienes/alkenes/epoxides","Positive",1
"SGL-WQS (unweighted, lambda.min path)",2345,"URXMB3","Dienes/alkenes/epoxides","Positive",0
"SGL-WQS (unweighted, lambda.min path)",2345,"URXIPM3","Dienes/alkenes/epoxides","Positive",0
"SGL-WQS (unweighted, lambda.min path)",2345,"URXHP2","Dienes/alkenes/epoxides","Positive",0
"SGL-WQS (unweighted, lambda.min path)",2345,"URXAAM","Nitrile/amide/cyanide-related","Positive",0
"SGL-WQS (unweighted, lambda.min path)",2345,"URXAMC","Nitrile/amide/cyanide-related","Positive",0.234771587538936
"SGL-WQS (unweighted, lambda.min path)",2345,"URXCEM","Nitrile/amide/cyanide-related","Positive",0.415758270241199
"SGL-WQS (unweighted, lambda.min path)",2345,"URXCYM","Nitrile/amide/cyanide-related","Positive",0.160272126418157
"SGL-WQS (unweighted, lambda.min path)",2345,"URXATC","Nitrile/amide/cyanide-related","Positive",0.189198015801708
"SGL-WQS (unweighted, lambda.min path)",2345,"URXHPM","Reactive aldehydes","Positive",0
"SGL-WQS (unweighted, lambda.min path)",2345,"URXPMM","Reactive aldehydes","Positive",1
"SGL-WQS (unweighted, lambda.min path)",2345,"URX2MH","Aromatic hydrocarbons","Negative",0.0238893451154201
"SGL-WQS (unweighted, lambda.min path)",2345,"URX34M","Aromatic hydrocarbons","Negative",0
"SGL-WQS (unweighted, lambda.min path)",2345,"URXBMA","Aromatic hydrocarbons","Negative",0
"SGL-WQS (unweighted, lambda.min path)",2345,"URXMAD","Aromatic hydrocarbons","Negative",0
"SGL-WQS (unweighted, lambda.min path)",2345,"URXPHG","Aromatic hydrocarbons","Negative",0.97611065488458
"SGL-WQS (unweighted, lambda.min path)",2345,"URXDHB","Dienes/alkenes/epoxides","Negative",0
"SGL-WQS (unweighted, lambda.min path)",2345,"URXMB3","Dienes/alkenes/epoxides","Negative",0.376581159078122
"SGL-WQS (unweighted, lambda.min path)",2345,"URXIPM3","Dienes/alkenes/epoxides","Negative",0.121480622478239
"SGL-WQS (unweighted, lambda.min path)",2345,"URXHP2","Dienes/alkenes/epoxides","Negative",0.501938218443639
"SGL-WQS (unweighted, lambda.min path)",2345,"URXAAM","Nitrile/amide/cyanide-related","Negative",1
"SGL-WQS (unweighted, lambda.min path)",2345,"URXAMC","Nitrile/amide/cyanide-related","Negative",0
"SGL-WQS (unweighted, lambda.min path)",2345,"URXCEM","Nitrile/amide/cyanide-related","Negative",0
"SGL-WQS (unweighted, lambda.min path)",2345,"URXCYM","Nitrile/amide/cyanide-related","Negative",0
"SGL-WQS (unweighted, lambda.min path)",2345,"URXATC","Nitrile/amide/cyanide-related","Negative",0
"SGL-WQS (unweighted, lambda.min path)",2345,"URXHPM","Reactive aldehydes","Negative",1
"SGL-WQS (unweighted, lambda.min path)",2345,"URXPMM","Reactive aldehydes","Negative",0
"SGL-WQS (survey, lambda=0)",2345,"URX2MH","Aromatic hydrocarbons","Positive",0
"SGL-WQS (survey, lambda=0)",2345,"URX34M","Aromatic hydrocarbons","Positive",0
"SGL-WQS (survey, lambda=0)",2345,"URXBMA","Aromatic hydrocarbons","Positive",0
"SGL-WQS (survey, lambda=0)",2345,"URXMAD","Aromatic hydrocarbons","Positive",0
"SGL-WQS (survey, lambda=0)",2345,"URXPHG","Aromatic hydrocarbons","Positive",0
"SGL-WQS (survey, lambda=0)",2345,"URXDHB","Dienes/alkenes/epoxides","Positive",0
"SGL-WQS (survey, lambda=0)",2345,"URXMB3","Dienes/alkenes/epoxides","Positive",0
"SGL-WQS (survey, lambda=0)",2345,"URXIPM3","Dienes/alkenes/epoxides","Positive",0
"SGL-WQS (survey, lambda=0)",2345,"URXHP2","Dienes/alkenes/epoxides","Positive",0
"SGL-WQS (survey, lambda=0)",2345,"URXAAM","Nitrile/amide/cyanide-related","Positive",0
"SGL-WQS (survey, lambda=0)",2345,"URXAMC","Nitrile/amide/cyanide-related","Positive",0
"SGL-WQS (survey, lambda=0)",2345,"URXCEM","Nitrile/amide/cyanide-related","Positive",0
"SGL-WQS (survey, lambda=0)",2345,"URXCYM","Nitrile/amide/cyanide-related","Positive",0
"SGL-WQS (survey, lambda=0)",2345,"URXATC","Nitrile/amide/cyanide-related","Positive",0
"SGL-WQS (survey, lambda=0)",2345,"URXHPM","Reactive aldehydes","Positive",0
"SGL-WQS (survey, lambda=0)",2345,"URXPMM","Reactive aldehydes","Positive",0
"SGL-WQS (survey, lambda=0)",2345,"URX2MH","Aromatic hydrocarbons","Negative",0
"SGL-WQS (survey, lambda=0)",2345,"URX34M","Aromatic hydrocarbons","Negative",0
"SGL-WQS (survey, lambda=0)",2345,"URXBMA","Aromatic hydrocarbons","Negative",0
"SGL-WQS (survey, lambda=0)",2345,"URXMAD","Aromatic hydrocarbons","Negative",0
"SGL-WQS (survey, lambda=0)",2345,"URXPHG","Aromatic hydrocarbons","Negative",0
"SGL-WQS (survey, lambda=0)",2345,"URXDHB","Dienes/alkenes/epoxides","Negative",0
"SGL-WQS (survey, lambda=0)",2345,"URXMB3","Dienes/alkenes/epoxides","Negative",0
"SGL-WQS (survey, lambda=0)",2345,"URXIPM3","Dienes/alkenes/epoxides","Negative",0
"SGL-WQS (survey, lambda=0)",2345,"URXHP2","Dienes/alkenes/epoxides","Negative",0
"SGL-WQS (survey, lambda=0)",2345,"URXAAM","Nitrile/amide/cyanide-related","Negative",0
"SGL-WQS (survey, lambda=0)",2345,"URXAMC","Nitrile/amide/cyanide-related","Negative",0
"SGL-WQS (survey, lambda=0)",2345,"URXCEM","Nitrile/amide/cyanide-related","Negative",0
"SGL-WQS (survey, lambda=0)",2345,"URXCYM","Nitrile/amide/cyanide-related","Negative",0
"SGL-WQS (survey, lambda=0)",2345,"URXATC","Nitrile/amide/cyanide-related","Negative",0
"SGL-WQS (survey, lambda=0)",2345,"URXHPM","Reactive aldehydes","Negative",0
"SGL-WQS (survey, lambda=0)",2345,"URXPMM","Reactive aldehydes","Negative",0
"SGL-WQS (survey, lambda.min path)",2345,"URX2MH","Aromatic hydrocarbons","Positive",0.0616772778200268
"SGL-WQS (survey, lambda.min path)",2345,"URX34M","Aromatic hydrocarbons","Positive",0.382727897201116
"SGL-WQS (survey, lambda.min path)",2345,"URXBMA","Aromatic hydrocarbons","Positive",0.17741796849556
"SGL-WQS (survey, lambda.min path)",2345,"URXMAD","Aromatic hydrocarbons","Positive",0.378176856483297
"SGL-WQS (survey, lambda.min path)",2345,"URXPHG","Aromatic hydrocarbons","Positive",0
"SGL-WQS (survey, lambda.min path)",2345,"URXDHB","Dienes/alkenes/epoxides","Positive",1
"SGL-WQS (survey, lambda.min path)",2345,"URXMB3","Dienes/alkenes/epoxides","Positive",0
"SGL-WQS (survey, lambda.min path)",2345,"URXIPM3","Dienes/alkenes/epoxides","Positive",0
"SGL-WQS (survey, lambda.min path)",2345,"URXHP2","Dienes/alkenes/epoxides","Positive",0
"SGL-WQS (survey, lambda.min path)",2345,"URXAAM","Nitrile/amide/cyanide-related","Positive",0
"SGL-WQS (survey, lambda.min path)",2345,"URXAMC","Nitrile/amide/cyanide-related","Positive",0.0236627704421065
"SGL-WQS (survey, lambda.min path)",2345,"URXCEM","Nitrile/amide/cyanide-related","Positive",0.67658915928086
"SGL-WQS (survey, lambda.min path)",2345,"URXCYM","Nitrile/amide/cyanide-related","Positive",0
"SGL-WQS (survey, lambda.min path)",2345,"URXATC","Nitrile/amide/cyanide-related","Positive",0.299748070277034
"SGL-WQS (survey, lambda.min path)",2345,"URXHPM","Reactive aldehydes","Positive",0
"SGL-WQS (survey, lambda.min path)",2345,"URXPMM","Reactive aldehydes","Positive",1
"SGL-WQS (survey, lambda.min path)",2345,"URX2MH","Aromatic hydrocarbons","Negative",0
"SGL-WQS (survey, lambda.min path)",2345,"URX34M","Aromatic hydrocarbons","Negative",0
"SGL-WQS (survey, lambda.min path)",2345,"URXBMA","Aromatic hydrocarbons","Negative",0
"SGL-WQS (survey, lambda.min path)",2345,"URXMAD","Aromatic hydrocarbons","Negative",0
"SGL-WQS (survey, lambda.min path)",2345,"URXPHG","Aromatic hydrocarbons","Negative",1
"SGL-WQS (survey, lambda.min path)",2345,"URXDHB","Dienes/alkenes/epoxides","Negative",0
"SGL-WQS (survey, lambda.min path)",2345,"URXMB3","Dienes/alkenes/epoxides","Negative",0.462214995235149
"SGL-WQS (survey, lambda.min path)",2345,"URXIPM3","Dienes/alkenes/epoxides","Negative",0.00762982608094297
"SGL-WQS (survey, lambda.min path)",2345,"URXHP2","Dienes/alkenes/epoxides","Negative",0.530155178683908
"SGL-WQS (survey, lambda.min path)",2345,"URXAAM","Nitrile/amide/cyanide-related","Negative",0.974489294595593
"SGL-WQS (survey, lambda.min path)",2345,"URXAMC","Nitrile/amide/cyanide-related","Negative",0
"SGL-WQS (survey, lambda.min path)",2345,"URXCEM","Nitrile/amide/cyanide-related","Negative",0
"SGL-WQS (survey, lambda.min path)",2345,"URXCYM","Nitrile/amide/cyanide-related","Negative",0.0255107054044067
"SGL-WQS (survey, lambda.min path)",2345,"URXATC","Nitrile/amide/cyanide-related","Negative",0
"SGL-WQS (survey, lambda.min path)",2345,"URXHPM","Reactive aldehydes","Negative",1
"SGL-WQS (survey, lambda.min path)",2345,"URXPMM","Reactive aldehydes","Negative",0
"gWQS",2500,"URXCEM",NA,"Positive",0.180546515909858
"gWQS",2500,"URXPMM",NA,"Positive",0.170339727210345
"gWQS",2500,"URXDHB",NA,"Positive",0.151869423859384
"gWQS",2500,"URXAMC",NA,"Positive",0.105455274871365
"gWQS",2500,"URXATC",NA,"Positive",0.103299608078831
"gWQS",2500,"URXCYM",NA,"Positive",0.0894420809927363
"gWQS",2500,"URXMAD",NA,"Positive",0.0588328477883787
"gWQS",2500,"URXBMA",NA,"Positive",0.0532390587988224
"gWQS",2500,"URX34M",NA,"Positive",0.0405236606338395
"gWQS",2500,"URX2MH",NA,"Positive",0.0104609855928359
"gWQS",2500,"URXHPM",NA,"Positive",0.00953489389499287
"gWQS",2500,"URXIPM3",NA,"Positive",0.00876778275011868
"gWQS",2500,"URXAAM",NA,"Positive",0.00483173818665057
"gWQS",2500,"URXPHG",NA,"Positive",0.00469567241707563
"gWQS",2500,"URXMB3",NA,"Positive",0.00456435662847714
"gWQS",2500,"URXHP2",NA,"Positive",0.00359637238628957
"gWQS",2500,"URXCEM",NA,"Negative",0.00480375417441569
"gWQS",2500,"URXPMM",NA,"Negative",0.00341158367948441
"gWQS",2500,"URXDHB",NA,"Negative",0.00506353176167424
"gWQS",2500,"URXAMC",NA,"Negative",0.00614638181413474
"gWQS",2500,"URXATC",NA,"Negative",0.00490112717175719
"gWQS",2500,"URXCYM",NA,"Negative",0.00754621213102393
"gWQS",2500,"URXMAD",NA,"Negative",0.0095026048965044
"gWQS",2500,"URXBMA",NA,"Negative",0.0090991937024502
"gWQS",2500,"URX34M",NA,"Negative",0.0277657850229816
"gWQS",2500,"URX2MH",NA,"Negative",0.072230221295721
"gWQS",2500,"URXHPM",NA,"Negative",0.0907615776614221
"gWQS",2500,"URXIPM3",NA,"Negative",0.0771102382306069
"gWQS",2500,"URXAAM",NA,"Negative",0.107946938010787
"gWQS",2500,"URXPHG",NA,"Negative",0.245863569441826
"gWQS",2500,"URXMB3",NA,"Negative",0.162928541350773
"gWQS",2500,"URXHP2",NA,"Negative",0.164918739654438
"groupWQS",2500,"URX2MH","Aromatic hydrocarbons","Combined",0.0940196223077085
"groupWQS",2500,"URX34M","Aromatic hydrocarbons","Combined",0.224203416731846
"groupWQS",2500,"URXBMA","Aromatic hydrocarbons","Combined",0.322401901041149
"groupWQS",2500,"URXMAD","Aromatic hydrocarbons","Combined",0.0707976052146616
"groupWQS",2500,"URXPHG","Aromatic hydrocarbons","Combined",0.288577454704666
"groupWQS",2500,"URXDHB","Dienes/alkenes/epoxides","Combined",0.0106715492010302
"groupWQS",2500,"URXMB3","Dienes/alkenes/epoxides","Combined",0.416035794863904
"groupWQS",2500,"URXIPM3","Dienes/alkenes/epoxides","Combined",0.092724931630799
"groupWQS",2500,"URXHP2","Dienes/alkenes/epoxides","Combined",0.480567724304175
"groupWQS",2500,"URXAAM","Nitrile/amide/cyanide-related","Combined",0.0795901522776705
"groupWQS",2500,"URXAMC","Nitrile/amide/cyanide-related","Combined",0.180536960862339
"groupWQS",2500,"URXCEM","Nitrile/amide/cyanide-related","Combined",0.360602559360562
"groupWQS",2500,"URXCYM","Nitrile/amide/cyanide-related","Combined",0.206796556741488
"groupWQS",2500,"URXATC","Nitrile/amide/cyanide-related","Combined",0.172473770758556
"groupWQS",2500,"URXHPM","Reactive aldehydes","Combined",0.139515645589271
"groupWQS",2500,"URXPMM","Reactive aldehydes","Combined",0.860484354410713
"SGL-WQS (unweighted, lambda=0)",2500,"URX2MH","Aromatic hydrocarbons","Positive",0
"SGL-WQS (unweighted, lambda=0)",2500,"URX34M","Aromatic hydrocarbons","Positive",0.0622608490944023
"SGL-WQS (unweighted, lambda=0)",2500,"URXBMA","Aromatic hydrocarbons","Positive",0.39841536580077
"SGL-WQS (unweighted, lambda=0)",2500,"URXMAD","Aromatic hydrocarbons","Positive",0.539323785104828
"SGL-WQS (unweighted, lambda=0)",2500,"URXPHG","Aromatic hydrocarbons","Positive",0
"SGL-WQS (unweighted, lambda=0)",2500,"URXDHB","Dienes/alkenes/epoxides","Positive",1
"SGL-WQS (unweighted, lambda=0)",2500,"URXMB3","Dienes/alkenes/epoxides","Positive",0
"SGL-WQS (unweighted, lambda=0)",2500,"URXIPM3","Dienes/alkenes/epoxides","Positive",0
"SGL-WQS (unweighted, lambda=0)",2500,"URXHP2","Dienes/alkenes/epoxides","Positive",0
"SGL-WQS (unweighted, lambda=0)",2500,"URXAAM","Nitrile/amide/cyanide-related","Positive",0
"SGL-WQS (unweighted, lambda=0)",2500,"URXAMC","Nitrile/amide/cyanide-related","Positive",0.223037130516231
"SGL-WQS (unweighted, lambda=0)",2500,"URXCEM","Nitrile/amide/cyanide-related","Positive",0.414578524444486
"SGL-WQS (unweighted, lambda=0)",2500,"URXCYM","Nitrile/amide/cyanide-related","Positive",0.184841079380263
"SGL-WQS (unweighted, lambda=0)",2500,"URXATC","Nitrile/amide/cyanide-related","Positive",0.17754326565902
"SGL-WQS (unweighted, lambda=0)",2500,"URXHPM","Reactive aldehydes","Positive",0
"SGL-WQS (unweighted, lambda=0)",2500,"URXPMM","Reactive aldehydes","Positive",1
"SGL-WQS (unweighted, lambda=0)",2500,"URX2MH","Aromatic hydrocarbons","Negative",0.0361821135555519
"SGL-WQS (unweighted, lambda=0)",2500,"URX34M","Aromatic hydrocarbons","Negative",0
"SGL-WQS (unweighted, lambda=0)",2500,"URXBMA","Aromatic hydrocarbons","Negative",0
"SGL-WQS (unweighted, lambda=0)",2500,"URXMAD","Aromatic hydrocarbons","Negative",0
"SGL-WQS (unweighted, lambda=0)",2500,"URXPHG","Aromatic hydrocarbons","Negative",0.963817886444448
"SGL-WQS (unweighted, lambda=0)",2500,"URXDHB","Dienes/alkenes/epoxides","Negative",0
"SGL-WQS (unweighted, lambda=0)",2500,"URXMB3","Dienes/alkenes/epoxides","Negative",0.408805544906797
"SGL-WQS (unweighted, lambda=0)",2500,"URXIPM3","Dienes/alkenes/epoxides","Negative",0.150656460415138
"SGL-WQS (unweighted, lambda=0)",2500,"URXHP2","Dienes/alkenes/epoxides","Negative",0.440537994678065
"SGL-WQS (unweighted, lambda=0)",2500,"URXAAM","Nitrile/amide/cyanide-related","Negative",1
"SGL-WQS (unweighted, lambda=0)",2500,"URXAMC","Nitrile/amide/cyanide-related","Negative",0
"SGL-WQS (unweighted, lambda=0)",2500,"URXCEM","Nitrile/amide/cyanide-related","Negative",0
"SGL-WQS (unweighted, lambda=0)",2500,"URXCYM","Nitrile/amide/cyanide-related","Negative",0
"SGL-WQS (unweighted, lambda=0)",2500,"URXATC","Nitrile/amide/cyanide-related","Negative",0
"SGL-WQS (unweighted, lambda=0)",2500,"URXHPM","Reactive aldehydes","Negative",1
"SGL-WQS (unweighted, lambda=0)",2500,"URXPMM","Reactive aldehydes","Negative",0
"SGL-WQS (unweighted, lambda.min path)",2500,"URX2MH","Aromatic hydrocarbons","Positive",0
"SGL-WQS (unweighted, lambda.min path)",2500,"URX34M","Aromatic hydrocarbons","Positive",0.0171715651084757
"SGL-WQS (unweighted, lambda.min path)",2500,"URXBMA","Aromatic hydrocarbons","Positive",0.48968427644989
"SGL-WQS (unweighted, lambda.min path)",2500,"URXMAD","Aromatic hydrocarbons","Positive",0.493144158441635
"SGL-WQS (unweighted, lambda.min path)",2500,"URXPHG","Aromatic hydrocarbons","Positive",0
"SGL-WQS (unweighted, lambda.min path)",2500,"URXDHB","Dienes/alkenes/epoxides","Positive",1
"SGL-WQS (unweighted, lambda.min path)",2500,"URXMB3","Dienes/alkenes/epoxides","Positive",0
"SGL-WQS (unweighted, lambda.min path)",2500,"URXIPM3","Dienes/alkenes/epoxides","Positive",0
"SGL-WQS (unweighted, lambda.min path)",2500,"URXHP2","Dienes/alkenes/epoxides","Positive",0
"SGL-WQS (unweighted, lambda.min path)",2500,"URXAAM","Nitrile/amide/cyanide-related","Positive",0
"SGL-WQS (unweighted, lambda.min path)",2500,"URXAMC","Nitrile/amide/cyanide-related","Positive",0.23378927226378
"SGL-WQS (unweighted, lambda.min path)",2500,"URXCEM","Nitrile/amide/cyanide-related","Positive",0.418502694994518
"SGL-WQS (unweighted, lambda.min path)",2500,"URXCYM","Nitrile/amide/cyanide-related","Positive",0.159127544464052
"SGL-WQS (unweighted, lambda.min path)",2500,"URXATC","Nitrile/amide/cyanide-related","Positive",0.188580488277649
"SGL-WQS (unweighted, lambda.min path)",2500,"URXHPM","Reactive aldehydes","Positive",0
"SGL-WQS (unweighted, lambda.min path)",2500,"URXPMM","Reactive aldehydes","Positive",1
"SGL-WQS (unweighted, lambda.min path)",2500,"URX2MH","Aromatic hydrocarbons","Negative",0.032951753271598
"SGL-WQS (unweighted, lambda.min path)",2500,"URX34M","Aromatic hydrocarbons","Negative",0
"SGL-WQS (unweighted, lambda.min path)",2500,"URXBMA","Aromatic hydrocarbons","Negative",0
"SGL-WQS (unweighted, lambda.min path)",2500,"URXMAD","Aromatic hydrocarbons","Negative",0
"SGL-WQS (unweighted, lambda.min path)",2500,"URXPHG","Aromatic hydrocarbons","Negative",0.967048246728402
"SGL-WQS (unweighted, lambda.min path)",2500,"URXDHB","Dienes/alkenes/epoxides","Negative",0
"SGL-WQS (unweighted, lambda.min path)",2500,"URXMB3","Dienes/alkenes/epoxides","Negative",0.378071453114682
"SGL-WQS (unweighted, lambda.min path)",2500,"URXIPM3","Dienes/alkenes/epoxides","Negative",0.126176382980886
"SGL-WQS (unweighted, lambda.min path)",2500,"URXHP2","Dienes/alkenes/epoxides","Negative",0.495752163904432
"SGL-WQS (unweighted, lambda.min path)",2500,"URXAAM","Nitrile/amide/cyanide-related","Negative",1
"SGL-WQS (unweighted, lambda.min path)",2500,"URXAMC","Nitrile/amide/cyanide-related","Negative",0
"SGL-WQS (unweighted, lambda.min path)",2500,"URXCEM","Nitrile/amide/cyanide-related","Negative",0
"SGL-WQS (unweighted, lambda.min path)",2500,"URXCYM","Nitrile/amide/cyanide-related","Negative",0
"SGL-WQS (unweighted, lambda.min path)",2500,"URXATC","Nitrile/amide/cyanide-related","Negative",0
"SGL-WQS (unweighted, lambda.min path)",2500,"URXHPM","Reactive aldehydes","Negative",1
"SGL-WQS (unweighted, lambda.min path)",2500,"URXPMM","Reactive aldehydes","Negative",0
"SGL-WQS (survey, lambda=0)",2500,"URX2MH","Aromatic hydrocarbons","Positive",0
"SGL-WQS (survey, lambda=0)",2500,"URX34M","Aromatic hydrocarbons","Positive",0
"SGL-WQS (survey, lambda=0)",2500,"URXBMA","Aromatic hydrocarbons","Positive",0
"SGL-WQS (survey, lambda=0)",2500,"URXMAD","Aromatic hydrocarbons","Positive",0
"SGL-WQS (survey, lambda=0)",2500,"URXPHG","Aromatic hydrocarbons","Positive",0
"SGL-WQS (survey, lambda=0)",2500,"URXDHB","Dienes/alkenes/epoxides","Positive",0
"SGL-WQS (survey, lambda=0)",2500,"URXMB3","Dienes/alkenes/epoxides","Positive",0
"SGL-WQS (survey, lambda=0)",2500,"URXIPM3","Dienes/alkenes/epoxides","Positive",0
"SGL-WQS (survey, lambda=0)",2500,"URXHP2","Dienes/alkenes/epoxides","Positive",0
"SGL-WQS (survey, lambda=0)",2500,"URXAAM","Nitrile/amide/cyanide-related","Positive",0
"SGL-WQS (survey, lambda=0)",2500,"URXAMC","Nitrile/amide/cyanide-related","Positive",0
"SGL-WQS (survey, lambda=0)",2500,"URXCEM","Nitrile/amide/cyanide-related","Positive",0
"SGL-WQS (survey, lambda=0)",2500,"URXCYM","Nitrile/amide/cyanide-related","Positive",0
"SGL-WQS (survey, lambda=0)",2500,"URXATC","Nitrile/amide/cyanide-related","Positive",0
"SGL-WQS (survey, lambda=0)",2500,"URXHPM","Reactive aldehydes","Positive",0
"SGL-WQS (survey, lambda=0)",2500,"URXPMM","Reactive aldehydes","Positive",0
"SGL-WQS (survey, lambda=0)",2500,"URX2MH","Aromatic hydrocarbons","Negative",0
"SGL-WQS (survey, lambda=0)",2500,"URX34M","Aromatic hydrocarbons","Negative",0
"SGL-WQS (survey, lambda=0)",2500,"URXBMA","Aromatic hydrocarbons","Negative",0
"SGL-WQS (survey, lambda=0)",2500,"URXMAD","Aromatic hydrocarbons","Negative",0
"SGL-WQS (survey, lambda=0)",2500,"URXPHG","Aromatic hydrocarbons","Negative",0
"SGL-WQS (survey, lambda=0)",2500,"URXDHB","Dienes/alkenes/epoxides","Negative",0
"SGL-WQS (survey, lambda=0)",2500,"URXMB3","Dienes/alkenes/epoxides","Negative",0
"SGL-WQS (survey, lambda=0)",2500,"URXIPM3","Dienes/alkenes/epoxides","Negative",0
"SGL-WQS (survey, lambda=0)",2500,"URXHP2","Dienes/alkenes/epoxides","Negative",0
"SGL-WQS (survey, lambda=0)",2500,"URXAAM","Nitrile/amide/cyanide-related","Negative",0
"SGL-WQS (survey, lambda=0)",2500,"URXAMC","Nitrile/amide/cyanide-related","Negative",0
"SGL-WQS (survey, lambda=0)",2500,"URXCEM","Nitrile/amide/cyanide-related","Negative",0
"SGL-WQS (survey, lambda=0)",2500,"URXCYM","Nitrile/amide/cyanide-related","Negative",0
"SGL-WQS (survey, lambda=0)",2500,"URXATC","Nitrile/amide/cyanide-related","Negative",0
"SGL-WQS (survey, lambda=0)",2500,"URXHPM","Reactive aldehydes","Negative",0
"SGL-WQS (survey, lambda=0)",2500,"URXPMM","Reactive aldehydes","Negative",0
"SGL-WQS (survey, lambda.min path)",2500,"URX2MH","Aromatic hydrocarbons","Positive",0.0482462287144035
"SGL-WQS (survey, lambda.min path)",2500,"URX34M","Aromatic hydrocarbons","Positive",0.389574047743253
"SGL-WQS (survey, lambda.min path)",2500,"URXBMA","Aromatic hydrocarbons","Positive",0.171086947931367
"SGL-WQS (survey, lambda.min path)",2500,"URXMAD","Aromatic hydrocarbons","Positive",0.391092775610977
"SGL-WQS (survey, lambda.min path)",2500,"URXPHG","Aromatic hydrocarbons","Positive",0
"SGL-WQS (survey, lambda.min path)",2500,"URXDHB","Dienes/alkenes/epoxides","Positive",1
"SGL-WQS (survey, lambda.min path)",2500,"URXMB3","Dienes/alkenes/epoxides","Positive",0
"SGL-WQS (survey, lambda.min path)",2500,"URXIPM3","Dienes/alkenes/epoxides","Positive",0
"SGL-WQS (survey, lambda.min path)",2500,"URXHP2","Dienes/alkenes/epoxides","Positive",0
"SGL-WQS (survey, lambda.min path)",2500,"URXAAM","Nitrile/amide/cyanide-related","Positive",0
"SGL-WQS (survey, lambda.min path)",2500,"URXAMC","Nitrile/amide/cyanide-related","Positive",0.0238266129603803
"SGL-WQS (survey, lambda.min path)",2500,"URXCEM","Nitrile/amide/cyanide-related","Positive",0.67772948058548
"SGL-WQS (survey, lambda.min path)",2500,"URXCYM","Nitrile/amide/cyanide-related","Positive",0
"SGL-WQS (survey, lambda.min path)",2500,"URXATC","Nitrile/amide/cyanide-related","Positive",0.298443906454139
"SGL-WQS (survey, lambda.min path)",2500,"URXHPM","Reactive aldehydes","Positive",0
"SGL-WQS (survey, lambda.min path)",2500,"URXPMM","Reactive aldehydes","Positive",1
"SGL-WQS (survey, lambda.min path)",2500,"URX2MH","Aromatic hydrocarbons","Negative",0
"SGL-WQS (survey, lambda.min path)",2500,"URX34M","Aromatic hydrocarbons","Negative",0
"SGL-WQS (survey, lambda.min path)",2500,"URXBMA","Aromatic hydrocarbons","Negative",0
"SGL-WQS (survey, lambda.min path)",2500,"URXMAD","Aromatic hydrocarbons","Negative",0
"SGL-WQS (survey, lambda.min path)",2500,"URXPHG","Aromatic hydrocarbons","Negative",1
"SGL-WQS (survey, lambda.min path)",2500,"URXDHB","Dienes/alkenes/epoxides","Negative",0
"SGL-WQS (survey, lambda.min path)",2500,"URXMB3","Dienes/alkenes/epoxides","Negative",0.469870134586103
"SGL-WQS (survey, lambda.min path)",2500,"URXIPM3","Dienes/alkenes/epoxides","Negative",0.0120122914043443
"SGL-WQS (survey, lambda.min path)",2500,"URXHP2","Dienes/alkenes/epoxides","Negative",0.518117574009552
"SGL-WQS (survey, lambda.min path)",2500,"URXAAM","Nitrile/amide/cyanide-related","Negative",0.988552631278217
"SGL-WQS (survey, lambda.min path)",2500,"URXAMC","Nitrile/amide/cyanide-related","Negative",0
"SGL-WQS (survey, lambda.min path)",2500,"URXCEM","Nitrile/amide/cyanide-related","Negative",0
"SGL-WQS (survey, lambda.min path)",2500,"URXCYM","Nitrile/amide/cyanide-related","Negative",0.0114473687217833
"SGL-WQS (survey, lambda.min path)",2500,"URXATC","Nitrile/amide/cyanide-related","Negative",0
"SGL-WQS (survey, lambda.min path)",2500,"URXHPM","Reactive aldehydes","Negative",1
"SGL-WQS (survey, lambda.min path)",2500,"URXPMM","Reactive aldehydes","Negative",0
"gWQS",2718,"URXCEM",NA,"Positive",0.249287812664414
"gWQS",2718,"URXPMM",NA,"Positive",0.151314385499195
"gWQS",2718,"URXCYM",NA,"Positive",0.133690138933859
"gWQS",2718,"URXATC",NA,"Positive",0.100525468390377
"gWQS",2718,"URXDHB",NA,"Positive",0.0970605524226123
"gWQS",2718,"URXAMC",NA,"Positive",0.0940569707135916
"gWQS",2718,"URX2MH",NA,"Positive",0.0473953950464142
"gWQS",2718,"URX34M",NA,"Positive",0.0361781934055668
"gWQS",2718,"URXBMA",NA,"Positive",0.0280955812701258
"gWQS",2718,"URXMAD",NA,"Positive",0.0257744846661288
"gWQS",2718,"URXAAM",NA,"Positive",0.00911987838698671
"gWQS",2718,"URXMB3",NA,"Positive",0.00732683014020992
"gWQS",2718,"URXIPM3",NA,"Positive",0.00666737737504542
"gWQS",2718,"URXHP2",NA,"Positive",0.00494895015970963
"gWQS",2718,"URXHPM",NA,"Positive",0.00463171855325821
"gWQS",2718,"URXPHG",NA,"Positive",0.00392626237250609
"gWQS",2718,"URXCEM",NA,"Negative",0.00354559857481843
"gWQS",2718,"URXPMM",NA,"Negative",0.00371751580795835
"gWQS",2718,"URXCYM",NA,"Negative",0.00402441353343795
"gWQS",2718,"URXATC",NA,"Negative",0.00389789613150428
"gWQS",2718,"URXDHB",NA,"Negative",0.00872901944715326
"gWQS",2718,"URXAMC",NA,"Negative",0.00641899215086009
"gWQS",2718,"URX2MH",NA,"Negative",0.018335117454325
"gWQS",2718,"URX34M",NA,"Negative",0.0382101311157872
"gWQS",2718,"URXBMA",NA,"Negative",0.016087353304705
"gWQS",2718,"URXMAD",NA,"Negative",0.0298215430612574
"gWQS",2718,"URXAAM",NA,"Negative",0.0756786241548882
"gWQS",2718,"URXMB3",NA,"Negative",0.120271168783007
"gWQS",2718,"URXIPM3",NA,"Negative",0.105457575693389
"gWQS",2718,"URXHP2",NA,"Negative",0.221034580647471
"gWQS",2718,"URXHPM",NA,"Negative",0.117495946605402
"gWQS",2718,"URXPHG",NA,"Negative",0.227274523534036
"groupWQS",2718,"URX2MH","Aromatic hydrocarbons","Combined",0.125670148714889
"groupWQS",2718,"URX34M","Aromatic hydrocarbons","Combined",0.126288755105362
"groupWQS",2718,"URXBMA","Aromatic hydrocarbons","Combined",0.13804449286792
"groupWQS",2718,"URXMAD","Aromatic hydrocarbons","Combined",0.168008185035175
"groupWQS",2718,"URXPHG","Aromatic hydrocarbons","Combined",0.441988418276888
"groupWQS",2718,"URXDHB","Dienes/alkenes/epoxides","Combined",0.0457940145320724
"groupWQS",2718,"URXMB3","Dienes/alkenes/epoxides","Combined",0.427195796278178
"groupWQS",2718,"URXIPM3","Dienes/alkenes/epoxides","Combined",0.0480346846079792
"groupWQS",2718,"URXHP2","Dienes/alkenes/epoxides","Combined",0.478975504581769
"groupWQS",2718,"URXAAM","Nitrile/amide/cyanide-related","Combined",0.0132964904162218
"groupWQS",2718,"URXAMC","Nitrile/amide/cyanide-related","Combined",0.195005896866512
"groupWQS",2718,"URXCEM","Nitrile/amide/cyanide-related","Combined",0.527442365753951
"groupWQS",2718,"URXCYM","Nitrile/amide/cyanide-related","Combined",0.114069124574378
"groupWQS",2718,"URXATC","Nitrile/amide/cyanide-related","Combined",0.15018612238894
"groupWQS",2718,"URXHPM","Reactive aldehydes","Combined",0.45345782020109
"groupWQS",2718,"URXPMM","Reactive aldehydes","Combined",0.546542179798879
"SGL-WQS (unweighted, lambda=0)",2718,"URX2MH","Aromatic hydrocarbons","Positive",0
"SGL-WQS (unweighted, lambda=0)",2718,"URX34M","Aromatic hydrocarbons","Positive",0.0622608490944023
"SGL-WQS (unweighted, lambda=0)",2718,"URXBMA","Aromatic hydrocarbons","Positive",0.39841536580077
"SGL-WQS (unweighted, lambda=0)",2718,"URXMAD","Aromatic hydrocarbons","Positive",0.539323785104828
"SGL-WQS (unweighted, lambda=0)",2718,"URXPHG","Aromatic hydrocarbons","Positive",0
"SGL-WQS (unweighted, lambda=0)",2718,"URXDHB","Dienes/alkenes/epoxides","Positive",1
"SGL-WQS (unweighted, lambda=0)",2718,"URXMB3","Dienes/alkenes/epoxides","Positive",0
"SGL-WQS (unweighted, lambda=0)",2718,"URXIPM3","Dienes/alkenes/epoxides","Positive",0
"SGL-WQS (unweighted, lambda=0)",2718,"URXHP2","Dienes/alkenes/epoxides","Positive",0
"SGL-WQS (unweighted, lambda=0)",2718,"URXAAM","Nitrile/amide/cyanide-related","Positive",0
"SGL-WQS (unweighted, lambda=0)",2718,"URXAMC","Nitrile/amide/cyanide-related","Positive",0.223037130516231
"SGL-WQS (unweighted, lambda=0)",2718,"URXCEM","Nitrile/amide/cyanide-related","Positive",0.414578524444486
"SGL-WQS (unweighted, lambda=0)",2718,"URXCYM","Nitrile/amide/cyanide-related","Positive",0.184841079380263
"SGL-WQS (unweighted, lambda=0)",2718,"URXATC","Nitrile/amide/cyanide-related","Positive",0.17754326565902
"SGL-WQS (unweighted, lambda=0)",2718,"URXHPM","Reactive aldehydes","Positive",0
"SGL-WQS (unweighted, lambda=0)",2718,"URXPMM","Reactive aldehydes","Positive",1
"SGL-WQS (unweighted, lambda=0)",2718,"URX2MH","Aromatic hydrocarbons","Negative",0.0361821135555519
"SGL-WQS (unweighted, lambda=0)",2718,"URX34M","Aromatic hydrocarbons","Negative",0
"SGL-WQS (unweighted, lambda=0)",2718,"URXBMA","Aromatic hydrocarbons","Negative",0
"SGL-WQS (unweighted, lambda=0)",2718,"URXMAD","Aromatic hydrocarbons","Negative",0
"SGL-WQS (unweighted, lambda=0)",2718,"URXPHG","Aromatic hydrocarbons","Negative",0.963817886444448
"SGL-WQS (unweighted, lambda=0)",2718,"URXDHB","Dienes/alkenes/epoxides","Negative",0
"SGL-WQS (unweighted, lambda=0)",2718,"URXMB3","Dienes/alkenes/epoxides","Negative",0.408805544906797
"SGL-WQS (unweighted, lambda=0)",2718,"URXIPM3","Dienes/alkenes/epoxides","Negative",0.150656460415138
"SGL-WQS (unweighted, lambda=0)",2718,"URXHP2","Dienes/alkenes/epoxides","Negative",0.440537994678065
"SGL-WQS (unweighted, lambda=0)",2718,"URXAAM","Nitrile/amide/cyanide-related","Negative",1
"SGL-WQS (unweighted, lambda=0)",2718,"URXAMC","Nitrile/amide/cyanide-related","Negative",0
"SGL-WQS (unweighted, lambda=0)",2718,"URXCEM","Nitrile/amide/cyanide-related","Negative",0
"SGL-WQS (unweighted, lambda=0)",2718,"URXCYM","Nitrile/amide/cyanide-related","Negative",0
"SGL-WQS (unweighted, lambda=0)",2718,"URXATC","Nitrile/amide/cyanide-related","Negative",0
"SGL-WQS (unweighted, lambda=0)",2718,"URXHPM","Reactive aldehydes","Negative",1
"SGL-WQS (unweighted, lambda=0)",2718,"URXPMM","Reactive aldehydes","Negative",0
"SGL-WQS (unweighted, lambda.min path)",2718,"URX2MH","Aromatic hydrocarbons","Positive",0
"SGL-WQS (unweighted, lambda.min path)",2718,"URX34M","Aromatic hydrocarbons","Positive",0.0278506154803001
"SGL-WQS (unweighted, lambda.min path)",2718,"URXBMA","Aromatic hydrocarbons","Positive",0.452305611991239
"SGL-WQS (unweighted, lambda.min path)",2718,"URXMAD","Aromatic hydrocarbons","Positive",0.519843772528461
"SGL-WQS (unweighted, lambda.min path)",2718,"URXPHG","Aromatic hydrocarbons","Positive",0
"SGL-WQS (unweighted, lambda.min path)",2718,"URXDHB","Dienes/alkenes/epoxides","Positive",1
"SGL-WQS (unweighted, lambda.min path)",2718,"URXMB3","Dienes/alkenes/epoxides","Positive",0
"SGL-WQS (unweighted, lambda.min path)",2718,"URXIPM3","Dienes/alkenes/epoxides","Positive",0
"SGL-WQS (unweighted, lambda.min path)",2718,"URXHP2","Dienes/alkenes/epoxides","Positive",0
"SGL-WQS (unweighted, lambda.min path)",2718,"URXAAM","Nitrile/amide/cyanide-related","Positive",0
"SGL-WQS (unweighted, lambda.min path)",2718,"URXAMC","Nitrile/amide/cyanide-related","Positive",0.231657171747403
"SGL-WQS (unweighted, lambda.min path)",2718,"URXCEM","Nitrile/amide/cyanide-related","Positive",0.420779876744205
"SGL-WQS (unweighted, lambda.min path)",2718,"URXCYM","Nitrile/amide/cyanide-related","Positive",0.160683710410723
"SGL-WQS (unweighted, lambda.min path)",2718,"URXATC","Nitrile/amide/cyanide-related","Positive",0.186879241097669
"SGL-WQS (unweighted, lambda.min path)",2718,"URXHPM","Reactive aldehydes","Positive",0
"SGL-WQS (unweighted, lambda.min path)",2718,"URXPMM","Reactive aldehydes","Positive",1
"SGL-WQS (unweighted, lambda.min path)",2718,"URX2MH","Aromatic hydrocarbons","Negative",0.0367337035582779
"SGL-WQS (unweighted, lambda.min path)",2718,"URX34M","Aromatic hydrocarbons","Negative",0
"SGL-WQS (unweighted, lambda.min path)",2718,"URXBMA","Aromatic hydrocarbons","Negative",0
"SGL-WQS (unweighted, lambda.min path)",2718,"URXMAD","Aromatic hydrocarbons","Negative",0
"SGL-WQS (unweighted, lambda.min path)",2718,"URXPHG","Aromatic hydrocarbons","Negative",0.963266296441722
"SGL-WQS (unweighted, lambda.min path)",2718,"URXDHB","Dienes/alkenes/epoxides","Negative",0
"SGL-WQS (unweighted, lambda.min path)",2718,"URXMB3","Dienes/alkenes/epoxides","Negative",0.383262356407023
"SGL-WQS (unweighted, lambda.min path)",2718,"URXIPM3","Dienes/alkenes/epoxides","Negative",0.131933246892357
"SGL-WQS (unweighted, lambda.min path)",2718,"URXHP2","Dienes/alkenes/epoxides","Negative",0.484804396700619
"SGL-WQS (unweighted, lambda.min path)",2718,"URXAAM","Nitrile/amide/cyanide-related","Negative",1
"SGL-WQS (unweighted, lambda.min path)",2718,"URXAMC","Nitrile/amide/cyanide-related","Negative",0
"SGL-WQS (unweighted, lambda.min path)",2718,"URXCEM","Nitrile/amide/cyanide-related","Negative",0
"SGL-WQS (unweighted, lambda.min path)",2718,"URXCYM","Nitrile/amide/cyanide-related","Negative",0
"SGL-WQS (unweighted, lambda.min path)",2718,"URXATC","Nitrile/amide/cyanide-related","Negative",0
"SGL-WQS (unweighted, lambda.min path)",2718,"URXHPM","Reactive aldehydes","Negative",1
"SGL-WQS (unweighted, lambda.min path)",2718,"URXPMM","Reactive aldehydes","Negative",0
"SGL-WQS (survey, lambda=0)",2718,"URX2MH","Aromatic hydrocarbons","Positive",0
"SGL-WQS (survey, lambda=0)",2718,"URX34M","Aromatic hydrocarbons","Positive",0
"SGL-WQS (survey, lambda=0)",2718,"URXBMA","Aromatic hydrocarbons","Positive",0
"SGL-WQS (survey, lambda=0)",2718,"URXMAD","Aromatic hydrocarbons","Positive",0
"SGL-WQS (survey, lambda=0)",2718,"URXPHG","Aromatic hydrocarbons","Positive",0
"SGL-WQS (survey, lambda=0)",2718,"URXDHB","Dienes/alkenes/epoxides","Positive",0
"SGL-WQS (survey, lambda=0)",2718,"URXMB3","Dienes/alkenes/epoxides","Positive",0
"SGL-WQS (survey, lambda=0)",2718,"URXIPM3","Dienes/alkenes/epoxides","Positive",0
"SGL-WQS (survey, lambda=0)",2718,"URXHP2","Dienes/alkenes/epoxides","Positive",0
"SGL-WQS (survey, lambda=0)",2718,"URXAAM","Nitrile/amide/cyanide-related","Positive",0
"SGL-WQS (survey, lambda=0)",2718,"URXAMC","Nitrile/amide/cyanide-related","Positive",0
"SGL-WQS (survey, lambda=0)",2718,"URXCEM","Nitrile/amide/cyanide-related","Positive",0
"SGL-WQS (survey, lambda=0)",2718,"URXCYM","Nitrile/amide/cyanide-related","Positive",0
"SGL-WQS (survey, lambda=0)",2718,"URXATC","Nitrile/amide/cyanide-related","Positive",0
"SGL-WQS (survey, lambda=0)",2718,"URXHPM","Reactive aldehydes","Positive",0
"SGL-WQS (survey, lambda=0)",2718,"URXPMM","Reactive aldehydes","Positive",0
"SGL-WQS (survey, lambda=0)",2718,"URX2MH","Aromatic hydrocarbons","Negative",0
"SGL-WQS (survey, lambda=0)",2718,"URX34M","Aromatic hydrocarbons","Negative",0
"SGL-WQS (survey, lambda=0)",2718,"URXBMA","Aromatic hydrocarbons","Negative",0
"SGL-WQS (survey, lambda=0)",2718,"URXMAD","Aromatic hydrocarbons","Negative",0
"SGL-WQS (survey, lambda=0)",2718,"URXPHG","Aromatic hydrocarbons","Negative",0
"SGL-WQS (survey, lambda=0)",2718,"URXDHB","Dienes/alkenes/epoxides","Negative",0
"SGL-WQS (survey, lambda=0)",2718,"URXMB3","Dienes/alkenes/epoxides","Negative",0
"SGL-WQS (survey, lambda=0)",2718,"URXIPM3","Dienes/alkenes/epoxides","Negative",0
"SGL-WQS (survey, lambda=0)",2718,"URXHP2","Dienes/alkenes/epoxides","Negative",0
"SGL-WQS (survey, lambda=0)",2718,"URXAAM","Nitrile/amide/cyanide-related","Negative",0
"SGL-WQS (survey, lambda=0)",2718,"URXAMC","Nitrile/amide/cyanide-related","Negative",0
"SGL-WQS (survey, lambda=0)",2718,"URXCEM","Nitrile/amide/cyanide-related","Negative",0
"SGL-WQS (survey, lambda=0)",2718,"URXCYM","Nitrile/amide/cyanide-related","Negative",0
"SGL-WQS (survey, lambda=0)",2718,"URXATC","Nitrile/amide/cyanide-related","Negative",0
"SGL-WQS (survey, lambda=0)",2718,"URXHPM","Reactive aldehydes","Negative",0
"SGL-WQS (survey, lambda=0)",2718,"URXPMM","Reactive aldehydes","Negative",0
"SGL-WQS (survey, lambda.min path)",2718,"URX2MH","Aromatic hydrocarbons","Positive",0.0482462287144035
"SGL-WQS (survey, lambda.min path)",2718,"URX34M","Aromatic hydrocarbons","Positive",0.389574047743253
"SGL-WQS (survey, lambda.min path)",2718,"URXBMA","Aromatic hydrocarbons","Positive",0.171086947931367
"SGL-WQS (survey, lambda.min path)",2718,"URXMAD","Aromatic hydrocarbons","Positive",0.391092775610977
"SGL-WQS (survey, lambda.min path)",2718,"URXPHG","Aromatic hydrocarbons","Positive",0
"SGL-WQS (survey, lambda.min path)",2718,"URXDHB","Dienes/alkenes/epoxides","Positive",1
"SGL-WQS (survey, lambda.min path)",2718,"URXMB3","Dienes/alkenes/epoxides","Positive",0
"SGL-WQS (survey, lambda.min path)",2718,"URXIPM3","Dienes/alkenes/epoxides","Positive",0
"SGL-WQS (survey, lambda.min path)",2718,"URXHP2","Dienes/alkenes/epoxides","Positive",0
"SGL-WQS (survey, lambda.min path)",2718,"URXAAM","Nitrile/amide/cyanide-related","Positive",0
"SGL-WQS (survey, lambda.min path)",2718,"URXAMC","Nitrile/amide/cyanide-related","Positive",0.0238266129603803
"SGL-WQS (survey, lambda.min path)",2718,"URXCEM","Nitrile/amide/cyanide-related","Positive",0.67772948058548
"SGL-WQS (survey, lambda.min path)",2718,"URXCYM","Nitrile/amide/cyanide-related","Positive",0
"SGL-WQS (survey, lambda.min path)",2718,"URXATC","Nitrile/amide/cyanide-related","Positive",0.298443906454139
"SGL-WQS (survey, lambda.min path)",2718,"URXHPM","Reactive aldehydes","Positive",0
"SGL-WQS (survey, lambda.min path)",2718,"URXPMM","Reactive aldehydes","Positive",1
"SGL-WQS (survey, lambda.min path)",2718,"URX2MH","Aromatic hydrocarbons","Negative",0
"SGL-WQS (survey, lambda.min path)",2718,"URX34M","Aromatic hydrocarbons","Negative",0
"SGL-WQS (survey, lambda.min path)",2718,"URXBMA","Aromatic hydrocarbons","Negative",0
"SGL-WQS (survey, lambda.min path)",2718,"URXMAD","Aromatic hydrocarbons","Negative",0
"SGL-WQS (survey, lambda.min path)",2718,"URXPHG","Aromatic hydrocarbons","Negative",1
"SGL-WQS (survey, lambda.min path)",2718,"URXDHB","Dienes/alkenes/epoxides","Negative",0
"SGL-WQS (survey, lambda.min path)",2718,"URXMB3","Dienes/alkenes/epoxides","Negative",0.469870134586103
"SGL-WQS (survey, lambda.min path)",2718,"URXIPM3","Dienes/alkenes/epoxides","Negative",0.0120122914043443
"SGL-WQS (survey, lambda.min path)",2718,"URXHP2","Dienes/alkenes/epoxides","Negative",0.518117574009552
"SGL-WQS (survey, lambda.min path)",2718,"URXAAM","Nitrile/amide/cyanide-related","Negative",0.988552631278217
"SGL-WQS (survey, lambda.min path)",2718,"URXAMC","Nitrile/amide/cyanide-related","Negative",0
"SGL-WQS (survey, lambda.min path)",2718,"URXCEM","Nitrile/amide/cyanide-related","Negative",0
"SGL-WQS (survey, lambda.min path)",2718,"URXCYM","Nitrile/amide/cyanide-related","Negative",0.0114473687217833
"SGL-WQS (survey, lambda.min path)",2718,"URXATC","Nitrile/amide/cyanide-related","Negative",0
"SGL-WQS (survey, lambda.min path)",2718,"URXHPM","Reactive aldehydes","Negative",1
"SGL-WQS (survey, lambda.min path)",2718,"URXPMM","Reactive aldehydes","Negative",0
"gWQS",2801,"URXCEM",NA,"Positive",0.232309632754081
"gWQS",2801,"URXPMM",NA,"Positive",0.176525666179652
"gWQS",2801,"URXDHB",NA,"Positive",0.0848511981279181
"gWQS",2801,"URXATC",NA,"Positive",0.0811033285487829
"gWQS",2801,"URXAMC",NA,"Positive",0.072755454581116
"gWQS",2801,"URX34M",NA,"Positive",0.0692610773727328
"gWQS",2801,"URXCYM",NA,"Positive",0.0672549061640678
"gWQS",2801,"URXBMA",NA,"Positive",0.0643361501249777
"gWQS",2801,"URXMAD",NA,"Positive",0.053043631131414
"gWQS",2801,"URXHPM",NA,"Positive",0.0462431946150041
"gWQS",2801,"URX2MH",NA,"Positive",0.0201097938917213
"gWQS",2801,"URXIPM3",NA,"Positive",0.01455204505393
"gWQS",2801,"URXAAM",NA,"Positive",0.00581757347588801
"gWQS",2801,"URXPHG",NA,"Positive",0.00439042781070587
"gWQS",2801,"URXHP2",NA,"Positive",0.00396063878001595
"gWQS",2801,"URXMB3",NA,"Positive",0.00348528138799331
"gWQS",2801,"URXCEM",NA,"Negative",0.00450112154343474
"gWQS",2801,"URXPMM",NA,"Negative",0.00584678696117595
"gWQS",2801,"URXDHB",NA,"Negative",0.0154303771581636
"gWQS",2801,"URXATC",NA,"Negative",0.00906112342694154
"gWQS",2801,"URXAMC",NA,"Negative",0.00870793385100345
"gWQS",2801,"URX34M",NA,"Negative",0.0118762706569926
"gWQS",2801,"URXCYM",NA,"Negative",0.0118137328375296
"gWQS",2801,"URXBMA",NA,"Negative",0.0067026313210226
"gWQS",2801,"URXMAD",NA,"Negative",0.0180178744651937
"gWQS",2801,"URXHPM",NA,"Negative",0.033178903829041
"gWQS",2801,"URX2MH",NA,"Negative",0.0437533742376649
"gWQS",2801,"URXIPM3",NA,"Negative",0.0777101063113976
"gWQS",2801,"URXAAM",NA,"Negative",0.0895390037363688
"gWQS",2801,"URXPHG",NA,"Negative",0.269187311601309
"gWQS",2801,"URXHP2",NA,"Negative",0.184609278146653
"gWQS",2801,"URXMB3",NA,"Negative",0.210064169916108
"groupWQS",2801,"URX2MH","Aromatic hydrocarbons","Combined",0.155127656372963
"groupWQS",2801,"URX34M","Aromatic hydrocarbons","Combined",0.127599762556943
"groupWQS",2801,"URXBMA","Aromatic hydrocarbons","Combined",0.177305393772908
"groupWQS",2801,"URXMAD","Aromatic hydrocarbons","Combined",0.21112475067734
"groupWQS",2801,"URXPHG","Aromatic hydrocarbons","Combined",0.328842436619835
"groupWQS",2801,"URXDHB","Dienes/alkenes/epoxides","Combined",0.0575495321208487
"groupWQS",2801,"URXMB3","Dienes/alkenes/epoxides","Combined",0.447321043959072
"groupWQS",2801,"URXIPM3","Dienes/alkenes/epoxides","Combined",0.18387082520332
"groupWQS",2801,"URXHP2","Dienes/alkenes/epoxides","Combined",0.31125859871675
"groupWQS",2801,"URXAAM","Nitrile/amide/cyanide-related","Combined",0.0187973122972572
"groupWQS",2801,"URXAMC","Nitrile/amide/cyanide-related","Combined",0.28926941311942
"groupWQS",2801,"URXCEM","Nitrile/amide/cyanide-related","Combined",0.419966748165187
"groupWQS",2801,"URXCYM","Nitrile/amide/cyanide-related","Combined",0.0971782089557886
"groupWQS",2801,"URXATC","Nitrile/amide/cyanide-related","Combined",0.174788317462357
"groupWQS",2801,"URXHPM","Reactive aldehydes","Combined",0.427144960768695
"groupWQS",2801,"URXPMM","Reactive aldehydes","Combined",0.572855039231299
"SGL-WQS (unweighted, lambda=0)",2801,"URX2MH","Aromatic hydrocarbons","Positive",0
"SGL-WQS (unweighted, lambda=0)",2801,"URX34M","Aromatic hydrocarbons","Positive",0.0622608490944023
"SGL-WQS (unweighted, lambda=0)",2801,"URXBMA","Aromatic hydrocarbons","Positive",0.39841536580077
"SGL-WQS (unweighted, lambda=0)",2801,"URXMAD","Aromatic hydrocarbons","Positive",0.539323785104828
"SGL-WQS (unweighted, lambda=0)",2801,"URXPHG","Aromatic hydrocarbons","Positive",0
"SGL-WQS (unweighted, lambda=0)",2801,"URXDHB","Dienes/alkenes/epoxides","Positive",1
"SGL-WQS (unweighted, lambda=0)",2801,"URXMB3","Dienes/alkenes/epoxides","Positive",0
"SGL-WQS (unweighted, lambda=0)",2801,"URXIPM3","Dienes/alkenes/epoxides","Positive",0
"SGL-WQS (unweighted, lambda=0)",2801,"URXHP2","Dienes/alkenes/epoxides","Positive",0
"SGL-WQS (unweighted, lambda=0)",2801,"URXAAM","Nitrile/amide/cyanide-related","Positive",0
"SGL-WQS (unweighted, lambda=0)",2801,"URXAMC","Nitrile/amide/cyanide-related","Positive",0.223037130516231
"SGL-WQS (unweighted, lambda=0)",2801,"URXCEM","Nitrile/amide/cyanide-related","Positive",0.414578524444486
"SGL-WQS (unweighted, lambda=0)",2801,"URXCYM","Nitrile/amide/cyanide-related","Positive",0.184841079380263
"SGL-WQS (unweighted, lambda=0)",2801,"URXATC","Nitrile/amide/cyanide-related","Positive",0.17754326565902
"SGL-WQS (unweighted, lambda=0)",2801,"URXHPM","Reactive aldehydes","Positive",0
"SGL-WQS (unweighted, lambda=0)",2801,"URXPMM","Reactive aldehydes","Positive",1
"SGL-WQS (unweighted, lambda=0)",2801,"URX2MH","Aromatic hydrocarbons","Negative",0.0361821135555519
"SGL-WQS (unweighted, lambda=0)",2801,"URX34M","Aromatic hydrocarbons","Negative",0
"SGL-WQS (unweighted, lambda=0)",2801,"URXBMA","Aromatic hydrocarbons","Negative",0
"SGL-WQS (unweighted, lambda=0)",2801,"URXMAD","Aromatic hydrocarbons","Negative",0
"SGL-WQS (unweighted, lambda=0)",2801,"URXPHG","Aromatic hydrocarbons","Negative",0.963817886444448
"SGL-WQS (unweighted, lambda=0)",2801,"URXDHB","Dienes/alkenes/epoxides","Negative",0
"SGL-WQS (unweighted, lambda=0)",2801,"URXMB3","Dienes/alkenes/epoxides","Negative",0.408805544906797
"SGL-WQS (unweighted, lambda=0)",2801,"URXIPM3","Dienes/alkenes/epoxides","Negative",0.150656460415138
"SGL-WQS (unweighted, lambda=0)",2801,"URXHP2","Dienes/alkenes/epoxides","Negative",0.440537994678065
"SGL-WQS (unweighted, lambda=0)",2801,"URXAAM","Nitrile/amide/cyanide-related","Negative",1
"SGL-WQS (unweighted, lambda=0)",2801,"URXAMC","Nitrile/amide/cyanide-related","Negative",0
"SGL-WQS (unweighted, lambda=0)",2801,"URXCEM","Nitrile/amide/cyanide-related","Negative",0
"SGL-WQS (unweighted, lambda=0)",2801,"URXCYM","Nitrile/amide/cyanide-related","Negative",0
"SGL-WQS (unweighted, lambda=0)",2801,"URXATC","Nitrile/amide/cyanide-related","Negative",0
"SGL-WQS (unweighted, lambda=0)",2801,"URXHPM","Reactive aldehydes","Negative",1
"SGL-WQS (unweighted, lambda=0)",2801,"URXPMM","Reactive aldehydes","Negative",0
"SGL-WQS (unweighted, lambda.min path)",2801,"URX2MH","Aromatic hydrocarbons","Positive",0
"SGL-WQS (unweighted, lambda.min path)",2801,"URX34M","Aromatic hydrocarbons","Positive",0.0195895268444741
"SGL-WQS (unweighted, lambda.min path)",2801,"URXBMA","Aromatic hydrocarbons","Positive",0.477585743672738
"SGL-WQS (unweighted, lambda.min path)",2801,"URXMAD","Aromatic hydrocarbons","Positive",0.502824729482788
"SGL-WQS (unweighted, lambda.min path)",2801,"URXPHG","Aromatic hydrocarbons","Positive",0
"SGL-WQS (unweighted, lambda.min path)",2801,"URXDHB","Dienes/alkenes/epoxides","Positive",1
"SGL-WQS (unweighted, lambda.min path)",2801,"URXMB3","Dienes/alkenes/epoxides","Positive",0
"SGL-WQS (unweighted, lambda.min path)",2801,"URXIPM3","Dienes/alkenes/epoxides","Positive",0
"SGL-WQS (unweighted, lambda.min path)",2801,"URXHP2","Dienes/alkenes/epoxides","Positive",0
"SGL-WQS (unweighted, lambda.min path)",2801,"URXAAM","Nitrile/amide/cyanide-related","Positive",0
"SGL-WQS (unweighted, lambda.min path)",2801,"URXAMC","Nitrile/amide/cyanide-related","Positive",0.233194751803207
"SGL-WQS (unweighted, lambda.min path)",2801,"URXCEM","Nitrile/amide/cyanide-related","Positive",0.4193772445625
"SGL-WQS (unweighted, lambda.min path)",2801,"URXCYM","Nitrile/amide/cyanide-related","Positive",0.159230795212013
"SGL-WQS (unweighted, lambda.min path)",2801,"URXATC","Nitrile/amide/cyanide-related","Positive",0.18819720842228
"SGL-WQS (unweighted, lambda.min path)",2801,"URXHPM","Reactive aldehydes","Positive",0
"SGL-WQS (unweighted, lambda.min path)",2801,"URXPMM","Reactive aldehydes","Positive",1
"SGL-WQS (unweighted, lambda.min path)",2801,"URX2MH","Aromatic hydrocarbons","Negative",0.0349837954818861
"SGL-WQS (unweighted, lambda.min path)",2801,"URX34M","Aromatic hydrocarbons","Negative",0
"SGL-WQS (unweighted, lambda.min path)",2801,"URXBMA","Aromatic hydrocarbons","Negative",0
"SGL-WQS (unweighted, lambda.min path)",2801,"URXMAD","Aromatic hydrocarbons","Negative",0
"SGL-WQS (unweighted, lambda.min path)",2801,"URXPHG","Aromatic hydrocarbons","Negative",0.965016204518114
"SGL-WQS (unweighted, lambda.min path)",2801,"URXDHB","Dienes/alkenes/epoxides","Negative",0
"SGL-WQS (unweighted, lambda.min path)",2801,"URXMB3","Dienes/alkenes/epoxides","Negative",0.379409206663082
"SGL-WQS (unweighted, lambda.min path)",2801,"URXIPM3","Dienes/alkenes/epoxides","Negative",0.128018499989588
"SGL-WQS (unweighted, lambda.min path)",2801,"URXHP2","Dienes/alkenes/epoxides","Negative",0.49257229334733
"SGL-WQS (unweighted, lambda.min path)",2801,"URXAAM","Nitrile/amide/cyanide-related","Negative",1
"SGL-WQS (unweighted, lambda.min path)",2801,"URXAMC","Nitrile/amide/cyanide-related","Negative",0
"SGL-WQS (unweighted, lambda.min path)",2801,"URXCEM","Nitrile/amide/cyanide-related","Negative",0
"SGL-WQS (unweighted, lambda.min path)",2801,"URXCYM","Nitrile/amide/cyanide-related","Negative",0
"SGL-WQS (unweighted, lambda.min path)",2801,"URXATC","Nitrile/amide/cyanide-related","Negative",0
"SGL-WQS (unweighted, lambda.min path)",2801,"URXHPM","Reactive aldehydes","Negative",1
"SGL-WQS (unweighted, lambda.min path)",2801,"URXPMM","Reactive aldehydes","Negative",0
"SGL-WQS (survey, lambda=0)",2801,"URX2MH","Aromatic hydrocarbons","Positive",0
"SGL-WQS (survey, lambda=0)",2801,"URX34M","Aromatic hydrocarbons","Positive",0
"SGL-WQS (survey, lambda=0)",2801,"URXBMA","Aromatic hydrocarbons","Positive",0
"SGL-WQS (survey, lambda=0)",2801,"URXMAD","Aromatic hydrocarbons","Positive",0
"SGL-WQS (survey, lambda=0)",2801,"URXPHG","Aromatic hydrocarbons","Positive",0
"SGL-WQS (survey, lambda=0)",2801,"URXDHB","Dienes/alkenes/epoxides","Positive",0
"SGL-WQS (survey, lambda=0)",2801,"URXMB3","Dienes/alkenes/epoxides","Positive",0
"SGL-WQS (survey, lambda=0)",2801,"URXIPM3","Dienes/alkenes/epoxides","Positive",0
"SGL-WQS (survey, lambda=0)",2801,"URXHP2","Dienes/alkenes/epoxides","Positive",0
"SGL-WQS (survey, lambda=0)",2801,"URXAAM","Nitrile/amide/cyanide-related","Positive",0
"SGL-WQS (survey, lambda=0)",2801,"URXAMC","Nitrile/amide/cyanide-related","Positive",0
"SGL-WQS (survey, lambda=0)",2801,"URXCEM","Nitrile/amide/cyanide-related","Positive",0
"SGL-WQS (survey, lambda=0)",2801,"URXCYM","Nitrile/amide/cyanide-related","Positive",0
"SGL-WQS (survey, lambda=0)",2801,"URXATC","Nitrile/amide/cyanide-related","Positive",0
"SGL-WQS (survey, lambda=0)",2801,"URXHPM","Reactive aldehydes","Positive",0
"SGL-WQS (survey, lambda=0)",2801,"URXPMM","Reactive aldehydes","Positive",0
"SGL-WQS (survey, lambda=0)",2801,"URX2MH","Aromatic hydrocarbons","Negative",0
"SGL-WQS (survey, lambda=0)",2801,"URX34M","Aromatic hydrocarbons","Negative",0
"SGL-WQS (survey, lambda=0)",2801,"URXBMA","Aromatic hydrocarbons","Negative",0
"SGL-WQS (survey, lambda=0)",2801,"URXMAD","Aromatic hydrocarbons","Negative",0
"SGL-WQS (survey, lambda=0)",2801,"URXPHG","Aromatic hydrocarbons","Negative",0
"SGL-WQS (survey, lambda=0)",2801,"URXDHB","Dienes/alkenes/epoxides","Negative",0
"SGL-WQS (survey, lambda=0)",2801,"URXMB3","Dienes/alkenes/epoxides","Negative",0
"SGL-WQS (survey, lambda=0)",2801,"URXIPM3","Dienes/alkenes/epoxides","Negative",0
"SGL-WQS (survey, lambda=0)",2801,"URXHP2","Dienes/alkenes/epoxides","Negative",0
"SGL-WQS (survey, lambda=0)",2801,"URXAAM","Nitrile/amide/cyanide-related","Negative",0
"SGL-WQS (survey, lambda=0)",2801,"URXAMC","Nitrile/amide/cyanide-related","Negative",0
"SGL-WQS (survey, lambda=0)",2801,"URXCEM","Nitrile/amide/cyanide-related","Negative",0
"SGL-WQS (survey, lambda=0)",2801,"URXCYM","Nitrile/amide/cyanide-related","Negative",0
"SGL-WQS (survey, lambda=0)",2801,"URXATC","Nitrile/amide/cyanide-related","Negative",0
"SGL-WQS (survey, lambda=0)",2801,"URXHPM","Reactive aldehydes","Negative",0
"SGL-WQS (survey, lambda=0)",2801,"URXPMM","Reactive aldehydes","Negative",0
"SGL-WQS (survey, lambda.min path)",2801,"URX2MH","Aromatic hydrocarbons","Positive",0.0764715208472078
"SGL-WQS (survey, lambda.min path)",2801,"URX34M","Aromatic hydrocarbons","Positive",0.375248510169224
"SGL-WQS (survey, lambda.min path)",2801,"URXBMA","Aromatic hydrocarbons","Positive",0.184852496389266
"SGL-WQS (survey, lambda.min path)",2801,"URXMAD","Aromatic hydrocarbons","Positive",0.363427472594303
"SGL-WQS (survey, lambda.min path)",2801,"URXPHG","Aromatic hydrocarbons","Positive",0
"SGL-WQS (survey, lambda.min path)",2801,"URXDHB","Dienes/alkenes/epoxides","Positive",1
"SGL-WQS (survey, lambda.min path)",2801,"URXMB3","Dienes/alkenes/epoxides","Positive",0
"SGL-WQS (survey, lambda.min path)",2801,"URXIPM3","Dienes/alkenes/epoxides","Positive",0
"SGL-WQS (survey, lambda.min path)",2801,"URXHP2","Dienes/alkenes/epoxides","Positive",0
"SGL-WQS (survey, lambda.min path)",2801,"URXAAM","Nitrile/amide/cyanide-related","Positive",0
"SGL-WQS (survey, lambda.min path)",2801,"URXAMC","Nitrile/amide/cyanide-related","Positive",0.0234844120769693
"SGL-WQS (survey, lambda.min path)",2801,"URXCEM","Nitrile/amide/cyanide-related","Positive",0.675332636586095
"SGL-WQS (survey, lambda.min path)",2801,"URXCYM","Nitrile/amide/cyanide-related","Positive",0
"SGL-WQS (survey, lambda.min path)",2801,"URXATC","Nitrile/amide/cyanide-related","Positive",0.301182951336935
"SGL-WQS (survey, lambda.min path)",2801,"URXHPM","Reactive aldehydes","Positive",0
"SGL-WQS (survey, lambda.min path)",2801,"URXPMM","Reactive aldehydes","Positive",1
"SGL-WQS (survey, lambda.min path)",2801,"URX2MH","Aromatic hydrocarbons","Negative",0
"SGL-WQS (survey, lambda.min path)",2801,"URX34M","Aromatic hydrocarbons","Negative",0
"SGL-WQS (survey, lambda.min path)",2801,"URXBMA","Aromatic hydrocarbons","Negative",0
"SGL-WQS (survey, lambda.min path)",2801,"URXMAD","Aromatic hydrocarbons","Negative",0
"SGL-WQS (survey, lambda.min path)",2801,"URXPHG","Aromatic hydrocarbons","Negative",1
"SGL-WQS (survey, lambda.min path)",2801,"URXDHB","Dienes/alkenes/epoxides","Negative",0
"SGL-WQS (survey, lambda.min path)",2801,"URXMB3","Dienes/alkenes/epoxides","Negative",0.453305084870849
"SGL-WQS (survey, lambda.min path)",2801,"URXIPM3","Dienes/alkenes/epoxides","Negative",0.00214182285717196
"SGL-WQS (survey, lambda.min path)",2801,"URXHP2","Dienes/alkenes/epoxides","Negative",0.544553092271979
"SGL-WQS (survey, lambda.min path)",2801,"URXAAM","Nitrile/amide/cyanide-related","Negative",0.95906677650232
"SGL-WQS (survey, lambda.min path)",2801,"URXAMC","Nitrile/amide/cyanide-related","Negative",0
"SGL-WQS (survey, lambda.min path)",2801,"URXCEM","Nitrile/amide/cyanide-related","Negative",0
"SGL-WQS (survey, lambda.min path)",2801,"URXCYM","Nitrile/amide/cyanide-related","Negative",0.0409332234976801
"SGL-WQS (survey, lambda.min path)",2801,"URXATC","Nitrile/amide/cyanide-related","Negative",0
"SGL-WQS (survey, lambda.min path)",2801,"URXHPM","Reactive aldehydes","Negative",1
"SGL-WQS (survey, lambda.min path)",2801,"URXPMM","Reactive aldehydes","Negative",0
"gWQS",3001,"URXPMM",NA,"Positive",0.199643147685787
"gWQS",3001,"URXCEM",NA,"Positive",0.178197270047544
"gWQS",3001,"URXAMC",NA,"Positive",0.150389198019264
"gWQS",3001,"URXATC",NA,"Positive",0.113978166929113
"gWQS",3001,"URXDHB",NA,"Positive",0.102984436908214
"gWQS",3001,"URXCYM",NA,"Positive",0.0886936205361491
"gWQS",3001,"URXBMA",NA,"Positive",0.0443203281806867
"gWQS",3001,"URXMAD",NA,"Positive",0.0401418825864971
"gWQS",3001,"URX34M",NA,"Positive",0.0310781027630848
"gWQS",3001,"URX2MH",NA,"Positive",0.0161593108132275
"gWQS",3001,"URXHPM",NA,"Positive",0.00934609448411338
"gWQS",3001,"URXIPM3",NA,"Positive",0.00822402661921353
"gWQS",3001,"URXMB3",NA,"Positive",0.00440038981271858
"gWQS",3001,"URXHP2",NA,"Positive",0.00439212065766206
"gWQS",3001,"URXPHG",NA,"Positive",0.00422906664205752
"gWQS",3001,"URXAAM",NA,"Positive",0.00382283731466744
"gWQS",3001,"URXPMM",NA,"Negative",0.00411151400522509
"gWQS",3001,"URXCEM",NA,"Negative",0.00557117697855771
"gWQS",3001,"URXAMC",NA,"Negative",0.00515147735190724
"gWQS",3001,"URXATC",NA,"Negative",0.00531194885215449
"gWQS",3001,"URXDHB",NA,"Negative",0.00666368962757428
"gWQS",3001,"URXCYM",NA,"Negative",0.0065736804207183
"gWQS",3001,"URXBMA",NA,"Negative",0.0096139393031554
"gWQS",3001,"URXMAD",NA,"Negative",0.0191549138564383
"gWQS",3001,"URX34M",NA,"Negative",0.0343518592379407
"gWQS",3001,"URX2MH",NA,"Negative",0.0483491420903355
"gWQS",3001,"URXHPM",NA,"Negative",0.10932643017742
"gWQS",3001,"URXIPM3",NA,"Negative",0.0780034312778319
"gWQS",3001,"URXMB3",NA,"Negative",0.187597384427612
"gWQS",3001,"URXHP2",NA,"Negative",0.115499045861086
"gWQS",3001,"URXPHG",NA,"Negative",0.217239111757333
"gWQS",3001,"URXAAM",NA,"Negative",0.14748125477471
"groupWQS",3001,"URX2MH","Aromatic hydrocarbons","Combined",0.0606225952784429
"groupWQS",3001,"URX34M","Aromatic hydrocarbons","Combined",0.102604366515818
"groupWQS",3001,"URXBMA","Aromatic hydrocarbons","Combined",0.135115296757527
"groupWQS",3001,"URXMAD","Aromatic hydrocarbons","Combined",0.0613317469383712
"groupWQS",3001,"URXPHG","Aromatic hydrocarbons","Combined",0.640325994509816
"groupWQS",3001,"URXDHB","Dienes/alkenes/epoxides","Combined",0.0619103403077843
"groupWQS",3001,"URXMB3","Dienes/alkenes/epoxides","Combined",0.17303694547782
"groupWQS",3001,"URXIPM3","Dienes/alkenes/epoxides","Combined",0.27412062929143
"groupWQS",3001,"URXHP2","Dienes/alkenes/epoxides","Combined",0.49093208492296
"groupWQS",3001,"URXAAM","Nitrile/amide/cyanide-related","Combined",0.00596811067552553
"groupWQS",3001,"URXAMC","Nitrile/amide/cyanide-related","Combined",0.219749392511691
"groupWQS",3001,"URXCEM","Nitrile/amide/cyanide-related","Combined",0.396727934313515
"groupWQS",3001,"URXCYM","Nitrile/amide/cyanide-related","Combined",0.217196036342665
"groupWQS",3001,"URXATC","Nitrile/amide/cyanide-related","Combined",0.160358526156592
"groupWQS",3001,"URXHPM","Reactive aldehydes","Combined",0.228423603108552
"groupWQS",3001,"URXPMM","Reactive aldehydes","Combined",0.771576396891434
"SGL-WQS (unweighted, lambda=0)",3001,"URX2MH","Aromatic hydrocarbons","Positive",0
"SGL-WQS (unweighted, lambda=0)",3001,"URX34M","Aromatic hydrocarbons","Positive",0.0622608490944023
"SGL-WQS (unweighted, lambda=0)",3001,"URXBMA","Aromatic hydrocarbons","Positive",0.39841536580077
"SGL-WQS (unweighted, lambda=0)",3001,"URXMAD","Aromatic hydrocarbons","Positive",0.539323785104828
"SGL-WQS (unweighted, lambda=0)",3001,"URXPHG","Aromatic hydrocarbons","Positive",0
"SGL-WQS (unweighted, lambda=0)",3001,"URXDHB","Dienes/alkenes/epoxides","Positive",1
"SGL-WQS (unweighted, lambda=0)",3001,"URXMB3","Dienes/alkenes/epoxides","Positive",0
"SGL-WQS (unweighted, lambda=0)",3001,"URXIPM3","Dienes/alkenes/epoxides","Positive",0
"SGL-WQS (unweighted, lambda=0)",3001,"URXHP2","Dienes/alkenes/epoxides","Positive",0
"SGL-WQS (unweighted, lambda=0)",3001,"URXAAM","Nitrile/amide/cyanide-related","Positive",0
"SGL-WQS (unweighted, lambda=0)",3001,"URXAMC","Nitrile/amide/cyanide-related","Positive",0.223037130516231
"SGL-WQS (unweighted, lambda=0)",3001,"URXCEM","Nitrile/amide/cyanide-related","Positive",0.414578524444486
"SGL-WQS (unweighted, lambda=0)",3001,"URXCYM","Nitrile/amide/cyanide-related","Positive",0.184841079380263
"SGL-WQS (unweighted, lambda=0)",3001,"URXATC","Nitrile/amide/cyanide-related","Positive",0.17754326565902
"SGL-WQS (unweighted, lambda=0)",3001,"URXHPM","Reactive aldehydes","Positive",0
"SGL-WQS (unweighted, lambda=0)",3001,"URXPMM","Reactive aldehydes","Positive",1
"SGL-WQS (unweighted, lambda=0)",3001,"URX2MH","Aromatic hydrocarbons","Negative",0.0361821135555519
"SGL-WQS (unweighted, lambda=0)",3001,"URX34M","Aromatic hydrocarbons","Negative",0
"SGL-WQS (unweighted, lambda=0)",3001,"URXBMA","Aromatic hydrocarbons","Negative",0
"SGL-WQS (unweighted, lambda=0)",3001,"URXMAD","Aromatic hydrocarbons","Negative",0
"SGL-WQS (unweighted, lambda=0)",3001,"URXPHG","Aromatic hydrocarbons","Negative",0.963817886444448
"SGL-WQS (unweighted, lambda=0)",3001,"URXDHB","Dienes/alkenes/epoxides","Negative",0
"SGL-WQS (unweighted, lambda=0)",3001,"URXMB3","Dienes/alkenes/epoxides","Negative",0.408805544906797
"SGL-WQS (unweighted, lambda=0)",3001,"URXIPM3","Dienes/alkenes/epoxides","Negative",0.150656460415138
"SGL-WQS (unweighted, lambda=0)",3001,"URXHP2","Dienes/alkenes/epoxides","Negative",0.440537994678065
"SGL-WQS (unweighted, lambda=0)",3001,"URXAAM","Nitrile/amide/cyanide-related","Negative",1
"SGL-WQS (unweighted, lambda=0)",3001,"URXAMC","Nitrile/amide/cyanide-related","Negative",0
"SGL-WQS (unweighted, lambda=0)",3001,"URXCEM","Nitrile/amide/cyanide-related","Negative",0
"SGL-WQS (unweighted, lambda=0)",3001,"URXCYM","Nitrile/amide/cyanide-related","Negative",0
"SGL-WQS (unweighted, lambda=0)",3001,"URXATC","Nitrile/amide/cyanide-related","Negative",0
"SGL-WQS (unweighted, lambda=0)",3001,"URXHPM","Reactive aldehydes","Negative",1
"SGL-WQS (unweighted, lambda=0)",3001,"URXPMM","Reactive aldehydes","Negative",0
"SGL-WQS (unweighted, lambda.min path)",3001,"URX2MH","Aromatic hydrocarbons","Positive",0
"SGL-WQS (unweighted, lambda.min path)",3001,"URX34M","Aromatic hydrocarbons","Positive",0.0169218943304956
"SGL-WQS (unweighted, lambda.min path)",3001,"URXBMA","Aromatic hydrocarbons","Positive",0.50542020715564
"SGL-WQS (unweighted, lambda.min path)",3001,"URXMAD","Aromatic hydrocarbons","Positive",0.477657898513864
"SGL-WQS (unweighted, lambda.min path)",3001,"URXPHG","Aromatic hydrocarbons","Positive",0
"SGL-WQS (unweighted, lambda.min path)",3001,"URXDHB","Dienes/alkenes/epoxides","Positive",1
"SGL-WQS (unweighted, lambda.min path)",3001,"URXMB3","Dienes/alkenes/epoxides","Positive",0
"SGL-WQS (unweighted, lambda.min path)",3001,"URXIPM3","Dienes/alkenes/epoxides","Positive",0
"SGL-WQS (unweighted, lambda.min path)",3001,"URXHP2","Dienes/alkenes/epoxides","Positive",0
"SGL-WQS (unweighted, lambda.min path)",3001,"URXAAM","Nitrile/amide/cyanide-related","Positive",0
"SGL-WQS (unweighted, lambda.min path)",3001,"URXAMC","Nitrile/amide/cyanide-related","Positive",0.234812163584717
"SGL-WQS (unweighted, lambda.min path)",3001,"URXCEM","Nitrile/amide/cyanide-related","Positive",0.415466812340572
"SGL-WQS (unweighted, lambda.min path)",3001,"URXCYM","Nitrile/amide/cyanide-related","Positive",0.160452080695539
"SGL-WQS (unweighted, lambda.min path)",3001,"URXATC","Nitrile/amide/cyanide-related","Positive",0.189268943379172
"SGL-WQS (unweighted, lambda.min path)",3001,"URXHPM","Reactive aldehydes","Positive",0
"SGL-WQS (unweighted, lambda.min path)",3001,"URXPMM","Reactive aldehydes","Positive",1
"SGL-WQS (unweighted, lambda.min path)",3001,"URX2MH","Aromatic hydrocarbons","Negative",0.0216738591814054
"SGL-WQS (unweighted, lambda.min path)",3001,"URX34M","Aromatic hydrocarbons","Negative",0
"SGL-WQS (unweighted, lambda.min path)",3001,"URXBMA","Aromatic hydrocarbons","Negative",0
"SGL-WQS (unweighted, lambda.min path)",3001,"URXMAD","Aromatic hydrocarbons","Negative",0
"SGL-WQS (unweighted, lambda.min path)",3001,"URXPHG","Aromatic hydrocarbons","Negative",0.978326140818594
"SGL-WQS (unweighted, lambda.min path)",3001,"URXDHB","Dienes/alkenes/epoxides","Negative",0
"SGL-WQS (unweighted, lambda.min path)",3001,"URXMB3","Dienes/alkenes/epoxides","Negative",0.376580739568409
"SGL-WQS (unweighted, lambda.min path)",3001,"URXIPM3","Dienes/alkenes/epoxides","Negative",0.121120254209139
"SGL-WQS (unweighted, lambda.min path)",3001,"URXHP2","Dienes/alkenes/epoxides","Negative",0.502299006222452
"SGL-WQS (unweighted, lambda.min path)",3001,"URXAAM","Nitrile/amide/cyanide-related","Negative",1
"SGL-WQS (unweighted, lambda.min path)",3001,"URXAMC","Nitrile/amide/cyanide-related","Negative",0
"SGL-WQS (unweighted, lambda.min path)",3001,"URXCEM","Nitrile/amide/cyanide-related","Negative",0
"SGL-WQS (unweighted, lambda.min path)",3001,"URXCYM","Nitrile/amide/cyanide-related","Negative",0
"SGL-WQS (unweighted, lambda.min path)",3001,"URXATC","Nitrile/amide/cyanide-related","Negative",0
"SGL-WQS (unweighted, lambda.min path)",3001,"URXHPM","Reactive aldehydes","Negative",1
"SGL-WQS (unweighted, lambda.min path)",3001,"URXPMM","Reactive aldehydes","Negative",0
"SGL-WQS (survey, lambda=0)",3001,"URX2MH","Aromatic hydrocarbons","Positive",0
"SGL-WQS (survey, lambda=0)",3001,"URX34M","Aromatic hydrocarbons","Positive",0
"SGL-WQS (survey, lambda=0)",3001,"URXBMA","Aromatic hydrocarbons","Positive",0
"SGL-WQS (survey, lambda=0)",3001,"URXMAD","Aromatic hydrocarbons","Positive",0
"SGL-WQS (survey, lambda=0)",3001,"URXPHG","Aromatic hydrocarbons","Positive",0
"SGL-WQS (survey, lambda=0)",3001,"URXDHB","Dienes/alkenes/epoxides","Positive",0
"SGL-WQS (survey, lambda=0)",3001,"URXMB3","Dienes/alkenes/epoxides","Positive",0
"SGL-WQS (survey, lambda=0)",3001,"URXIPM3","Dienes/alkenes/epoxides","Positive",0
"SGL-WQS (survey, lambda=0)",3001,"URXHP2","Dienes/alkenes/epoxides","Positive",0
"SGL-WQS (survey, lambda=0)",3001,"URXAAM","Nitrile/amide/cyanide-related","Positive",0
"SGL-WQS (survey, lambda=0)",3001,"URXAMC","Nitrile/amide/cyanide-related","Positive",0
"SGL-WQS (survey, lambda=0)",3001,"URXCEM","Nitrile/amide/cyanide-related","Positive",0
"SGL-WQS (survey, lambda=0)",3001,"URXCYM","Nitrile/amide/cyanide-related","Positive",0
"SGL-WQS (survey, lambda=0)",3001,"URXATC","Nitrile/amide/cyanide-related","Positive",0
"SGL-WQS (survey, lambda=0)",3001,"URXHPM","Reactive aldehydes","Positive",0
"SGL-WQS (survey, lambda=0)",3001,"URXPMM","Reactive aldehydes","Positive",0
"SGL-WQS (survey, lambda=0)",3001,"URX2MH","Aromatic hydrocarbons","Negative",0
"SGL-WQS (survey, lambda=0)",3001,"URX34M","Aromatic hydrocarbons","Negative",0
"SGL-WQS (survey, lambda=0)",3001,"URXBMA","Aromatic hydrocarbons","Negative",0
"SGL-WQS (survey, lambda=0)",3001,"URXMAD","Aromatic hydrocarbons","Negative",0
"SGL-WQS (survey, lambda=0)",3001,"URXPHG","Aromatic hydrocarbons","Negative",0
"SGL-WQS (survey, lambda=0)",3001,"URXDHB","Dienes/alkenes/epoxides","Negative",0
"SGL-WQS (survey, lambda=0)",3001,"URXMB3","Dienes/alkenes/epoxides","Negative",0
"SGL-WQS (survey, lambda=0)",3001,"URXIPM3","Dienes/alkenes/epoxides","Negative",0
"SGL-WQS (survey, lambda=0)",3001,"URXHP2","Dienes/alkenes/epoxides","Negative",0
"SGL-WQS (survey, lambda=0)",3001,"URXAAM","Nitrile/amide/cyanide-related","Negative",0
"SGL-WQS (survey, lambda=0)",3001,"URXAMC","Nitrile/amide/cyanide-related","Negative",0
"SGL-WQS (survey, lambda=0)",3001,"URXCEM","Nitrile/amide/cyanide-related","Negative",0
"SGL-WQS (survey, lambda=0)",3001,"URXCYM","Nitrile/amide/cyanide-related","Negative",0
"SGL-WQS (survey, lambda=0)",3001,"URXATC","Nitrile/amide/cyanide-related","Negative",0
"SGL-WQS (survey, lambda=0)",3001,"URXHPM","Reactive aldehydes","Negative",0
"SGL-WQS (survey, lambda=0)",3001,"URXPMM","Reactive aldehydes","Negative",0
"SGL-WQS (survey, lambda.min path)",3001,"URX2MH","Aromatic hydrocarbons","Positive",0.0482462287144035
"SGL-WQS (survey, lambda.min path)",3001,"URX34M","Aromatic hydrocarbons","Positive",0.389574047743253
"SGL-WQS (survey, lambda.min path)",3001,"URXBMA","Aromatic hydrocarbons","Positive",0.171086947931367
"SGL-WQS (survey, lambda.min path)",3001,"URXMAD","Aromatic hydrocarbons","Positive",0.391092775610977
"SGL-WQS (survey, lambda.min path)",3001,"URXPHG","Aromatic hydrocarbons","Positive",0
"SGL-WQS (survey, lambda.min path)",3001,"URXDHB","Dienes/alkenes/epoxides","Positive",1
"SGL-WQS (survey, lambda.min path)",3001,"URXMB3","Dienes/alkenes/epoxides","Positive",0
"SGL-WQS (survey, lambda.min path)",3001,"URXIPM3","Dienes/alkenes/epoxides","Positive",0
"SGL-WQS (survey, lambda.min path)",3001,"URXHP2","Dienes/alkenes/epoxides","Positive",0
"SGL-WQS (survey, lambda.min path)",3001,"URXAAM","Nitrile/amide/cyanide-related","Positive",0
"SGL-WQS (survey, lambda.min path)",3001,"URXAMC","Nitrile/amide/cyanide-related","Positive",0.0238266129603803
"SGL-WQS (survey, lambda.min path)",3001,"URXCEM","Nitrile/amide/cyanide-related","Positive",0.67772948058548
"SGL-WQS (survey, lambda.min path)",3001,"URXCYM","Nitrile/amide/cyanide-related","Positive",0
"SGL-WQS (survey, lambda.min path)",3001,"URXATC","Nitrile/amide/cyanide-related","Positive",0.298443906454139
"SGL-WQS (survey, lambda.min path)",3001,"URXHPM","Reactive aldehydes","Positive",0
"SGL-WQS (survey, lambda.min path)",3001,"URXPMM","Reactive aldehydes","Positive",1
"SGL-WQS (survey, lambda.min path)",3001,"URX2MH","Aromatic hydrocarbons","Negative",0
"SGL-WQS (survey, lambda.min path)",3001,"URX34M","Aromatic hydrocarbons","Negative",0
"SGL-WQS (survey, lambda.min path)",3001,"URXBMA","Aromatic hydrocarbons","Negative",0
"SGL-WQS (survey, lambda.min path)",3001,"URXMAD","Aromatic hydrocarbons","Negative",0
"SGL-WQS (survey, lambda.min path)",3001,"URXPHG","Aromatic hydrocarbons","Negative",1
"SGL-WQS (survey, lambda.min path)",3001,"URXDHB","Dienes/alkenes/epoxides","Negative",0
"SGL-WQS (survey, lambda.min path)",3001,"URXMB3","Dienes/alkenes/epoxides","Negative",0.469870134586103
"SGL-WQS (survey, lambda.min path)",3001,"URXIPM3","Dienes/alkenes/epoxides","Negative",0.0120122914043443
"SGL-WQS (survey, lambda.min path)",3001,"URXHP2","Dienes/alkenes/epoxides","Negative",0.518117574009552
"SGL-WQS (survey, lambda.min path)",3001,"URXAAM","Nitrile/amide/cyanide-related","Negative",0.988552631278217
"SGL-WQS (survey, lambda.min path)",3001,"URXAMC","Nitrile/amide/cyanide-related","Negative",0
"SGL-WQS (survey, lambda.min path)",3001,"URXCEM","Nitrile/amide/cyanide-related","Negative",0
"SGL-WQS (survey, lambda.min path)",3001,"URXCYM","Nitrile/amide/cyanide-related","Negative",0.0114473687217833
"SGL-WQS (survey, lambda.min path)",3001,"URXATC","Nitrile/amide/cyanide-related","Negative",0
"SGL-WQS (survey, lambda.min path)",3001,"URXHPM","Reactive aldehydes","Negative",1
"SGL-WQS (survey, lambda.min path)",3001,"URXPMM","Reactive aldehydes","Negative",0
"gWQS",3141,"URXCEM",NA,"Positive",0.219420850826547
"gWQS",3141,"URXATC",NA,"Positive",0.142001780203187
"gWQS",3141,"URXDHB",NA,"Positive",0.108688636189995
"gWQS",3141,"URXCYM",NA,"Positive",0.104174490908676
"gWQS",3141,"URXAMC",NA,"Positive",0.101532049704588
"gWQS",3141,"URXMAD",NA,"Positive",0.09454590543825
"gWQS",3141,"URXPMM",NA,"Positive",0.0769780329268791
"gWQS",3141,"URXIPM3",NA,"Positive",0.0628868918101422
"gWQS",3141,"URX34M",NA,"Positive",0.0234453726929139
"gWQS",3141,"URX2MH",NA,"Positive",0.0214717465123643
"gWQS",3141,"URXBMA",NA,"Positive",0.0212099011493959
"gWQS",3141,"URXHP2",NA,"Positive",0.00648947246414371
"gWQS",3141,"URXAAM",NA,"Positive",0.00541538231954794
"gWQS",3141,"URXPHG",NA,"Positive",0.00422882320767755
"gWQS",3141,"URXMB3",NA,"Positive",0.00413688479257121
"gWQS",3141,"URXHPM",NA,"Positive",0.0033737788531214
"gWQS",3141,"URXCEM",NA,"Negative",0.00443835412511377
"gWQS",3141,"URXATC",NA,"Negative",0.0067314585952421
"gWQS",3141,"URXDHB",NA,"Negative",0.006508766023536
"gWQS",3141,"URXCYM",NA,"Negative",0.00426583916917415
"gWQS",3141,"URXAMC",NA,"Negative",0.00590994022962685
"gWQS",3141,"URXMAD",NA,"Negative",0.0082497566118369
"gWQS",3141,"URXPMM",NA,"Negative",0.00928276609917825
"gWQS",3141,"URXIPM3",NA,"Negative",0.0090067873496884
"gWQS",3141,"URX34M",NA,"Negative",0.0348807155877705
"gWQS",3141,"URX2MH",NA,"Negative",0.0346398895299564
"gWQS",3141,"URXBMA",NA,"Negative",0.0231450080429744
"gWQS",3141,"URXHP2",NA,"Negative",0.16948897006043
"gWQS",3141,"URXAAM",NA,"Negative",0.0913821539372704
"gWQS",3141,"URXPHG",NA,"Negative",0.21974113949165
"gWQS",3141,"URXMB3",NA,"Negative",0.183569913473946
"gWQS",3141,"URXHPM",NA,"Negative",0.188758541672605
"groupWQS",3141,"URX2MH","Aromatic hydrocarbons","Combined",0.105796405905118
"groupWQS",3141,"URX34M","Aromatic hydrocarbons","Combined",0.0936778601017683
"groupWQS",3141,"URXBMA","Aromatic hydrocarbons","Combined",0.43298381691843
"groupWQS",3141,"URXMAD","Aromatic hydrocarbons","Combined",0.054921799986927
"groupWQS",3141,"URXPHG","Aromatic hydrocarbons","Combined",0.312620117087734
"groupWQS",3141,"URXDHB","Dienes/alkenes/epoxides","Combined",0.0445974124340057
"groupWQS",3141,"URXMB3","Dienes/alkenes/epoxides","Combined",0.227338342752865
"groupWQS",3141,"URXIPM3","Dienes/alkenes/epoxides","Combined",0.26872905652245
"groupWQS",3141,"URXHP2","Dienes/alkenes/epoxides","Combined",0.459335188290703
"groupWQS",3141,"URXAAM","Nitrile/amide/cyanide-related","Combined",0.0164355876144525
"groupWQS",3141,"URXAMC","Nitrile/amide/cyanide-related","Combined",0.174214641465794
"groupWQS",3141,"URXCEM","Nitrile/amide/cyanide-related","Combined",0.528915295725861
"groupWQS",3141,"URXCYM","Nitrile/amide/cyanide-related","Combined",0.129994200895878
"groupWQS",3141,"URXATC","Nitrile/amide/cyanide-related","Combined",0.150440274297983
"groupWQS",3141,"URXHPM","Reactive aldehydes","Combined",0.292679737354308
"groupWQS",3141,"URXPMM","Reactive aldehydes","Combined",0.707320262645671
"SGL-WQS (unweighted, lambda=0)",3141,"URX2MH","Aromatic hydrocarbons","Positive",0
"SGL-WQS (unweighted, lambda=0)",3141,"URX34M","Aromatic hydrocarbons","Positive",0.0622608490944023
"SGL-WQS (unweighted, lambda=0)",3141,"URXBMA","Aromatic hydrocarbons","Positive",0.39841536580077
"SGL-WQS (unweighted, lambda=0)",3141,"URXMAD","Aromatic hydrocarbons","Positive",0.539323785104828
"SGL-WQS (unweighted, lambda=0)",3141,"URXPHG","Aromatic hydrocarbons","Positive",0
"SGL-WQS (unweighted, lambda=0)",3141,"URXDHB","Dienes/alkenes/epoxides","Positive",1
"SGL-WQS (unweighted, lambda=0)",3141,"URXMB3","Dienes/alkenes/epoxides","Positive",0
"SGL-WQS (unweighted, lambda=0)",3141,"URXIPM3","Dienes/alkenes/epoxides","Positive",0
"SGL-WQS (unweighted, lambda=0)",3141,"URXHP2","Dienes/alkenes/epoxides","Positive",0
"SGL-WQS (unweighted, lambda=0)",3141,"URXAAM","Nitrile/amide/cyanide-related","Positive",0
"SGL-WQS (unweighted, lambda=0)",3141,"URXAMC","Nitrile/amide/cyanide-related","Positive",0.223037130516231
"SGL-WQS (unweighted, lambda=0)",3141,"URXCEM","Nitrile/amide/cyanide-related","Positive",0.414578524444486
"SGL-WQS (unweighted, lambda=0)",3141,"URXCYM","Nitrile/amide/cyanide-related","Positive",0.184841079380263
"SGL-WQS (unweighted, lambda=0)",3141,"URXATC","Nitrile/amide/cyanide-related","Positive",0.17754326565902
"SGL-WQS (unweighted, lambda=0)",3141,"URXHPM","Reactive aldehydes","Positive",0
"SGL-WQS (unweighted, lambda=0)",3141,"URXPMM","Reactive aldehydes","Positive",1
"SGL-WQS (unweighted, lambda=0)",3141,"URX2MH","Aromatic hydrocarbons","Negative",0.0361821135555519
"SGL-WQS (unweighted, lambda=0)",3141,"URX34M","Aromatic hydrocarbons","Negative",0
"SGL-WQS (unweighted, lambda=0)",3141,"URXBMA","Aromatic hydrocarbons","Negative",0
"SGL-WQS (unweighted, lambda=0)",3141,"URXMAD","Aromatic hydrocarbons","Negative",0
"SGL-WQS (unweighted, lambda=0)",3141,"URXPHG","Aromatic hydrocarbons","Negative",0.963817886444448
"SGL-WQS (unweighted, lambda=0)",3141,"URXDHB","Dienes/alkenes/epoxides","Negative",0
"SGL-WQS (unweighted, lambda=0)",3141,"URXMB3","Dienes/alkenes/epoxides","Negative",0.408805544906797
"SGL-WQS (unweighted, lambda=0)",3141,"URXIPM3","Dienes/alkenes/epoxides","Negative",0.150656460415138
"SGL-WQS (unweighted, lambda=0)",3141,"URXHP2","Dienes/alkenes/epoxides","Negative",0.440537994678065
"SGL-WQS (unweighted, lambda=0)",3141,"URXAAM","Nitrile/amide/cyanide-related","Negative",1
"SGL-WQS (unweighted, lambda=0)",3141,"URXAMC","Nitrile/amide/cyanide-related","Negative",0
"SGL-WQS (unweighted, lambda=0)",3141,"URXCEM","Nitrile/amide/cyanide-related","Negative",0
"SGL-WQS (unweighted, lambda=0)",3141,"URXCYM","Nitrile/amide/cyanide-related","Negative",0
"SGL-WQS (unweighted, lambda=0)",3141,"URXATC","Nitrile/amide/cyanide-related","Negative",0
"SGL-WQS (unweighted, lambda=0)",3141,"URXHPM","Reactive aldehydes","Negative",1
"SGL-WQS (unweighted, lambda=0)",3141,"URXPMM","Reactive aldehydes","Negative",0
"SGL-WQS (unweighted, lambda.min path)",3141,"URX2MH","Aromatic hydrocarbons","Positive",0
"SGL-WQS (unweighted, lambda.min path)",3141,"URX34M","Aromatic hydrocarbons","Positive",0.0208344273876174
"SGL-WQS (unweighted, lambda.min path)",3141,"URXBMA","Aromatic hydrocarbons","Positive",0.472487417650743
"SGL-WQS (unweighted, lambda.min path)",3141,"URXMAD","Aromatic hydrocarbons","Positive",0.506678154961639
"SGL-WQS (unweighted, lambda.min path)",3141,"URXPHG","Aromatic hydrocarbons","Positive",0
"SGL-WQS (unweighted, lambda.min path)",3141,"URXDHB","Dienes/alkenes/epoxides","Positive",1
"SGL-WQS (unweighted, lambda.min path)",3141,"URXMB3","Dienes/alkenes/epoxides","Positive",0
"SGL-WQS (unweighted, lambda.min path)",3141,"URXIPM3","Dienes/alkenes/epoxides","Positive",0
"SGL-WQS (unweighted, lambda.min path)",3141,"URXHP2","Dienes/alkenes/epoxides","Positive",0
"SGL-WQS (unweighted, lambda.min path)",3141,"URXAAM","Nitrile/amide/cyanide-related","Positive",0
"SGL-WQS (unweighted, lambda.min path)",3141,"URXAMC","Nitrile/amide/cyanide-related","Positive",0.232915429924418
"SGL-WQS (unweighted, lambda.min path)",3141,"URXCEM","Nitrile/amide/cyanide-related","Positive",0.419726362284231
"SGL-WQS (unweighted, lambda.min path)",3141,"URXCYM","Nitrile/amide/cyanide-related","Positive",0.159371338125999
"SGL-WQS (unweighted, lambda.min path)",3141,"URXATC","Nitrile/amide/cyanide-related","Positive",0.187986869665353
"SGL-WQS (unweighted, lambda.min path)",3141,"URXHPM","Reactive aldehydes","Positive",0
"SGL-WQS (unweighted, lambda.min path)",3141,"URXPMM","Reactive aldehydes","Positive",1
"SGL-WQS (unweighted, lambda.min path)",3141,"URX2MH","Aromatic hydrocarbons","Negative",0.0356079386464675
"SGL-WQS (unweighted, lambda.min path)",3141,"URX34M","Aromatic hydrocarbons","Negative",0
"SGL-WQS (unweighted, lambda.min path)",3141,"URXBMA","Aromatic hydrocarbons","Negative",0
"SGL-WQS (unweighted, lambda.min path)",3141,"URXMAD","Aromatic hydrocarbons","Negative",0
"SGL-WQS (unweighted, lambda.min path)",3141,"URXPHG","Aromatic hydrocarbons","Negative",0.964392061353533
"SGL-WQS (unweighted, lambda.min path)",3141,"URXDHB","Dienes/alkenes/epoxides","Negative",0
"SGL-WQS (unweighted, lambda.min path)",3141,"URXMB3","Dienes/alkenes/epoxides","Negative",0.380072517759429
"SGL-WQS (unweighted, lambda.min path)",3141,"URXIPM3","Dienes/alkenes/epoxides","Negative",0.128765646498881
"SGL-WQS (unweighted, lambda.min path)",3141,"URXHP2","Dienes/alkenes/epoxides","Negative",0.49116183574169
"SGL-WQS (unweighted, lambda.min path)",3141,"URXAAM","Nitrile/amide/cyanide-related","Negative",1
"SGL-WQS (unweighted, lambda.min path)",3141,"URXAMC","Nitrile/amide/cyanide-related","Negative",0
"SGL-WQS (unweighted, lambda.min path)",3141,"URXCEM","Nitrile/amide/cyanide-related","Negative",0
"SGL-WQS (unweighted, lambda.min path)",3141,"URXCYM","Nitrile/amide/cyanide-related","Negative",0
"SGL-WQS (unweighted, lambda.min path)",3141,"URXATC","Nitrile/amide/cyanide-related","Negative",0
"SGL-WQS (unweighted, lambda.min path)",3141,"URXHPM","Reactive aldehydes","Negative",1
"SGL-WQS (unweighted, lambda.min path)",3141,"URXPMM","Reactive aldehydes","Negative",0
"SGL-WQS (survey, lambda=0)",3141,"URX2MH","Aromatic hydrocarbons","Positive",0
"SGL-WQS (survey, lambda=0)",3141,"URX34M","Aromatic hydrocarbons","Positive",0
"SGL-WQS (survey, lambda=0)",3141,"URXBMA","Aromatic hydrocarbons","Positive",0
"SGL-WQS (survey, lambda=0)",3141,"URXMAD","Aromatic hydrocarbons","Positive",0
"SGL-WQS (survey, lambda=0)",3141,"URXPHG","Aromatic hydrocarbons","Positive",0
"SGL-WQS (survey, lambda=0)",3141,"URXDHB","Dienes/alkenes/epoxides","Positive",0
"SGL-WQS (survey, lambda=0)",3141,"URXMB3","Dienes/alkenes/epoxides","Positive",0
"SGL-WQS (survey, lambda=0)",3141,"URXIPM3","Dienes/alkenes/epoxides","Positive",0
"SGL-WQS (survey, lambda=0)",3141,"URXHP2","Dienes/alkenes/epoxides","Positive",0
"SGL-WQS (survey, lambda=0)",3141,"URXAAM","Nitrile/amide/cyanide-related","Positive",0
"SGL-WQS (survey, lambda=0)",3141,"URXAMC","Nitrile/amide/cyanide-related","Positive",0
"SGL-WQS (survey, lambda=0)",3141,"URXCEM","Nitrile/amide/cyanide-related","Positive",0
"SGL-WQS (survey, lambda=0)",3141,"URXCYM","Nitrile/amide/cyanide-related","Positive",0
"SGL-WQS (survey, lambda=0)",3141,"URXATC","Nitrile/amide/cyanide-related","Positive",0
"SGL-WQS (survey, lambda=0)",3141,"URXHPM","Reactive aldehydes","Positive",0
"SGL-WQS (survey, lambda=0)",3141,"URXPMM","Reactive aldehydes","Positive",0
"SGL-WQS (survey, lambda=0)",3141,"URX2MH","Aromatic hydrocarbons","Negative",0
"SGL-WQS (survey, lambda=0)",3141,"URX34M","Aromatic hydrocarbons","Negative",0
"SGL-WQS (survey, lambda=0)",3141,"URXBMA","Aromatic hydrocarbons","Negative",0
"SGL-WQS (survey, lambda=0)",3141,"URXMAD","Aromatic hydrocarbons","Negative",0
"SGL-WQS (survey, lambda=0)",3141,"URXPHG","Aromatic hydrocarbons","Negative",0
"SGL-WQS (survey, lambda=0)",3141,"URXDHB","Dienes/alkenes/epoxides","Negative",0
"SGL-WQS (survey, lambda=0)",3141,"URXMB3","Dienes/alkenes/epoxides","Negative",0
"SGL-WQS (survey, lambda=0)",3141,"URXIPM3","Dienes/alkenes/epoxides","Negative",0
"SGL-WQS (survey, lambda=0)",3141,"URXHP2","Dienes/alkenes/epoxides","Negative",0
"SGL-WQS (survey, lambda=0)",3141,"URXAAM","Nitrile/amide/cyanide-related","Negative",0
"SGL-WQS (survey, lambda=0)",3141,"URXAMC","Nitrile/amide/cyanide-related","Negative",0
"SGL-WQS (survey, lambda=0)",3141,"URXCEM","Nitrile/amide/cyanide-related","Negative",0
"SGL-WQS (survey, lambda=0)",3141,"URXCYM","Nitrile/amide/cyanide-related","Negative",0
"SGL-WQS (survey, lambda=0)",3141,"URXATC","Nitrile/amide/cyanide-related","Negative",0
"SGL-WQS (survey, lambda=0)",3141,"URXHPM","Reactive aldehydes","Negative",0
"SGL-WQS (survey, lambda=0)",3141,"URXPMM","Reactive aldehydes","Negative",0
"SGL-WQS (survey, lambda.min path)",3141,"URX2MH","Aromatic hydrocarbons","Positive",0.0616772778200268
"SGL-WQS (survey, lambda.min path)",3141,"URX34M","Aromatic hydrocarbons","Positive",0.382727897201116
"SGL-WQS (survey, lambda.min path)",3141,"URXBMA","Aromatic hydrocarbons","Positive",0.17741796849556
"SGL-WQS (survey, lambda.min path)",3141,"URXMAD","Aromatic hydrocarbons","Positive",0.378176856483297
"SGL-WQS (survey, lambda.min path)",3141,"URXPHG","Aromatic hydrocarbons","Positive",0
"SGL-WQS (survey, lambda.min path)",3141,"URXDHB","Dienes/alkenes/epoxides","Positive",1
"SGL-WQS (survey, lambda.min path)",3141,"URXMB3","Dienes/alkenes/epoxides","Positive",0
"SGL-WQS (survey, lambda.min path)",3141,"URXIPM3","Dienes/alkenes/epoxides","Positive",0
"SGL-WQS (survey, lambda.min path)",3141,"URXHP2","Dienes/alkenes/epoxides","Positive",0
"SGL-WQS (survey, lambda.min path)",3141,"URXAAM","Nitrile/amide/cyanide-related","Positive",0
"SGL-WQS (survey, lambda.min path)",3141,"URXAMC","Nitrile/amide/cyanide-related","Positive",0.0236627704421065
"SGL-WQS (survey, lambda.min path)",3141,"URXCEM","Nitrile/amide/cyanide-related","Positive",0.67658915928086
"SGL-WQS (survey, lambda.min path)",3141,"URXCYM","Nitrile/amide/cyanide-related","Positive",0
"SGL-WQS (survey, lambda.min path)",3141,"URXATC","Nitrile/amide/cyanide-related","Positive",0.299748070277034
"SGL-WQS (survey, lambda.min path)",3141,"URXHPM","Reactive aldehydes","Positive",0
"SGL-WQS (survey, lambda.min path)",3141,"URXPMM","Reactive aldehydes","Positive",1
"SGL-WQS (survey, lambda.min path)",3141,"URX2MH","Aromatic hydrocarbons","Negative",0
"SGL-WQS (survey, lambda.min path)",3141,"URX34M","Aromatic hydrocarbons","Negative",0
"SGL-WQS (survey, lambda.min path)",3141,"URXBMA","Aromatic hydrocarbons","Negative",0
"SGL-WQS (survey, lambda.min path)",3141,"URXMAD","Aromatic hydrocarbons","Negative",0
"SGL-WQS (survey, lambda.min path)",3141,"URXPHG","Aromatic hydrocarbons","Negative",1
"SGL-WQS (survey, lambda.min path)",3141,"URXDHB","Dienes/alkenes/epoxides","Negative",0
"SGL-WQS (survey, lambda.min path)",3141,"URXMB3","Dienes/alkenes/epoxides","Negative",0.462214995235149
"SGL-WQS (survey, lambda.min path)",3141,"URXIPM3","Dienes/alkenes/epoxides","Negative",0.00762982608094297
"SGL-WQS (survey, lambda.min path)",3141,"URXHP2","Dienes/alkenes/epoxides","Negative",0.530155178683908
"SGL-WQS (survey, lambda.min path)",3141,"URXAAM","Nitrile/amide/cyanide-related","Negative",0.974489294595593
"SGL-WQS (survey, lambda.min path)",3141,"URXAMC","Nitrile/amide/cyanide-related","Negative",0
"SGL-WQS (survey, lambda.min path)",3141,"URXCEM","Nitrile/amide/cyanide-related","Negative",0
"SGL-WQS (survey, lambda.min path)",3141,"URXCYM","Nitrile/amide/cyanide-related","Negative",0.0255107054044067
"SGL-WQS (survey, lambda.min path)",3141,"URXATC","Nitrile/amide/cyanide-related","Negative",0
"SGL-WQS (survey, lambda.min path)",3141,"URXHPM","Reactive aldehydes","Negative",1
"SGL-WQS (survey, lambda.min path)",3141,"URXPMM","Reactive aldehydes","Negative",0
"gWQS",3333,"URXCEM",NA,"Positive",0.204289627259922
"gWQS",3333,"URXDHB",NA,"Positive",0.150049713169516
"gWQS",3333,"URXPMM",NA,"Positive",0.144322738006919
"gWQS",3333,"URXCYM",NA,"Positive",0.101792417209943
"gWQS",3333,"URXAMC",NA,"Positive",0.0810542298335193
"gWQS",3333,"URXMAD",NA,"Positive",0.0747207400725393
"gWQS",3333,"URXATC",NA,"Positive",0.068641529068674
"gWQS",3333,"URX2MH",NA,"Positive",0.0462864382029187
"gWQS",3333,"URXBMA",NA,"Positive",0.0445032100574931
"gWQS",3333,"URX34M",NA,"Positive",0.0342977894277988
"gWQS",3333,"URXIPM3",NA,"Positive",0.0206224814951398
"gWQS",3333,"URXHPM",NA,"Positive",0.00898317394058111
"gWQS",3333,"URXHP2",NA,"Positive",0.0059704885376998
"gWQS",3333,"URXAAM",NA,"Positive",0.00534925601829636
"gWQS",3333,"URXPHG",NA,"Positive",0.00500586043839349
"gWQS",3333,"URXMB3",NA,"Positive",0.00411030726064623
"gWQS",3333,"URXCEM",NA,"Negative",0.00406152226825804
"gWQS",3333,"URXDHB",NA,"Negative",0.00436171256846697
"gWQS",3333,"URXPMM",NA,"Negative",0.00572838282711997
"gWQS",3333,"URXCYM",NA,"Negative",0.00395861065835183
"gWQS",3333,"URXAMC",NA,"Negative",0.00656929080614339
"gWQS",3333,"URXMAD",NA,"Negative",0.0137594251092708
"gWQS",3333,"URXATC",NA,"Negative",0.00584554942378377
"gWQS",3333,"URX2MH",NA,"Negative",0.0196806551135681
"gWQS",3333,"URXBMA",NA,"Negative",0.0120844947026547
"gWQS",3333,"URX34M",NA,"Negative",0.0340178013194395
"gWQS",3333,"URXIPM3",NA,"Negative",0.0528333222303949
"gWQS",3333,"URXHPM",NA,"Negative",0.0820146619109367
"gWQS",3333,"URXHP2",NA,"Negative",0.173150679047745
"gWQS",3333,"URXAAM",NA,"Negative",0.0995150880129877
"gWQS",3333,"URXPHG",NA,"Negative",0.236022340899613
"gWQS",3333,"URXMB3",NA,"Negative",0.246396463101266
"groupWQS",3333,"URX2MH","Aromatic hydrocarbons","Combined",0.101610663405542
"groupWQS",3333,"URX34M","Aromatic hydrocarbons","Combined",0.0515229504922341
"groupWQS",3333,"URXBMA","Aromatic hydrocarbons","Combined",0.120381493326176
"groupWQS",3333,"URXMAD","Aromatic hydrocarbons","Combined",0.0387617590972106
"groupWQS",3333,"URXPHG","Aromatic hydrocarbons","Combined",0.687723133679796
"groupWQS",3333,"URXDHB","Dienes/alkenes/epoxides","Combined",0.223275967980061
"groupWQS",3333,"URXMB3","Dienes/alkenes/epoxides","Combined",0.279564919131296
"groupWQS",3333,"URXIPM3","Dienes/alkenes/epoxides","Combined",0.126568227200522
"groupWQS",3333,"URXHP2","Dienes/alkenes/epoxides","Combined",0.370590885688121
"groupWQS",3333,"URXAAM","Nitrile/amide/cyanide-related","Combined",0.0497813497401875
"groupWQS",3333,"URXAMC","Nitrile/amide/cyanide-related","Combined",0.220610902849826
"groupWQS",3333,"URXCEM","Nitrile/amide/cyanide-related","Combined",0.330742750051036
"groupWQS",3333,"URXCYM","Nitrile/amide/cyanide-related","Combined",0.186475070687174
"groupWQS",3333,"URXATC","Nitrile/amide/cyanide-related","Combined",0.212389926671715
"groupWQS",3333,"URXHPM","Reactive aldehydes","Combined",0.609471423579264
"groupWQS",3333,"URXPMM","Reactive aldehydes","Combined",0.390528576420707
"SGL-WQS (unweighted, lambda=0)",3333,"URX2MH","Aromatic hydrocarbons","Positive",0
"SGL-WQS (unweighted, lambda=0)",3333,"URX34M","Aromatic hydrocarbons","Positive",0.0622608490944023
"SGL-WQS (unweighted, lambda=0)",3333,"URXBMA","Aromatic hydrocarbons","Positive",0.39841536580077
"SGL-WQS (unweighted, lambda=0)",3333,"URXMAD","Aromatic hydrocarbons","Positive",0.539323785104828
"SGL-WQS (unweighted, lambda=0)",3333,"URXPHG","Aromatic hydrocarbons","Positive",0
"SGL-WQS (unweighted, lambda=0)",3333,"URXDHB","Dienes/alkenes/epoxides","Positive",1
"SGL-WQS (unweighted, lambda=0)",3333,"URXMB3","Dienes/alkenes/epoxides","Positive",0
"SGL-WQS (unweighted, lambda=0)",3333,"URXIPM3","Dienes/alkenes/epoxides","Positive",0
"SGL-WQS (unweighted, lambda=0)",3333,"URXHP2","Dienes/alkenes/epoxides","Positive",0
"SGL-WQS (unweighted, lambda=0)",3333,"URXAAM","Nitrile/amide/cyanide-related","Positive",0
"SGL-WQS (unweighted, lambda=0)",3333,"URXAMC","Nitrile/amide/cyanide-related","Positive",0.223037130516231
"SGL-WQS (unweighted, lambda=0)",3333,"URXCEM","Nitrile/amide/cyanide-related","Positive",0.414578524444486
"SGL-WQS (unweighted, lambda=0)",3333,"URXCYM","Nitrile/amide/cyanide-related","Positive",0.184841079380263
"SGL-WQS (unweighted, lambda=0)",3333,"URXATC","Nitrile/amide/cyanide-related","Positive",0.17754326565902
"SGL-WQS (unweighted, lambda=0)",3333,"URXHPM","Reactive aldehydes","Positive",0
"SGL-WQS (unweighted, lambda=0)",3333,"URXPMM","Reactive aldehydes","Positive",1
"SGL-WQS (unweighted, lambda=0)",3333,"URX2MH","Aromatic hydrocarbons","Negative",0.0361821135555519
"SGL-WQS (unweighted, lambda=0)",3333,"URX34M","Aromatic hydrocarbons","Negative",0
"SGL-WQS (unweighted, lambda=0)",3333,"URXBMA","Aromatic hydrocarbons","Negative",0
"SGL-WQS (unweighted, lambda=0)",3333,"URXMAD","Aromatic hydrocarbons","Negative",0
"SGL-WQS (unweighted, lambda=0)",3333,"URXPHG","Aromatic hydrocarbons","Negative",0.963817886444448
"SGL-WQS (unweighted, lambda=0)",3333,"URXDHB","Dienes/alkenes/epoxides","Negative",0
"SGL-WQS (unweighted, lambda=0)",3333,"URXMB3","Dienes/alkenes/epoxides","Negative",0.408805544906797
"SGL-WQS (unweighted, lambda=0)",3333,"URXIPM3","Dienes/alkenes/epoxides","Negative",0.150656460415138
"SGL-WQS (unweighted, lambda=0)",3333,"URXHP2","Dienes/alkenes/epoxides","Negative",0.440537994678065
"SGL-WQS (unweighted, lambda=0)",3333,"URXAAM","Nitrile/amide/cyanide-related","Negative",1
"SGL-WQS (unweighted, lambda=0)",3333,"URXAMC","Nitrile/amide/cyanide-related","Negative",0
"SGL-WQS (unweighted, lambda=0)",3333,"URXCEM","Nitrile/amide/cyanide-related","Negative",0
"SGL-WQS (unweighted, lambda=0)",3333,"URXCYM","Nitrile/amide/cyanide-related","Negative",0
"SGL-WQS (unweighted, lambda=0)",3333,"URXATC","Nitrile/amide/cyanide-related","Negative",0
"SGL-WQS (unweighted, lambda=0)",3333,"URXHPM","Reactive aldehydes","Negative",1
"SGL-WQS (unweighted, lambda=0)",3333,"URXPMM","Reactive aldehydes","Negative",0
"SGL-WQS (unweighted, lambda.min path)",3333,"URX2MH","Aromatic hydrocarbons","Positive",0
"SGL-WQS (unweighted, lambda.min path)",3333,"URX34M","Aromatic hydrocarbons","Positive",0.0203963895382521
"SGL-WQS (unweighted, lambda.min path)",3333,"URXBMA","Aromatic hydrocarbons","Positive",0.474176586706278
"SGL-WQS (unweighted, lambda.min path)",3333,"URXMAD","Aromatic hydrocarbons","Positive",0.50542702375547
"SGL-WQS (unweighted, lambda.min path)",3333,"URXPHG","Aromatic hydrocarbons","Positive",0
"SGL-WQS (unweighted, lambda.min path)",3333,"URXDHB","Dienes/alkenes/epoxides","Positive",1
"SGL-WQS (unweighted, lambda.min path)",3333,"URXMB3","Dienes/alkenes/epoxides","Positive",0
"SGL-WQS (unweighted, lambda.min path)",3333,"URXIPM3","Dienes/alkenes/epoxides","Positive",0
"SGL-WQS (unweighted, lambda.min path)",3333,"URXHP2","Dienes/alkenes/epoxides","Positive",0
"SGL-WQS (unweighted, lambda.min path)",3333,"URXAAM","Nitrile/amide/cyanide-related","Positive",0
"SGL-WQS (unweighted, lambda.min path)",3333,"URXAMC","Nitrile/amide/cyanide-related","Positive",0.233009624098495
"SGL-WQS (unweighted, lambda.min path)",3333,"URXCEM","Nitrile/amide/cyanide-related","Positive",0.419613429426165
"SGL-WQS (unweighted, lambda.min path)",3333,"URXCYM","Nitrile/amide/cyanide-related","Positive",0.159317623758208
"SGL-WQS (unweighted, lambda.min path)",3333,"URXATC","Nitrile/amide/cyanide-related","Positive",0.188059322717132
"SGL-WQS (unweighted, lambda.min path)",3333,"URXHPM","Reactive aldehydes","Positive",0
"SGL-WQS (unweighted, lambda.min path)",3333,"URXPMM","Reactive aldehydes","Positive",1
"SGL-WQS (unweighted, lambda.min path)",3333,"URX2MH","Aromatic hydrocarbons","Negative",0.0354205733956326
"SGL-WQS (unweighted, lambda.min path)",3333,"URX34M","Aromatic hydrocarbons","Negative",0
"SGL-WQS (unweighted, lambda.min path)",3333,"URXBMA","Aromatic hydrocarbons","Negative",0
"SGL-WQS (unweighted, lambda.min path)",3333,"URXMAD","Aromatic hydrocarbons","Negative",0
"SGL-WQS (unweighted, lambda.min path)",3333,"URXPHG","Aromatic hydrocarbons","Negative",0.964579426604367
"SGL-WQS (unweighted, lambda.min path)",3333,"URXDHB","Dienes/alkenes/epoxides","Negative",0
"SGL-WQS (unweighted, lambda.min path)",3333,"URXMB3","Dienes/alkenes/epoxides","Negative",0.379846624731321
"SGL-WQS (unweighted, lambda.min path)",3333,"URXIPM3","Dienes/alkenes/epoxides","Negative",0.128517741277412
"SGL-WQS (unweighted, lambda.min path)",3333,"URXHP2","Dienes/alkenes/epoxides","Negative",0.491635633991266
"SGL-WQS (unweighted, lambda.min path)",3333,"URXAAM","Nitrile/amide/cyanide-related","Negative",1
"SGL-WQS (unweighted, lambda.min path)",3333,"URXAMC","Nitrile/amide/cyanide-related","Negative",0
"SGL-WQS (unweighted, lambda.min path)",3333,"URXCEM","Nitrile/amide/cyanide-related","Negative",0
"SGL-WQS (unweighted, lambda.min path)",3333,"URXCYM","Nitrile/amide/cyanide-related","Negative",0
"SGL-WQS (unweighted, lambda.min path)",3333,"URXATC","Nitrile/amide/cyanide-related","Negative",0
"SGL-WQS (unweighted, lambda.min path)",3333,"URXHPM","Reactive aldehydes","Negative",1
"SGL-WQS (unweighted, lambda.min path)",3333,"URXPMM","Reactive aldehydes","Negative",0
"SGL-WQS (survey, lambda=0)",3333,"URX2MH","Aromatic hydrocarbons","Positive",0
"SGL-WQS (survey, lambda=0)",3333,"URX34M","Aromatic hydrocarbons","Positive",0
"SGL-WQS (survey, lambda=0)",3333,"URXBMA","Aromatic hydrocarbons","Positive",0
"SGL-WQS (survey, lambda=0)",3333,"URXMAD","Aromatic hydrocarbons","Positive",0
"SGL-WQS (survey, lambda=0)",3333,"URXPHG","Aromatic hydrocarbons","Positive",0
"SGL-WQS (survey, lambda=0)",3333,"URXDHB","Dienes/alkenes/epoxides","Positive",0
"SGL-WQS (survey, lambda=0)",3333,"URXMB3","Dienes/alkenes/epoxides","Positive",0
"SGL-WQS (survey, lambda=0)",3333,"URXIPM3","Dienes/alkenes/epoxides","Positive",0
"SGL-WQS (survey, lambda=0)",3333,"URXHP2","Dienes/alkenes/epoxides","Positive",0
"SGL-WQS (survey, lambda=0)",3333,"URXAAM","Nitrile/amide/cyanide-related","Positive",0
"SGL-WQS (survey, lambda=0)",3333,"URXAMC","Nitrile/amide/cyanide-related","Positive",0
"SGL-WQS (survey, lambda=0)",3333,"URXCEM","Nitrile/amide/cyanide-related","Positive",0
"SGL-WQS (survey, lambda=0)",3333,"URXCYM","Nitrile/amide/cyanide-related","Positive",0
"SGL-WQS (survey, lambda=0)",3333,"URXATC","Nitrile/amide/cyanide-related","Positive",0
"SGL-WQS (survey, lambda=0)",3333,"URXHPM","Reactive aldehydes","Positive",0
"SGL-WQS (survey, lambda=0)",3333,"URXPMM","Reactive aldehydes","Positive",0
"SGL-WQS (survey, lambda=0)",3333,"URX2MH","Aromatic hydrocarbons","Negative",0
"SGL-WQS (survey, lambda=0)",3333,"URX34M","Aromatic hydrocarbons","Negative",0
"SGL-WQS (survey, lambda=0)",3333,"URXBMA","Aromatic hydrocarbons","Negative",0
"SGL-WQS (survey, lambda=0)",3333,"URXMAD","Aromatic hydrocarbons","Negative",0
"SGL-WQS (survey, lambda=0)",3333,"URXPHG","Aromatic hydrocarbons","Negative",0
"SGL-WQS (survey, lambda=0)",3333,"URXDHB","Dienes/alkenes/epoxides","Negative",0
"SGL-WQS (survey, lambda=0)",3333,"URXMB3","Dienes/alkenes/epoxides","Negative",0
"SGL-WQS (survey, lambda=0)",3333,"URXIPM3","Dienes/alkenes/epoxides","Negative",0
"SGL-WQS (survey, lambda=0)",3333,"URXHP2","Dienes/alkenes/epoxides","Negative",0
"SGL-WQS (survey, lambda=0)",3333,"URXAAM","Nitrile/amide/cyanide-related","Negative",0
"SGL-WQS (survey, lambda=0)",3333,"URXAMC","Nitrile/amide/cyanide-related","Negative",0
"SGL-WQS (survey, lambda=0)",3333,"URXCEM","Nitrile/amide/cyanide-related","Negative",0
"SGL-WQS (survey, lambda=0)",3333,"URXCYM","Nitrile/amide/cyanide-related","Negative",0
"SGL-WQS (survey, lambda=0)",3333,"URXATC","Nitrile/amide/cyanide-related","Negative",0
"SGL-WQS (survey, lambda=0)",3333,"URXHPM","Reactive aldehydes","Negative",0
"SGL-WQS (survey, lambda=0)",3333,"URXPMM","Reactive aldehydes","Negative",0
"SGL-WQS (survey, lambda.min path)",3333,"URX2MH","Aromatic hydrocarbons","Positive",0.0362792200777777
"SGL-WQS (survey, lambda.min path)",3333,"URX34M","Aromatic hydrocarbons","Positive",0.395754701694036
"SGL-WQS (survey, lambda.min path)",3333,"URXBMA","Aromatic hydrocarbons","Positive",0.165725216215601
"SGL-WQS (survey, lambda.min path)",3333,"URXMAD","Aromatic hydrocarbons","Positive",0.402240862012585
"SGL-WQS (survey, lambda.min path)",3333,"URXPHG","Aromatic hydrocarbons","Positive",0
"SGL-WQS (survey, lambda.min path)",3333,"URXDHB","Dienes/alkenes/epoxides","Positive",1
"SGL-WQS (survey, lambda.min path)",3333,"URXMB3","Dienes/alkenes/epoxides","Positive",0
"SGL-WQS (survey, lambda.min path)",3333,"URXIPM3","Dienes/alkenes/epoxides","Positive",0
"SGL-WQS (survey, lambda.min path)",3333,"URXHP2","Dienes/alkenes/epoxides","Positive",0
"SGL-WQS (survey, lambda.min path)",3333,"URXAAM","Nitrile/amide/cyanide-related","Positive",0
"SGL-WQS (survey, lambda.min path)",3333,"URXAMC","Nitrile/amide/cyanide-related","Positive",0.0239844336493372
"SGL-WQS (survey, lambda.min path)",3333,"URXCEM","Nitrile/amide/cyanide-related","Positive",0.678743656103552
"SGL-WQS (survey, lambda.min path)",3333,"URXCYM","Nitrile/amide/cyanide-related","Positive",0
"SGL-WQS (survey, lambda.min path)",3333,"URXATC","Nitrile/amide/cyanide-related","Positive",0.297271910247111
"SGL-WQS (survey, lambda.min path)",3333,"URXHPM","Reactive aldehydes","Positive",0
"SGL-WQS (survey, lambda.min path)",3333,"URXPMM","Reactive aldehydes","Positive",1
"SGL-WQS (survey, lambda.min path)",3333,"URX2MH","Aromatic hydrocarbons","Negative",0
"SGL-WQS (survey, lambda.min path)",3333,"URX34M","Aromatic hydrocarbons","Negative",0
"SGL-WQS (survey, lambda.min path)",3333,"URXBMA","Aromatic hydrocarbons","Negative",0
"SGL-WQS (survey, lambda.min path)",3333,"URXMAD","Aromatic hydrocarbons","Negative",0
"SGL-WQS (survey, lambda.min path)",3333,"URXPHG","Aromatic hydrocarbons","Negative",1
"SGL-WQS (survey, lambda.min path)",3333,"URXDHB","Dienes/alkenes/epoxides","Negative",0
"SGL-WQS (survey, lambda.min path)",3333,"URXMB3","Dienes/alkenes/epoxides","Negative",0.476421308897069
"SGL-WQS (survey, lambda.min path)",3333,"URXIPM3","Dienes/alkenes/epoxides","Negative",0.0155136384738397
"SGL-WQS (survey, lambda.min path)",3333,"URXHP2","Dienes/alkenes/epoxides","Negative",0.508065052629091
"SGL-WQS (survey, lambda.min path)",3333,"URXAAM","Nitrile/amide/cyanide-related","Negative",1
"SGL-WQS (survey, lambda.min path)",3333,"URXAMC","Nitrile/amide/cyanide-related","Negative",0
"SGL-WQS (survey, lambda.min path)",3333,"URXCEM","Nitrile/amide/cyanide-related","Negative",0
"SGL-WQS (survey, lambda.min path)",3333,"URXCYM","Nitrile/amide/cyanide-related","Negative",0
"SGL-WQS (survey, lambda.min path)",3333,"URXATC","Nitrile/amide/cyanide-related","Negative",0
"SGL-WQS (survey, lambda.min path)",3333,"URXHPM","Reactive aldehydes","Negative",1
"SGL-WQS (survey, lambda.min path)",3333,"URXPMM","Reactive aldehydes","Negative",0
"gWQS",3500,"URXPMM",NA,"Positive",0.187356032727385
"gWQS",3500,"URXMAD",NA,"Positive",0.185301573604789
"gWQS",3500,"URXCEM",NA,"Positive",0.164692990132509
"gWQS",3500,"URXAMC",NA,"Positive",0.109289391198064
"gWQS",3500,"URXATC",NA,"Positive",0.076643159182325
"gWQS",3500,"URXBMA",NA,"Positive",0.0759429648498797
"gWQS",3500,"URXCYM",NA,"Positive",0.0679547564568296
"gWQS",3500,"URX34M",NA,"Positive",0.0346799784457222
"gWQS",3500,"URXDHB",NA,"Positive",0.0309812548518902
"gWQS",3500,"URXHPM",NA,"Positive",0.0248699386742369
"gWQS",3500,"URXIPM3",NA,"Positive",0.0154343931703507
"gWQS",3500,"URX2MH",NA,"Positive",0.00588689504397257
"gWQS",3500,"URXHP2",NA,"Positive",0.00572473042330939
"gWQS",3500,"URXAAM",NA,"Positive",0.00563388281454724
"gWQS",3500,"URXPHG",NA,"Positive",0.00506975687281312
"gWQS",3500,"URXMB3",NA,"Positive",0.00453830155137685
"gWQS",3500,"URXPMM",NA,"Negative",0.00334179951801767
"gWQS",3500,"URXMAD",NA,"Negative",0.00367898313467439
"gWQS",3500,"URXCEM",NA,"Negative",0.00312437595771182
"gWQS",3500,"URXAMC",NA,"Negative",0.00301532158287514
"gWQS",3500,"URXATC",NA,"Negative",0.00354428319181908
"gWQS",3500,"URXBMA",NA,"Negative",0.00437610291105011
"gWQS",3500,"URXCYM",NA,"Negative",0.00888770533641805
"gWQS",3500,"URX34M",NA,"Negative",0.0234288702013945
"gWQS",3500,"URXDHB",NA,"Negative",0.0266901831380675
"gWQS",3500,"URXHPM",NA,"Negative",0.0401270934700904
"gWQS",3500,"URXIPM3",NA,"Negative",0.0498621773768662
"gWQS",3500,"URX2MH",NA,"Negative",0.0995830791035703
"gWQS",3500,"URXHP2",NA,"Negative",0.134363442771516
"gWQS",3500,"URXAAM",NA,"Negative",0.0763893047345166
"gWQS",3500,"URXPHG",NA,"Negative",0.234600614795193
"gWQS",3500,"URXMB3",NA,"Negative",0.284986662776219
"groupWQS",3500,"URX2MH","Aromatic hydrocarbons","Combined",0.103061082872954
"groupWQS",3500,"URX34M","Aromatic hydrocarbons","Combined",0.140320643154727
"groupWQS",3500,"URXBMA","Aromatic hydrocarbons","Combined",0.229132101772685
"groupWQS",3500,"URXMAD","Aromatic hydrocarbons","Combined",0.136089929097836
"groupWQS",3500,"URXPHG","Aromatic hydrocarbons","Combined",0.39139624310179
"groupWQS",3500,"URXDHB","Dienes/alkenes/epoxides","Combined",0.242467008488863
"groupWQS",3500,"URXMB3","Dienes/alkenes/epoxides","Combined",0.243044504500593
"groupWQS",3500,"URXIPM3","Dienes/alkenes/epoxides","Combined",0.120937626350625
"groupWQS",3500,"URXHP2","Dienes/alkenes/epoxides","Combined",0.393550860659935
"groupWQS",3500,"URXAAM","Nitrile/amide/cyanide-related","Combined",0.0343758657095743
"groupWQS",3500,"URXAMC","Nitrile/amide/cyanide-related","Combined",0.167639118201889
"groupWQS",3500,"URXCEM","Nitrile/amide/cyanide-related","Combined",0.412040568486735
"groupWQS",3500,"URXCYM","Nitrile/amide/cyanide-related","Combined",0.167558383811543
"groupWQS",3500,"URXATC","Nitrile/amide/cyanide-related","Combined",0.21838606379024
"groupWQS",3500,"URXHPM","Reactive aldehydes","Combined",0.801511932908144
"groupWQS",3500,"URXPMM","Reactive aldehydes","Combined",0.198488067091857
"SGL-WQS (unweighted, lambda=0)",3500,"URX2MH","Aromatic hydrocarbons","Positive",0
"SGL-WQS (unweighted, lambda=0)",3500,"URX34M","Aromatic hydrocarbons","Positive",0.0622608490944023
"SGL-WQS (unweighted, lambda=0)",3500,"URXBMA","Aromatic hydrocarbons","Positive",0.39841536580077
"SGL-WQS (unweighted, lambda=0)",3500,"URXMAD","Aromatic hydrocarbons","Positive",0.539323785104828
"SGL-WQS (unweighted, lambda=0)",3500,"URXPHG","Aromatic hydrocarbons","Positive",0
"SGL-WQS (unweighted, lambda=0)",3500,"URXDHB","Dienes/alkenes/epoxides","Positive",1
"SGL-WQS (unweighted, lambda=0)",3500,"URXMB3","Dienes/alkenes/epoxides","Positive",0
"SGL-WQS (unweighted, lambda=0)",3500,"URXIPM3","Dienes/alkenes/epoxides","Positive",0
"SGL-WQS (unweighted, lambda=0)",3500,"URXHP2","Dienes/alkenes/epoxides","Positive",0
"SGL-WQS (unweighted, lambda=0)",3500,"URXAAM","Nitrile/amide/cyanide-related","Positive",0
"SGL-WQS (unweighted, lambda=0)",3500,"URXAMC","Nitrile/amide/cyanide-related","Positive",0.223037130516231
"SGL-WQS (unweighted, lambda=0)",3500,"URXCEM","Nitrile/amide/cyanide-related","Positive",0.414578524444486
"SGL-WQS (unweighted, lambda=0)",3500,"URXCYM","Nitrile/amide/cyanide-related","Positive",0.184841079380263
"SGL-WQS (unweighted, lambda=0)",3500,"URXATC","Nitrile/amide/cyanide-related","Positive",0.17754326565902
"SGL-WQS (unweighted, lambda=0)",3500,"URXHPM","Reactive aldehydes","Positive",0
"SGL-WQS (unweighted, lambda=0)",3500,"URXPMM","Reactive aldehydes","Positive",1
"SGL-WQS (unweighted, lambda=0)",3500,"URX2MH","Aromatic hydrocarbons","Negative",0.0361821135555519
"SGL-WQS (unweighted, lambda=0)",3500,"URX34M","Aromatic hydrocarbons","Negative",0
"SGL-WQS (unweighted, lambda=0)",3500,"URXBMA","Aromatic hydrocarbons","Negative",0
"SGL-WQS (unweighted, lambda=0)",3500,"URXMAD","Aromatic hydrocarbons","Negative",0
"SGL-WQS (unweighted, lambda=0)",3500,"URXPHG","Aromatic hydrocarbons","Negative",0.963817886444448
"SGL-WQS (unweighted, lambda=0)",3500,"URXDHB","Dienes/alkenes/epoxides","Negative",0
"SGL-WQS (unweighted, lambda=0)",3500,"URXMB3","Dienes/alkenes/epoxides","Negative",0.408805544906797
"SGL-WQS (unweighted, lambda=0)",3500,"URXIPM3","Dienes/alkenes/epoxides","Negative",0.150656460415138
"SGL-WQS (unweighted, lambda=0)",3500,"URXHP2","Dienes/alkenes/epoxides","Negative",0.440537994678065
"SGL-WQS (unweighted, lambda=0)",3500,"URXAAM","Nitrile/amide/cyanide-related","Negative",1
"SGL-WQS (unweighted, lambda=0)",3500,"URXAMC","Nitrile/amide/cyanide-related","Negative",0
"SGL-WQS (unweighted, lambda=0)",3500,"URXCEM","Nitrile/amide/cyanide-related","Negative",0
"SGL-WQS (unweighted, lambda=0)",3500,"URXCYM","Nitrile/amide/cyanide-related","Negative",0
"SGL-WQS (unweighted, lambda=0)",3500,"URXATC","Nitrile/amide/cyanide-related","Negative",0
"SGL-WQS (unweighted, lambda=0)",3500,"URXHPM","Reactive aldehydes","Negative",1
"SGL-WQS (unweighted, lambda=0)",3500,"URXPMM","Reactive aldehydes","Negative",0
"SGL-WQS (unweighted, lambda.min path)",3500,"URX2MH","Aromatic hydrocarbons","Positive",0
"SGL-WQS (unweighted, lambda.min path)",3500,"URX34M","Aromatic hydrocarbons","Positive",0.0163234921872796
"SGL-WQS (unweighted, lambda.min path)",3500,"URXBMA","Aromatic hydrocarbons","Positive",0.505540882129603
"SGL-WQS (unweighted, lambda.min path)",3500,"URXMAD","Aromatic hydrocarbons","Positive",0.478135625683117
"SGL-WQS (unweighted, lambda.min path)",3500,"URXPHG","Aromatic hydrocarbons","Positive",0
"SGL-WQS (unweighted, lambda.min path)",3500,"URXDHB","Dienes/alkenes/epoxides","Positive",1
"SGL-WQS (unweighted, lambda.min path)",3500,"URXMB3","Dienes/alkenes/epoxides","Positive",0
"SGL-WQS (unweighted, lambda.min path)",3500,"URXIPM3","Dienes/alkenes/epoxides","Positive",0
"SGL-WQS (unweighted, lambda.min path)",3500,"URXHP2","Dienes/alkenes/epoxides","Positive",0
"SGL-WQS (unweighted, lambda.min path)",3500,"URXAAM","Nitrile/amide/cyanide-related","Positive",0
"SGL-WQS (unweighted, lambda.min path)",3500,"URXAMC","Nitrile/amide/cyanide-related","Positive",0.234795298411753
"SGL-WQS (unweighted, lambda.min path)",3500,"URXCEM","Nitrile/amide/cyanide-related","Positive",0.415602290913098
"SGL-WQS (unweighted, lambda.min path)",3500,"URXCYM","Nitrile/amide/cyanide-related","Positive",0.160366320308676
"SGL-WQS (unweighted, lambda.min path)",3500,"URXATC","Nitrile/amide/cyanide-related","Positive",0.189236090366473
"SGL-WQS (unweighted, lambda.min path)",3500,"URXHPM","Reactive aldehydes","Positive",0
"SGL-WQS (unweighted, lambda.min path)",3500,"URXPMM","Reactive aldehydes","Positive",1
"SGL-WQS (unweighted, lambda.min path)",3500,"URX2MH","Aromatic hydrocarbons","Negative",0.0227301450148146
"SGL-WQS (unweighted, lambda.min path)",3500,"URX34M","Aromatic hydrocarbons","Negative",0
"SGL-WQS (unweighted, lambda.min path)",3500,"URXBMA","Aromatic hydrocarbons","Negative",0
"SGL-WQS (unweighted, lambda.min path)",3500,"URXMAD","Aromatic hydrocarbons","Negative",0
"SGL-WQS (unweighted, lambda.min path)",3500,"URXPHG","Aromatic hydrocarbons","Negative",0.977269854985185
"SGL-WQS (unweighted, lambda.min path)",3500,"URXDHB","Dienes/alkenes/epoxides","Negative",0
"SGL-WQS (unweighted, lambda.min path)",3500,"URXMB3","Dienes/alkenes/epoxides","Negative",0.376577986384771
"SGL-WQS (unweighted, lambda.min path)",3500,"URXIPM3","Dienes/alkenes/epoxides","Negative",0.121284908890987
"SGL-WQS (unweighted, lambda.min path)",3500,"URXHP2","Dienes/alkenes/epoxides","Negative",0.502137104724241
"SGL-WQS (unweighted, lambda.min path)",3500,"URXAAM","Nitrile/amide/cyanide-related","Negative",1
"SGL-WQS (unweighted, lambda.min path)",3500,"URXAMC","Nitrile/amide/cyanide-related","Negative",0
"SGL-WQS (unweighted, lambda.min path)",3500,"URXCEM","Nitrile/amide/cyanide-related","Negative",0
"SGL-WQS (unweighted, lambda.min path)",3500,"URXCYM","Nitrile/amide/cyanide-related","Negative",0
"SGL-WQS (unweighted, lambda.min path)",3500,"URXATC","Nitrile/amide/cyanide-related","Negative",0
"SGL-WQS (unweighted, lambda.min path)",3500,"URXHPM","Reactive aldehydes","Negative",1
"SGL-WQS (unweighted, lambda.min path)",3500,"URXPMM","Reactive aldehydes","Negative",0
"SGL-WQS (survey, lambda=0)",3500,"URX2MH","Aromatic hydrocarbons","Positive",0
"SGL-WQS (survey, lambda=0)",3500,"URX34M","Aromatic hydrocarbons","Positive",0
"SGL-WQS (survey, lambda=0)",3500,"URXBMA","Aromatic hydrocarbons","Positive",0
"SGL-WQS (survey, lambda=0)",3500,"URXMAD","Aromatic hydrocarbons","Positive",0
"SGL-WQS (survey, lambda=0)",3500,"URXPHG","Aromatic hydrocarbons","Positive",0
"SGL-WQS (survey, lambda=0)",3500,"URXDHB","Dienes/alkenes/epoxides","Positive",0
"SGL-WQS (survey, lambda=0)",3500,"URXMB3","Dienes/alkenes/epoxides","Positive",0
"SGL-WQS (survey, lambda=0)",3500,"URXIPM3","Dienes/alkenes/epoxides","Positive",0
"SGL-WQS (survey, lambda=0)",3500,"URXHP2","Dienes/alkenes/epoxides","Positive",0
"SGL-WQS (survey, lambda=0)",3500,"URXAAM","Nitrile/amide/cyanide-related","Positive",0
"SGL-WQS (survey, lambda=0)",3500,"URXAMC","Nitrile/amide/cyanide-related","Positive",0
"SGL-WQS (survey, lambda=0)",3500,"URXCEM","Nitrile/amide/cyanide-related","Positive",0
"SGL-WQS (survey, lambda=0)",3500,"URXCYM","Nitrile/amide/cyanide-related","Positive",0
"SGL-WQS (survey, lambda=0)",3500,"URXATC","Nitrile/amide/cyanide-related","Positive",0
"SGL-WQS (survey, lambda=0)",3500,"URXHPM","Reactive aldehydes","Positive",0
"SGL-WQS (survey, lambda=0)",3500,"URXPMM","Reactive aldehydes","Positive",0
"SGL-WQS (survey, lambda=0)",3500,"URX2MH","Aromatic hydrocarbons","Negative",0
"SGL-WQS (survey, lambda=0)",3500,"URX34M","Aromatic hydrocarbons","Negative",0
"SGL-WQS (survey, lambda=0)",3500,"URXBMA","Aromatic hydrocarbons","Negative",0
"SGL-WQS (survey, lambda=0)",3500,"URXMAD","Aromatic hydrocarbons","Negative",0
"SGL-WQS (survey, lambda=0)",3500,"URXPHG","Aromatic hydrocarbons","Negative",0
"SGL-WQS (survey, lambda=0)",3500,"URXDHB","Dienes/alkenes/epoxides","Negative",0
"SGL-WQS (survey, lambda=0)",3500,"URXMB3","Dienes/alkenes/epoxides","Negative",0
"SGL-WQS (survey, lambda=0)",3500,"URXIPM3","Dienes/alkenes/epoxides","Negative",0
"SGL-WQS (survey, lambda=0)",3500,"URXHP2","Dienes/alkenes/epoxides","Negative",0
"SGL-WQS (survey, lambda=0)",3500,"URXAAM","Nitrile/amide/cyanide-related","Negative",0
"SGL-WQS (survey, lambda=0)",3500,"URXAMC","Nitrile/amide/cyanide-related","Negative",0
"SGL-WQS (survey, lambda=0)",3500,"URXCEM","Nitrile/amide/cyanide-related","Negative",0
"SGL-WQS (survey, lambda=0)",3500,"URXCYM","Nitrile/amide/cyanide-related","Negative",0
"SGL-WQS (survey, lambda=0)",3500,"URXATC","Nitrile/amide/cyanide-related","Negative",0
"SGL-WQS (survey, lambda=0)",3500,"URXHPM","Reactive aldehydes","Negative",0
"SGL-WQS (survey, lambda=0)",3500,"URXPMM","Reactive aldehydes","Negative",0
"SGL-WQS (survey, lambda.min path)",3500,"URX2MH","Aromatic hydrocarbons","Positive",0.0764715208472078
"SGL-WQS (survey, lambda.min path)",3500,"URX34M","Aromatic hydrocarbons","Positive",0.375248510169224
"SGL-WQS (survey, lambda.min path)",3500,"URXBMA","Aromatic hydrocarbons","Positive",0.184852496389266
"SGL-WQS (survey, lambda.min path)",3500,"URXMAD","Aromatic hydrocarbons","Positive",0.363427472594303
"SGL-WQS (survey, lambda.min path)",3500,"URXPHG","Aromatic hydrocarbons","Positive",0
"SGL-WQS (survey, lambda.min path)",3500,"URXDHB","Dienes/alkenes/epoxides","Positive",1
"SGL-WQS (survey, lambda.min path)",3500,"URXMB3","Dienes/alkenes/epoxides","Positive",0
"SGL-WQS (survey, lambda.min path)",3500,"URXIPM3","Dienes/alkenes/epoxides","Positive",0
"SGL-WQS (survey, lambda.min path)",3500,"URXHP2","Dienes/alkenes/epoxides","Positive",0
"SGL-WQS (survey, lambda.min path)",3500,"URXAAM","Nitrile/amide/cyanide-related","Positive",0
"SGL-WQS (survey, lambda.min path)",3500,"URXAMC","Nitrile/amide/cyanide-related","Positive",0.0234844120769693
"SGL-WQS (survey, lambda.min path)",3500,"URXCEM","Nitrile/amide/cyanide-related","Positive",0.675332636586095
"SGL-WQS (survey, lambda.min path)",3500,"URXCYM","Nitrile/amide/cyanide-related","Positive",0
"SGL-WQS (survey, lambda.min path)",3500,"URXATC","Nitrile/amide/cyanide-related","Positive",0.301182951336935
"SGL-WQS (survey, lambda.min path)",3500,"URXHPM","Reactive aldehydes","Positive",0
"SGL-WQS (survey, lambda.min path)",3500,"URXPMM","Reactive aldehydes","Positive",1
"SGL-WQS (survey, lambda.min path)",3500,"URX2MH","Aromatic hydrocarbons","Negative",0
"SGL-WQS (survey, lambda.min path)",3500,"URX34M","Aromatic hydrocarbons","Negative",0
"SGL-WQS (survey, lambda.min path)",3500,"URXBMA","Aromatic hydrocarbons","Negative",0
"SGL-WQS (survey, lambda.min path)",3500,"URXMAD","Aromatic hydrocarbons","Negative",0
"SGL-WQS (survey, lambda.min path)",3500,"URXPHG","Aromatic hydrocarbons","Negative",1
"SGL-WQS (survey, lambda.min path)",3500,"URXDHB","Dienes/alkenes/epoxides","Negative",0
"SGL-WQS (survey, lambda.min path)",3500,"URXMB3","Dienes/alkenes/epoxides","Negative",0.453305084870849
"SGL-WQS (survey, lambda.min path)",3500,"URXIPM3","Dienes/alkenes/epoxides","Negative",0.00214182285717196
"SGL-WQS (survey, lambda.min path)",3500,"URXHP2","Dienes/alkenes/epoxides","Negative",0.544553092271979
"SGL-WQS (survey, lambda.min path)",3500,"URXAAM","Nitrile/amide/cyanide-related","Negative",0.95906677650232
"SGL-WQS (survey, lambda.min path)",3500,"URXAMC","Nitrile/amide/cyanide-related","Negative",0
"SGL-WQS (survey, lambda.min path)",3500,"URXCEM","Nitrile/amide/cyanide-related","Negative",0
"SGL-WQS (survey, lambda.min path)",3500,"URXCYM","Nitrile/amide/cyanide-related","Negative",0.0409332234976801
"SGL-WQS (survey, lambda.min path)",3500,"URXATC","Nitrile/amide/cyanide-related","Negative",0
"SGL-WQS (survey, lambda.min path)",3500,"URXHPM","Reactive aldehydes","Negative",1
"SGL-WQS (survey, lambda.min path)",3500,"URXPMM","Reactive aldehydes","Negative",0
"gWQS",3777,"URXDHB",NA,"Positive",0.182531265585876
"gWQS",3777,"URXCEM",NA,"Positive",0.162835519751703
"gWQS",3777,"URXPMM",NA,"Positive",0.149037561293437
"gWQS",3777,"URXATC",NA,"Positive",0.123800507111475
"gWQS",3777,"URXBMA",NA,"Positive",0.101491086554034
"gWQS",3777,"URXCYM",NA,"Positive",0.0948238209021819
"gWQS",3777,"URXAMC",NA,"Positive",0.0702288097005906
"gWQS",3777,"URXMAD",NA,"Positive",0.0330656759737711
"gWQS",3777,"URX2MH",NA,"Positive",0.0238310476713485
"gWQS",3777,"URX34M",NA,"Positive",0.0201516443555858
"gWQS",3777,"URXIPM3",NA,"Positive",0.0191855656945332
"gWQS",3777,"URXHPM",NA,"Positive",0.00472154596295379
"gWQS",3777,"URXPHG",NA,"Positive",0.00420522493977817
"gWQS",3777,"URXAAM",NA,"Positive",0.00377270536653366
"gWQS",3777,"URXHP2",NA,"Positive",0.00333336319536836
"gWQS",3777,"URXMB3",NA,"Positive",0.00298465594082996
"gWQS",3777,"URXDHB",NA,"Negative",0.0046327223689479
"gWQS",3777,"URXCEM",NA,"Negative",0.00418162956089652
"gWQS",3777,"URXPMM",NA,"Negative",0.00832719445659664
"gWQS",3777,"URXATC",NA,"Negative",0.00481864294746774
"gWQS",3777,"URXBMA",NA,"Negative",0.00582561222925798
"gWQS",3777,"URXCYM",NA,"Negative",0.00420730283501989
"gWQS",3777,"URXAMC",NA,"Negative",0.00797813500220864
"gWQS",3777,"URXMAD",NA,"Negative",0.0356735730758146
"gWQS",3777,"URX2MH",NA,"Negative",0.0305479515930195
"gWQS",3777,"URX34M",NA,"Negative",0.0459839595376589
"gWQS",3777,"URXIPM3",NA,"Negative",0.0459965699746541
"gWQS",3777,"URXHPM",NA,"Negative",0.125871420549581
"gWQS",3777,"URXPHG",NA,"Negative",0.181834271479726
"gWQS",3777,"URXAAM",NA,"Negative",0.180107508647571
"gWQS",3777,"URXHP2",NA,"Negative",0.125755362456289
"gWQS",3777,"URXMB3",NA,"Negative",0.188258143285291
"groupWQS",3777,"URX2MH","Aromatic hydrocarbons","Combined",0.0986771605107939
"groupWQS",3777,"URX34M","Aromatic hydrocarbons","Combined",0.0541930642583115
"groupWQS",3777,"URXBMA","Aromatic hydrocarbons","Combined",0.0898848287650673
"groupWQS",3777,"URXMAD","Aromatic hydrocarbons","Combined",0.0528254650282159
"groupWQS",3777,"URXPHG","Aromatic hydrocarbons","Combined",0.704419481437609
"groupWQS",3777,"URXDHB","Dienes/alkenes/epoxides","Combined",0.0768114815577426
"groupWQS",3777,"URXMB3","Dienes/alkenes/epoxides","Combined",0.232994507530903
"groupWQS",3777,"URXIPM3","Dienes/alkenes/epoxides","Combined",0.144329722010463
"groupWQS",3777,"URXHP2","Dienes/alkenes/epoxides","Combined",0.545864288902238
"groupWQS",3777,"URXAAM","Nitrile/amide/cyanide-related","Combined",0.0232629931723983
"groupWQS",3777,"URXAMC","Nitrile/amide/cyanide-related","Combined",0.252925168058348
"groupWQS",3777,"URXCEM","Nitrile/amide/cyanide-related","Combined",0.430505180585692
"groupWQS",3777,"URXCYM","Nitrile/amide/cyanide-related","Combined",0.166048485349658
"groupWQS",3777,"URXATC","Nitrile/amide/cyanide-related","Combined",0.127258172834397
"groupWQS",3777,"URXHPM","Reactive aldehydes","Combined",0.259632571615368
"groupWQS",3777,"URXPMM","Reactive aldehydes","Combined",0.740367428383885
"SGL-WQS (unweighted, lambda=0)",3777,"URX2MH","Aromatic hydrocarbons","Positive",0
"SGL-WQS (unweighted, lambda=0)",3777,"URX34M","Aromatic hydrocarbons","Positive",0.0622608490944023
"SGL-WQS (unweighted, lambda=0)",3777,"URXBMA","Aromatic hydrocarbons","Positive",0.39841536580077
"SGL-WQS (unweighted, lambda=0)",3777,"URXMAD","Aromatic hydrocarbons","Positive",0.539323785104828
"SGL-WQS (unweighted, lambda=0)",3777,"URXPHG","Aromatic hydrocarbons","Positive",0
"SGL-WQS (unweighted, lambda=0)",3777,"URXDHB","Dienes/alkenes/epoxides","Positive",1
"SGL-WQS (unweighted, lambda=0)",3777,"URXMB3","Dienes/alkenes/epoxides","Positive",0
"SGL-WQS (unweighted, lambda=0)",3777,"URXIPM3","Dienes/alkenes/epoxides","Positive",0
"SGL-WQS (unweighted, lambda=0)",3777,"URXHP2","Dienes/alkenes/epoxides","Positive",0
"SGL-WQS (unweighted, lambda=0)",3777,"URXAAM","Nitrile/amide/cyanide-related","Positive",0
"SGL-WQS (unweighted, lambda=0)",3777,"URXAMC","Nitrile/amide/cyanide-related","Positive",0.223037130516231
"SGL-WQS (unweighted, lambda=0)",3777,"URXCEM","Nitrile/amide/cyanide-related","Positive",0.414578524444486
"SGL-WQS (unweighted, lambda=0)",3777,"URXCYM","Nitrile/amide/cyanide-related","Positive",0.184841079380263
"SGL-WQS (unweighted, lambda=0)",3777,"URXATC","Nitrile/amide/cyanide-related","Positive",0.17754326565902
"SGL-WQS (unweighted, lambda=0)",3777,"URXHPM","Reactive aldehydes","Positive",0
"SGL-WQS (unweighted, lambda=0)",3777,"URXPMM","Reactive aldehydes","Positive",1
"SGL-WQS (unweighted, lambda=0)",3777,"URX2MH","Aromatic hydrocarbons","Negative",0.0361821135555519
"SGL-WQS (unweighted, lambda=0)",3777,"URX34M","Aromatic hydrocarbons","Negative",0
"SGL-WQS (unweighted, lambda=0)",3777,"URXBMA","Aromatic hydrocarbons","Negative",0
"SGL-WQS (unweighted, lambda=0)",3777,"URXMAD","Aromatic hydrocarbons","Negative",0
"SGL-WQS (unweighted, lambda=0)",3777,"URXPHG","Aromatic hydrocarbons","Negative",0.963817886444448
"SGL-WQS (unweighted, lambda=0)",3777,"URXDHB","Dienes/alkenes/epoxides","Negative",0
"SGL-WQS (unweighted, lambda=0)",3777,"URXMB3","Dienes/alkenes/epoxides","Negative",0.408805544906797
"SGL-WQS (unweighted, lambda=0)",3777,"URXIPM3","Dienes/alkenes/epoxides","Negative",0.150656460415138
"SGL-WQS (unweighted, lambda=0)",3777,"URXHP2","Dienes/alkenes/epoxides","Negative",0.440537994678065
"SGL-WQS (unweighted, lambda=0)",3777,"URXAAM","Nitrile/amide/cyanide-related","Negative",1
"SGL-WQS (unweighted, lambda=0)",3777,"URXAMC","Nitrile/amide/cyanide-related","Negative",0
"SGL-WQS (unweighted, lambda=0)",3777,"URXCEM","Nitrile/amide/cyanide-related","Negative",0
"SGL-WQS (unweighted, lambda=0)",3777,"URXCYM","Nitrile/amide/cyanide-related","Negative",0
"SGL-WQS (unweighted, lambda=0)",3777,"URXATC","Nitrile/amide/cyanide-related","Negative",0
"SGL-WQS (unweighted, lambda=0)",3777,"URXHPM","Reactive aldehydes","Negative",1
"SGL-WQS (unweighted, lambda=0)",3777,"URXPMM","Reactive aldehydes","Negative",0
"SGL-WQS (unweighted, lambda.min path)",3777,"URX2MH","Aromatic hydrocarbons","Positive",0
"SGL-WQS (unweighted, lambda.min path)",3777,"URX34M","Aromatic hydrocarbons","Positive",0.0238559203874402
"SGL-WQS (unweighted, lambda.min path)",3777,"URXBMA","Aromatic hydrocarbons","Positive",0.462688945974074
"SGL-WQS (unweighted, lambda.min path)",3777,"URXMAD","Aromatic hydrocarbons","Positive",0.513455133638486
"SGL-WQS (unweighted, lambda.min path)",3777,"URXPHG","Aromatic hydrocarbons","Positive",0
"SGL-WQS (unweighted, lambda.min path)",3777,"URXDHB","Dienes/alkenes/epoxides","Positive",1
"SGL-WQS (unweighted, lambda.min path)",3777,"URXMB3","Dienes/alkenes/epoxides","Positive",0
"SGL-WQS (unweighted, lambda.min path)",3777,"URXIPM3","Dienes/alkenes/epoxides","Positive",0
"SGL-WQS (unweighted, lambda.min path)",3777,"URXHP2","Dienes/alkenes/epoxides","Positive",0
"SGL-WQS (unweighted, lambda.min path)",3777,"URXAAM","Nitrile/amide/cyanide-related","Positive",0
"SGL-WQS (unweighted, lambda.min path)",3777,"URXAMC","Nitrile/amide/cyanide-related","Positive",0.232337102386951
"SGL-WQS (unweighted, lambda.min path)",3777,"URXCEM","Nitrile/amide/cyanide-related","Positive",0.420313035629151
"SGL-WQS (unweighted, lambda.min path)",3777,"URXCYM","Nitrile/amide/cyanide-related","Positive",0.159839209898867
"SGL-WQS (unweighted, lambda.min path)",3777,"URXATC","Nitrile/amide/cyanide-related","Positive",0.187510652085031
"SGL-WQS (unweighted, lambda.min path)",3777,"URXHPM","Reactive aldehydes","Positive",0
"SGL-WQS (unweighted, lambda.min path)",3777,"URXPMM","Reactive aldehydes","Positive",1
"SGL-WQS (unweighted, lambda.min path)",3777,"URX2MH","Aromatic hydrocarbons","Negative",0.0363688878545239
"SGL-WQS (unweighted, lambda.min path)",3777,"URX34M","Aromatic hydrocarbons","Negative",0
"SGL-WQS (unweighted, lambda.min path)",3777,"URXBMA","Aromatic hydrocarbons","Negative",0
"SGL-WQS (unweighted, lambda.min path)",3777,"URXMAD","Aromatic hydrocarbons","Negative",0
"SGL-WQS (unweighted, lambda.min path)",3777,"URXPHG","Aromatic hydrocarbons","Negative",0.963631112145476
"SGL-WQS (unweighted, lambda.min path)",3777,"URXDHB","Dienes/alkenes/epoxides","Negative",0
"SGL-WQS (unweighted, lambda.min path)",3777,"URXMB3","Dienes/alkenes/epoxides","Negative",0.381503164355414
"SGL-WQS (unweighted, lambda.min path)",3777,"URXIPM3","Dienes/alkenes/epoxides","Negative",0.130239632002603
"SGL-WQS (unweighted, lambda.min path)",3777,"URXHP2","Dienes/alkenes/epoxides","Negative",0.488257203641983
"SGL-WQS (unweighted, lambda.min path)",3777,"URXAAM","Nitrile/amide/cyanide-related","Negative",1
"SGL-WQS (unweighted, lambda.min path)",3777,"URXAMC","Nitrile/amide/cyanide-related","Negative",0
"SGL-WQS (unweighted, lambda.min path)",3777,"URXCEM","Nitrile/amide/cyanide-related","Negative",0
"SGL-WQS (unweighted, lambda.min path)",3777,"URXCYM","Nitrile/amide/cyanide-related","Negative",0
"SGL-WQS (unweighted, lambda.min path)",3777,"URXATC","Nitrile/amide/cyanide-related","Negative",0
"SGL-WQS (unweighted, lambda.min path)",3777,"URXHPM","Reactive aldehydes","Negative",1
"SGL-WQS (unweighted, lambda.min path)",3777,"URXPMM","Reactive aldehydes","Negative",0
"SGL-WQS (survey, lambda=0)",3777,"URX2MH","Aromatic hydrocarbons","Positive",0
"SGL-WQS (survey, lambda=0)",3777,"URX34M","Aromatic hydrocarbons","Positive",0
"SGL-WQS (survey, lambda=0)",3777,"URXBMA","Aromatic hydrocarbons","Positive",0
"SGL-WQS (survey, lambda=0)",3777,"URXMAD","Aromatic hydrocarbons","Positive",0
"SGL-WQS (survey, lambda=0)",3777,"URXPHG","Aromatic hydrocarbons","Positive",0
"SGL-WQS (survey, lambda=0)",3777,"URXDHB","Dienes/alkenes/epoxides","Positive",0
"SGL-WQS (survey, lambda=0)",3777,"URXMB3","Dienes/alkenes/epoxides","Positive",0
"SGL-WQS (survey, lambda=0)",3777,"URXIPM3","Dienes/alkenes/epoxides","Positive",0
"SGL-WQS (survey, lambda=0)",3777,"URXHP2","Dienes/alkenes/epoxides","Positive",0
"SGL-WQS (survey, lambda=0)",3777,"URXAAM","Nitrile/amide/cyanide-related","Positive",0
"SGL-WQS (survey, lambda=0)",3777,"URXAMC","Nitrile/amide/cyanide-related","Positive",0
"SGL-WQS (survey, lambda=0)",3777,"URXCEM","Nitrile/amide/cyanide-related","Positive",0
"SGL-WQS (survey, lambda=0)",3777,"URXCYM","Nitrile/amide/cyanide-related","Positive",0
"SGL-WQS (survey, lambda=0)",3777,"URXATC","Nitrile/amide/cyanide-related","Positive",0
"SGL-WQS (survey, lambda=0)",3777,"URXHPM","Reactive aldehydes","Positive",0
"SGL-WQS (survey, lambda=0)",3777,"URXPMM","Reactive aldehydes","Positive",0
"SGL-WQS (survey, lambda=0)",3777,"URX2MH","Aromatic hydrocarbons","Negative",0
"SGL-WQS (survey, lambda=0)",3777,"URX34M","Aromatic hydrocarbons","Negative",0
"SGL-WQS (survey, lambda=0)",3777,"URXBMA","Aromatic hydrocarbons","Negative",0
"SGL-WQS (survey, lambda=0)",3777,"URXMAD","Aromatic hydrocarbons","Negative",0
"SGL-WQS (survey, lambda=0)",3777,"URXPHG","Aromatic hydrocarbons","Negative",0
"SGL-WQS (survey, lambda=0)",3777,"URXDHB","Dienes/alkenes/epoxides","Negative",0
"SGL-WQS (survey, lambda=0)",3777,"URXMB3","Dienes/alkenes/epoxides","Negative",0
"SGL-WQS (survey, lambda=0)",3777,"URXIPM3","Dienes/alkenes/epoxides","Negative",0
"SGL-WQS (survey, lambda=0)",3777,"URXHP2","Dienes/alkenes/epoxides","Negative",0
"SGL-WQS (survey, lambda=0)",3777,"URXAAM","Nitrile/amide/cyanide-related","Negative",0
"SGL-WQS (survey, lambda=0)",3777,"URXAMC","Nitrile/amide/cyanide-related","Negative",0
"SGL-WQS (survey, lambda=0)",3777,"URXCEM","Nitrile/amide/cyanide-related","Negative",0
"SGL-WQS (survey, lambda=0)",3777,"URXCYM","Nitrile/amide/cyanide-related","Negative",0
"SGL-WQS (survey, lambda=0)",3777,"URXATC","Nitrile/amide/cyanide-related","Negative",0
"SGL-WQS (survey, lambda=0)",3777,"URXHPM","Reactive aldehydes","Negative",0
"SGL-WQS (survey, lambda=0)",3777,"URXPMM","Reactive aldehydes","Negative",0
"SGL-WQS (survey, lambda.min path)",3777,"URX2MH","Aromatic hydrocarbons","Positive",0.0764715208472078
"SGL-WQS (survey, lambda.min path)",3777,"URX34M","Aromatic hydrocarbons","Positive",0.375248510169224
"SGL-WQS (survey, lambda.min path)",3777,"URXBMA","Aromatic hydrocarbons","Positive",0.184852496389266
"SGL-WQS (survey, lambda.min path)",3777,"URXMAD","Aromatic hydrocarbons","Positive",0.363427472594303
"SGL-WQS (survey, lambda.min path)",3777,"URXPHG","Aromatic hydrocarbons","Positive",0
"SGL-WQS (survey, lambda.min path)",3777,"URXDHB","Dienes/alkenes/epoxides","Positive",1
"SGL-WQS (survey, lambda.min path)",3777,"URXMB3","Dienes/alkenes/epoxides","Positive",0
"SGL-WQS (survey, lambda.min path)",3777,"URXIPM3","Dienes/alkenes/epoxides","Positive",0
"SGL-WQS (survey, lambda.min path)",3777,"URXHP2","Dienes/alkenes/epoxides","Positive",0
"SGL-WQS (survey, lambda.min path)",3777,"URXAAM","Nitrile/amide/cyanide-related","Positive",0
"SGL-WQS (survey, lambda.min path)",3777,"URXAMC","Nitrile/amide/cyanide-related","Positive",0.0234844120769693
"SGL-WQS (survey, lambda.min path)",3777,"URXCEM","Nitrile/amide/cyanide-related","Positive",0.675332636586095
"SGL-WQS (survey, lambda.min path)",3777,"URXCYM","Nitrile/amide/cyanide-related","Positive",0
"SGL-WQS (survey, lambda.min path)",3777,"URXATC","Nitrile/amide/cyanide-related","Positive",0.301182951336935
"SGL-WQS (survey, lambda.min path)",3777,"URXHPM","Reactive aldehydes","Positive",0
"SGL-WQS (survey, lambda.min path)",3777,"URXPMM","Reactive aldehydes","Positive",1
"SGL-WQS (survey, lambda.min path)",3777,"URX2MH","Aromatic hydrocarbons","Negative",0
"SGL-WQS (survey, lambda.min path)",3777,"URX34M","Aromatic hydrocarbons","Negative",0
"SGL-WQS (survey, lambda.min path)",3777,"URXBMA","Aromatic hydrocarbons","Negative",0
"SGL-WQS (survey, lambda.min path)",3777,"URXMAD","Aromatic hydrocarbons","Negative",0
"SGL-WQS (survey, lambda.min path)",3777,"URXPHG","Aromatic hydrocarbons","Negative",1
"SGL-WQS (survey, lambda.min path)",3777,"URXDHB","Dienes/alkenes/epoxides","Negative",0
"SGL-WQS (survey, lambda.min path)",3777,"URXMB3","Dienes/alkenes/epoxides","Negative",0.453305084870849
"SGL-WQS (survey, lambda.min path)",3777,"URXIPM3","Dienes/alkenes/epoxides","Negative",0.00214182285717196
"SGL-WQS (survey, lambda.min path)",3777,"URXHP2","Dienes/alkenes/epoxides","Negative",0.544553092271979
"SGL-WQS (survey, lambda.min path)",3777,"URXAAM","Nitrile/amide/cyanide-related","Negative",0.95906677650232
"SGL-WQS (survey, lambda.min path)",3777,"URXAMC","Nitrile/amide/cyanide-related","Negative",0
"SGL-WQS (survey, lambda.min path)",3777,"URXCEM","Nitrile/amide/cyanide-related","Negative",0
"SGL-WQS (survey, lambda.min path)",3777,"URXCYM","Nitrile/amide/cyanide-related","Negative",0.0409332234976801
"SGL-WQS (survey, lambda.min path)",3777,"URXATC","Nitrile/amide/cyanide-related","Negative",0
"SGL-WQS (survey, lambda.min path)",3777,"URXHPM","Reactive aldehydes","Negative",1
"SGL-WQS (survey, lambda.min path)",3777,"URXPMM","Reactive aldehydes","Negative",0
