job_id,battery,scenario_id,family,n,p,method,data_seed,split_seed,method_seed,bootstrap_seed,split_replicate,signal_profile,effect_profile,group_structure,within_rho,cross_rho,binomial_target_prevalence,reuse_from_battery,run_this,paired_binary_scenario_id,paired_binary_job_id,paired_binary_fit_seed
C2_gaussian_paired_split_stability_C2_gaussian_paired_global_null_n5000_SGL-WQS_719002_1,C2_gaussian_paired_split_stability,C2_gaussian_paired_global_null_n5000,gaussian,5000,13,SGL-WQS,719002,1180001,1180001,1180001,1,global_null,global_null,legacy13,0.2,0,,,TRUE,split_global_binary_n5000_w0p2_b0,split_global_binary_n5000_w0p2_b0_split0001,1180001
C2_gaussian_paired_split_stability_C2_gaussian_paired_global_null_n5000_SGL-WQS_719002_2,C2_gaussian_paired_split_stability,C2_gaussian_paired_global_null_n5000,gaussian,5000,13,SGL-WQS,719002,1180002,1180002,1180002,2,global_null,global_null,legacy13,0.2,0,,,TRUE,split_global_binary_n5000_w0p2_b0,split_global_binary_n5000_w0p2_b0_split0002,1180002
C2_gaussian_paired_split_stability_C2_gaussian_paired_global_null_n5000_SGL-WQS_719002_3,C2_gaussian_paired_split_stability,C2_gaussian_paired_global_null_n5000,gaussian,5000,13,SGL-WQS,719002,1180003,1180003,1180003,3,global_null,global_null,legacy13,0.2,0,,,TRUE,split_global_binary_n5000_w0p2_b0,split_global_binary_n5000_w0p2_b0_split0003,1180003
C2_gaussian_paired_split_stability_C2_gaussian_paired_global_null_n5000_SGL-WQS_719002_4,C2_gaussian_paired_split_stability,C2_gaussian_paired_global_null_n5000,gaussian,5000,13,SGL-WQS,719002,1180004,1180004,1180004,4,global_null,global_null,legacy13,0.2,0,,,TRUE,split_global_binary_n5000_w0p2_b0,split_global_binary_n5000_w0p2_b0_split0004,1180004
C2_gaussian_paired_split_stability_C2_gaussian_paired_global_null_n5000_SGL-WQS_719002_5,C2_gaussian_paired_split_stability,C2_gaussian_paired_global_null_n5000,gaussian,5000,13,SGL-WQS,719002,1180005,1180005,1180005,5,global_null,global_null,legacy13,0.2,0,,,TRUE,split_global_binary_n5000_w0p2_b0,split_global_binary_n5000_w0p2_b0_split0005,1180005
C2_gaussian_paired_split_stability_C2_gaussian_paired_global_null_n5000_SGL-WQS_719002_6,C2_gaussian_paired_split_stability,C2_gaussian_paired_global_null_n5000,gaussian,5000,13,SGL-WQS,719002,1180006,1180006,1180006,6,global_null,global_null,legacy13,0.2,0,,,TRUE,split_global_binary_n5000_w0p2_b0,split_global_binary_n5000_w0p2_b0_split0006,1180006
C2_gaussian_paired_split_stability_C2_gaussian_paired_global_null_n5000_SGL-WQS_719002_7,C2_gaussian_paired_split_stability,C2_gaussian_paired_global_null_n5000,gaussian,5000,13,SGL-WQS,719002,1180007,1180007,1180007,7,global_null,global_null,legacy13,0.2,0,,,TRUE,split_global_binary_n5000_w0p2_b0,split_global_binary_n5000_w0p2_b0_split0007,1180007
C2_gaussian_paired_split_stability_C2_gaussian_paired_global_null_n5000_SGL-WQS_719002_8,C2_gaussian_paired_split_stability,C2_gaussian_paired_global_null_n5000,gaussian,5000,13,SGL-WQS,719002,1180008,1180008,1180008,8,global_null,global_null,legacy13,0.2,0,,,TRUE,split_global_binary_n5000_w0p2_b0,split_global_binary_n5000_w0p2_b0_split0008,1180008
C2_gaussian_paired_split_stability_C2_gaussian_paired_global_null_n5000_SGL-WQS_719002_9,C2_gaussian_paired_split_stability,C2_gaussian_paired_global_null_n5000,gaussian,5000,13,SGL-WQS,719002,1180009,1180009,1180009,9,global_null,global_null,legacy13,0.2,0,,,TRUE,split_global_binary_n5000_w0p2_b0,split_global_binary_n5000_w0p2_b0_split0009,1180009
C2_gaussian_paired_split_stability_C2_gaussian_paired_global_null_n5000_SGL-WQS_719002_10,C2_gaussian_paired_split_stability,C2_gaussian_paired_global_null_n5000,gaussian,5000,13,SGL-WQS,719002,1180010,1180010,1180010,10,global_null,global_null,legacy13,0.2,0,,,TRUE,split_global_binary_n5000_w0p2_b0,split_global_binary_n5000_w0p2_b0_split0010,1180010
C2_gaussian_paired_split_stability_C2_gaussian_paired_global_null_n5000_SGL-WQS_719002_11,C2_gaussian_paired_split_stability,C2_gaussian_paired_global_null_n5000,gaussian,5000,13,SGL-WQS,719002,1180011,1180011,1180011,11,global_null,global_null,legacy13,0.2,0,,,TRUE,split_global_binary_n5000_w0p2_b0,split_global_binary_n5000_w0p2_b0_split0011,1180011
C2_gaussian_paired_split_stability_C2_gaussian_paired_global_null_n5000_SGL-WQS_719002_12,C2_gaussian_paired_split_stability,C2_gaussian_paired_global_null_n5000,gaussian,5000,13,SGL-WQS,719002,1180012,1180012,1180012,12,global_null,global_null,legacy13,0.2,0,,,TRUE,split_global_binary_n5000_w0p2_b0,split_global_binary_n5000_w0p2_b0_split0012,1180012
C2_gaussian_paired_split_stability_C2_gaussian_paired_global_null_n5000_SGL-WQS_719002_13,C2_gaussian_paired_split_stability,C2_gaussian_paired_global_null_n5000,gaussian,5000,13,SGL-WQS,719002,1180013,1180013,1180013,13,global_null,global_null,legacy13,0.2,0,,,TRUE,split_global_binary_n5000_w0p2_b0,split_global_binary_n5000_w0p2_b0_split0013,1180013
C2_gaussian_paired_split_stability_C2_gaussian_paired_global_null_n5000_SGL-WQS_719002_14,C2_gaussian_paired_split_stability,C2_gaussian_paired_global_null_n5000,gaussian,5000,13,SGL-WQS,719002,1180014,1180014,1180014,14,global_null,global_null,legacy13,0.2,0,,,TRUE,split_global_binary_n5000_w0p2_b0,split_global_binary_n5000_w0p2_b0_split0014,1180014
C2_gaussian_paired_split_stability_C2_gaussian_paired_global_null_n5000_SGL-WQS_719002_15,C2_gaussian_paired_split_stability,C2_gaussian_paired_global_null_n5000,gaussian,5000,13,SGL-WQS,719002,1180015,1180015,1180015,15,global_null,global_null,legacy13,0.2,0,,,TRUE,split_global_binary_n5000_w0p2_b0,split_global_binary_n5000_w0p2_b0_split0015,1180015
C2_gaussian_paired_split_stability_C2_gaussian_paired_global_null_n5000_SGL-WQS_719002_16,C2_gaussian_paired_split_stability,C2_gaussian_paired_global_null_n5000,gaussian,5000,13,SGL-WQS,719002,1180016,1180016,1180016,16,global_null,global_null,legacy13,0.2,0,,,TRUE,split_global_binary_n5000_w0p2_b0,split_global_binary_n5000_w0p2_b0_split0016,1180016
C2_gaussian_paired_split_stability_C2_gaussian_paired_global_null_n5000_SGL-WQS_719002_17,C2_gaussian_paired_split_stability,C2_gaussian_paired_global_null_n5000,gaussian,5000,13,SGL-WQS,719002,1180017,1180017,1180017,17,global_null,global_null,legacy13,0.2,0,,,TRUE,split_global_binary_n5000_w0p2_b0,split_global_binary_n5000_w0p2_b0_split0017,1180017
C2_gaussian_paired_split_stability_C2_gaussian_paired_global_null_n5000_SGL-WQS_719002_18,C2_gaussian_paired_split_stability,C2_gaussian_paired_global_null_n5000,gaussian,5000,13,SGL-WQS,719002,1180018,1180018,1180018,18,global_null,global_null,legacy13,0.2,0,,,TRUE,split_global_binary_n5000_w0p2_b0,split_global_binary_n5000_w0p2_b0_split0018,1180018
C2_gaussian_paired_split_stability_C2_gaussian_paired_global_null_n5000_SGL-WQS_719002_19,C2_gaussian_paired_split_stability,C2_gaussian_paired_global_null_n5000,gaussian,5000,13,SGL-WQS,719002,1180019,1180019,1180019,19,global_null,global_null,legacy13,0.2,0,,,TRUE,split_global_binary_n5000_w0p2_b0,split_global_binary_n5000_w0p2_b0_split0019,1180019
C2_gaussian_paired_split_stability_C2_gaussian_paired_global_null_n5000_SGL-WQS_719002_20,C2_gaussian_paired_split_stability,C2_gaussian_paired_global_null_n5000,gaussian,5000,13,SGL-WQS,719002,1180020,1180020,1180020,20,global_null,global_null,legacy13,0.2,0,,,TRUE,split_global_binary_n5000_w0p2_b0,split_global_binary_n5000_w0p2_b0_split0020,1180020
C2_gaussian_paired_split_stability_C2_gaussian_paired_global_null_n5000_SGL-WQS_719002_21,C2_gaussian_paired_split_stability,C2_gaussian_paired_global_null_n5000,gaussian,5000,13,SGL-WQS,719002,1180021,1180021,1180021,21,global_null,global_null,legacy13,0.2,0,,,TRUE,split_global_binary_n5000_w0p2_b0,split_global_binary_n5000_w0p2_b0_split0021,1180021
C2_gaussian_paired_split_stability_C2_gaussian_paired_global_null_n5000_SGL-WQS_719002_22,C2_gaussian_paired_split_stability,C2_gaussian_paired_global_null_n5000,gaussian,5000,13,SGL-WQS,719002,1180022,1180022,1180022,22,global_null,global_null,legacy13,0.2,0,,,TRUE,split_global_binary_n5000_w0p2_b0,split_global_binary_n5000_w0p2_b0_split0022,1180022
C2_gaussian_paired_split_stability_C2_gaussian_paired_global_null_n5000_SGL-WQS_719002_23,C2_gaussian_paired_split_stability,C2_gaussian_paired_global_null_n5000,gaussian,5000,13,SGL-WQS,719002,1180023,1180023,1180023,23,global_null,global_null,legacy13,0.2,0,,,TRUE,split_global_binary_n5000_w0p2_b0,split_global_binary_n5000_w0p2_b0_split0023,1180023
C2_gaussian_paired_split_stability_C2_gaussian_paired_global_null_n5000_SGL-WQS_719002_24,C2_gaussian_paired_split_stability,C2_gaussian_paired_global_null_n5000,gaussian,5000,13,SGL-WQS,719002,1180024,1180024,1180024,24,global_null,global_null,legacy13,0.2,0,,,TRUE,split_global_binary_n5000_w0p2_b0,split_global_binary_n5000_w0p2_b0_split0024,1180024
C2_gaussian_paired_split_stability_C2_gaussian_paired_global_null_n5000_SGL-WQS_719002_25,C2_gaussian_paired_split_stability,C2_gaussian_paired_global_null_n5000,gaussian,5000,13,SGL-WQS,719002,1180025,1180025,1180025,25,global_null,global_null,legacy13,0.2,0,,,TRUE,split_global_binary_n5000_w0p2_b0,split_global_binary_n5000_w0p2_b0_split0025,1180025
C2_gaussian_paired_split_stability_C2_gaussian_paired_global_null_n5000_SGL-WQS_719002_26,C2_gaussian_paired_split_stability,C2_gaussian_paired_global_null_n5000,gaussian,5000,13,SGL-WQS,719002,1180026,1180026,1180026,26,global_null,global_null,legacy13,0.2,0,,,TRUE,split_global_binary_n5000_w0p2_b0,split_global_binary_n5000_w0p2_b0_split0026,1180026
C2_gaussian_paired_split_stability_C2_gaussian_paired_global_null_n5000_SGL-WQS_719002_27,C2_gaussian_paired_split_stability,C2_gaussian_paired_global_null_n5000,gaussian,5000,13,SGL-WQS,719002,1180027,1180027,1180027,27,global_null,global_null,legacy13,0.2,0,,,TRUE,split_global_binary_n5000_w0p2_b0,split_global_binary_n5000_w0p2_b0_split0027,1180027
C2_gaussian_paired_split_stability_C2_gaussian_paired_global_null_n5000_SGL-WQS_719002_28,C2_gaussian_paired_split_stability,C2_gaussian_paired_global_null_n5000,gaussian,5000,13,SGL-WQS,719002,1180028,1180028,1180028,28,global_null,global_null,legacy13,0.2,0,,,TRUE,split_global_binary_n5000_w0p2_b0,split_global_binary_n5000_w0p2_b0_split0028,1180028
C2_gaussian_paired_split_stability_C2_gaussian_paired_global_null_n5000_SGL-WQS_719002_29,C2_gaussian_paired_split_stability,C2_gaussian_paired_global_null_n5000,gaussian,5000,13,SGL-WQS,719002,1180029,1180029,1180029,29,global_null,global_null,legacy13,0.2,0,,,TRUE,split_global_binary_n5000_w0p2_b0,split_global_binary_n5000_w0p2_b0_split0029,1180029
C2_gaussian_paired_split_stability_C2_gaussian_paired_global_null_n5000_SGL-WQS_719002_30,C2_gaussian_paired_split_stability,C2_gaussian_paired_global_null_n5000,gaussian,5000,13,SGL-WQS,719002,1180030,1180030,1180030,30,global_null,global_null,legacy13,0.2,0,,,TRUE,split_global_binary_n5000_w0p2_b0,split_global_binary_n5000_w0p2_b0_split0030,1180030
C2_gaussian_paired_split_stability_C2_gaussian_paired_global_null_n5000_SGL-WQS_719002_31,C2_gaussian_paired_split_stability,C2_gaussian_paired_global_null_n5000,gaussian,5000,13,SGL-WQS,719002,1180031,1180031,1180031,31,global_null,global_null,legacy13,0.2,0,,,TRUE,split_global_binary_n5000_w0p2_b0,split_global_binary_n5000_w0p2_b0_split0031,1180031
C2_gaussian_paired_split_stability_C2_gaussian_paired_global_null_n5000_SGL-WQS_719002_32,C2_gaussian_paired_split_stability,C2_gaussian_paired_global_null_n5000,gaussian,5000,13,SGL-WQS,719002,1180032,1180032,1180032,32,global_null,global_null,legacy13,0.2,0,,,TRUE,split_global_binary_n5000_w0p2_b0,split_global_binary_n5000_w0p2_b0_split0032,1180032
C2_gaussian_paired_split_stability_C2_gaussian_paired_global_null_n5000_SGL-WQS_719002_33,C2_gaussian_paired_split_stability,C2_gaussian_paired_global_null_n5000,gaussian,5000,13,SGL-WQS,719002,1180033,1180033,1180033,33,global_null,global_null,legacy13,0.2,0,,,TRUE,split_global_binary_n5000_w0p2_b0,split_global_binary_n5000_w0p2_b0_split0033,1180033
C2_gaussian_paired_split_stability_C2_gaussian_paired_global_null_n5000_SGL-WQS_719002_34,C2_gaussian_paired_split_stability,C2_gaussian_paired_global_null_n5000,gaussian,5000,13,SGL-WQS,719002,1180034,1180034,1180034,34,global_null,global_null,legacy13,0.2,0,,,TRUE,split_global_binary_n5000_w0p2_b0,split_global_binary_n5000_w0p2_b0_split0034,1180034
C2_gaussian_paired_split_stability_C2_gaussian_paired_global_null_n5000_SGL-WQS_719002_35,C2_gaussian_paired_split_stability,C2_gaussian_paired_global_null_n5000,gaussian,5000,13,SGL-WQS,719002,1180035,1180035,1180035,35,global_null,global_null,legacy13,0.2,0,,,TRUE,split_global_binary_n5000_w0p2_b0,split_global_binary_n5000_w0p2_b0_split0035,1180035
C2_gaussian_paired_split_stability_C2_gaussian_paired_global_null_n5000_SGL-WQS_719002_36,C2_gaussian_paired_split_stability,C2_gaussian_paired_global_null_n5000,gaussian,5000,13,SGL-WQS,719002,1180036,1180036,1180036,36,global_null,global_null,legacy13,0.2,0,,,TRUE,split_global_binary_n5000_w0p2_b0,split_global_binary_n5000_w0p2_b0_split0036,1180036
C2_gaussian_paired_split_stability_C2_gaussian_paired_global_null_n5000_SGL-WQS_719002_37,C2_gaussian_paired_split_stability,C2_gaussian_paired_global_null_n5000,gaussian,5000,13,SGL-WQS,719002,1180037,1180037,1180037,37,global_null,global_null,legacy13,0.2,0,,,TRUE,split_global_binary_n5000_w0p2_b0,split_global_binary_n5000_w0p2_b0_split0037,1180037
C2_gaussian_paired_split_stability_C2_gaussian_paired_global_null_n5000_SGL-WQS_719002_38,C2_gaussian_paired_split_stability,C2_gaussian_paired_global_null_n5000,gaussian,5000,13,SGL-WQS,719002,1180038,1180038,1180038,38,global_null,global_null,legacy13,0.2,0,,,TRUE,split_global_binary_n5000_w0p2_b0,split_global_binary_n5000_w0p2_b0_split0038,1180038
C2_gaussian_paired_split_stability_C2_gaussian_paired_global_null_n5000_SGL-WQS_719002_39,C2_gaussian_paired_split_stability,C2_gaussian_paired_global_null_n5000,gaussian,5000,13,SGL-WQS,719002,1180039,1180039,1180039,39,global_null,global_null,legacy13,0.2,0,,,TRUE,split_global_binary_n5000_w0p2_b0,split_global_binary_n5000_w0p2_b0_split0039,1180039
C2_gaussian_paired_split_stability_C2_gaussian_paired_global_null_n5000_SGL-WQS_719002_40,C2_gaussian_paired_split_stability,C2_gaussian_paired_global_null_n5000,gaussian,5000,13,SGL-WQS,719002,1180040,1180040,1180040,40,global_null,global_null,legacy13,0.2,0,,,TRUE,split_global_binary_n5000_w0p2_b0,split_global_binary_n5000_w0p2_b0_split0040,1180040
C2_gaussian_paired_split_stability_C2_gaussian_paired_global_null_n5000_SGL-WQS_719002_41,C2_gaussian_paired_split_stability,C2_gaussian_paired_global_null_n5000,gaussian,5000,13,SGL-WQS,719002,1180041,1180041,1180041,41,global_null,global_null,legacy13,0.2,0,,,TRUE,split_global_binary_n5000_w0p2_b0,split_global_binary_n5000_w0p2_b0_split0041,1180041
C2_gaussian_paired_split_stability_C2_gaussian_paired_global_null_n5000_SGL-WQS_719002_42,C2_gaussian_paired_split_stability,C2_gaussian_paired_global_null_n5000,gaussian,5000,13,SGL-WQS,719002,1180042,1180042,1180042,42,global_null,global_null,legacy13,0.2,0,,,TRUE,split_global_binary_n5000_w0p2_b0,split_global_binary_n5000_w0p2_b0_split0042,1180042
C2_gaussian_paired_split_stability_C2_gaussian_paired_global_null_n5000_SGL-WQS_719002_43,C2_gaussian_paired_split_stability,C2_gaussian_paired_global_null_n5000,gaussian,5000,13,SGL-WQS,719002,1180043,1180043,1180043,43,global_null,global_null,legacy13,0.2,0,,,TRUE,split_global_binary_n5000_w0p2_b0,split_global_binary_n5000_w0p2_b0_split0043,1180043
C2_gaussian_paired_split_stability_C2_gaussian_paired_global_null_n5000_SGL-WQS_719002_44,C2_gaussian_paired_split_stability,C2_gaussian_paired_global_null_n5000,gaussian,5000,13,SGL-WQS,719002,1180044,1180044,1180044,44,global_null,global_null,legacy13,0.2,0,,,TRUE,split_global_binary_n5000_w0p2_b0,split_global_binary_n5000_w0p2_b0_split0044,1180044
C2_gaussian_paired_split_stability_C2_gaussian_paired_global_null_n5000_SGL-WQS_719002_45,C2_gaussian_paired_split_stability,C2_gaussian_paired_global_null_n5000,gaussian,5000,13,SGL-WQS,719002,1180045,1180045,1180045,45,global_null,global_null,legacy13,0.2,0,,,TRUE,split_global_binary_n5000_w0p2_b0,split_global_binary_n5000_w0p2_b0_split0045,1180045
C2_gaussian_paired_split_stability_C2_gaussian_paired_global_null_n5000_SGL-WQS_719002_46,C2_gaussian_paired_split_stability,C2_gaussian_paired_global_null_n5000,gaussian,5000,13,SGL-WQS,719002,1180046,1180046,1180046,46,global_null,global_null,legacy13,0.2,0,,,TRUE,split_global_binary_n5000_w0p2_b0,split_global_binary_n5000_w0p2_b0_split0046,1180046
C2_gaussian_paired_split_stability_C2_gaussian_paired_global_null_n5000_SGL-WQS_719002_47,C2_gaussian_paired_split_stability,C2_gaussian_paired_global_null_n5000,gaussian,5000,13,SGL-WQS,719002,1180047,1180047,1180047,47,global_null,global_null,legacy13,0.2,0,,,TRUE,split_global_binary_n5000_w0p2_b0,split_global_binary_n5000_w0p2_b0_split0047,1180047
C2_gaussian_paired_split_stability_C2_gaussian_paired_global_null_n5000_SGL-WQS_719002_48,C2_gaussian_paired_split_stability,C2_gaussian_paired_global_null_n5000,gaussian,5000,13,SGL-WQS,719002,1180048,1180048,1180048,48,global_null,global_null,legacy13,0.2,0,,,TRUE,split_global_binary_n5000_w0p2_b0,split_global_binary_n5000_w0p2_b0_split0048,1180048
C2_gaussian_paired_split_stability_C2_gaussian_paired_global_null_n5000_SGL-WQS_719002_49,C2_gaussian_paired_split_stability,C2_gaussian_paired_global_null_n5000,gaussian,5000,13,SGL-WQS,719002,1180049,1180049,1180049,49,global_null,global_null,legacy13,0.2,0,,,TRUE,split_global_binary_n5000_w0p2_b0,split_global_binary_n5000_w0p2_b0_split0049,1180049
C2_gaussian_paired_split_stability_C2_gaussian_paired_global_null_n5000_SGL-WQS_719002_50,C2_gaussian_paired_split_stability,C2_gaussian_paired_global_null_n5000,gaussian,5000,13,SGL-WQS,719002,1180050,1180050,1180050,50,global_null,global_null,legacy13,0.2,0,,,TRUE,split_global_binary_n5000_w0p2_b0,split_global_binary_n5000_w0p2_b0_split0050,1180050
C2_gaussian_paired_split_stability_C2_gaussian_paired_global_null_n5000_SGL-WQS_719002_51,C2_gaussian_paired_split_stability,C2_gaussian_paired_global_null_n5000,gaussian,5000,13,SGL-WQS,719002,1180051,1180051,1180051,51,global_null,global_null,legacy13,0.2,0,,,TRUE,split_global_binary_n5000_w0p2_b0,split_global_binary_n5000_w0p2_b0_split0051,1180051
C2_gaussian_paired_split_stability_C2_gaussian_paired_global_null_n5000_SGL-WQS_719002_52,C2_gaussian_paired_split_stability,C2_gaussian_paired_global_null_n5000,gaussian,5000,13,SGL-WQS,719002,1180052,1180052,1180052,52,global_null,global_null,legacy13,0.2,0,,,TRUE,split_global_binary_n5000_w0p2_b0,split_global_binary_n5000_w0p2_b0_split0052,1180052
C2_gaussian_paired_split_stability_C2_gaussian_paired_global_null_n5000_SGL-WQS_719002_53,C2_gaussian_paired_split_stability,C2_gaussian_paired_global_null_n5000,gaussian,5000,13,SGL-WQS,719002,1180053,1180053,1180053,53,global_null,global_null,legacy13,0.2,0,,,TRUE,split_global_binary_n5000_w0p2_b0,split_global_binary_n5000_w0p2_b0_split0053,1180053
C2_gaussian_paired_split_stability_C2_gaussian_paired_global_null_n5000_SGL-WQS_719002_54,C2_gaussian_paired_split_stability,C2_gaussian_paired_global_null_n5000,gaussian,5000,13,SGL-WQS,719002,1180054,1180054,1180054,54,global_null,global_null,legacy13,0.2,0,,,TRUE,split_global_binary_n5000_w0p2_b0,split_global_binary_n5000_w0p2_b0_split0054,1180054
C2_gaussian_paired_split_stability_C2_gaussian_paired_global_null_n5000_SGL-WQS_719002_55,C2_gaussian_paired_split_stability,C2_gaussian_paired_global_null_n5000,gaussian,5000,13,SGL-WQS,719002,1180055,1180055,1180055,55,global_null,global_null,legacy13,0.2,0,,,TRUE,split_global_binary_n5000_w0p2_b0,split_global_binary_n5000_w0p2_b0_split0055,1180055
C2_gaussian_paired_split_stability_C2_gaussian_paired_global_null_n5000_SGL-WQS_719002_56,C2_gaussian_paired_split_stability,C2_gaussian_paired_global_null_n5000,gaussian,5000,13,SGL-WQS,719002,1180056,1180056,1180056,56,global_null,global_null,legacy13,0.2,0,,,TRUE,split_global_binary_n5000_w0p2_b0,split_global_binary_n5000_w0p2_b0_split0056,1180056
C2_gaussian_paired_split_stability_C2_gaussian_paired_global_null_n5000_SGL-WQS_719002_57,C2_gaussian_paired_split_stability,C2_gaussian_paired_global_null_n5000,gaussian,5000,13,SGL-WQS,719002,1180057,1180057,1180057,57,global_null,global_null,legacy13,0.2,0,,,TRUE,split_global_binary_n5000_w0p2_b0,split_global_binary_n5000_w0p2_b0_split0057,1180057
C2_gaussian_paired_split_stability_C2_gaussian_paired_global_null_n5000_SGL-WQS_719002_58,C2_gaussian_paired_split_stability,C2_gaussian_paired_global_null_n5000,gaussian,5000,13,SGL-WQS,719002,1180058,1180058,1180058,58,global_null,global_null,legacy13,0.2,0,,,TRUE,split_global_binary_n5000_w0p2_b0,split_global_binary_n5000_w0p2_b0_split0058,1180058
C2_gaussian_paired_split_stability_C2_gaussian_paired_global_null_n5000_SGL-WQS_719002_59,C2_gaussian_paired_split_stability,C2_gaussian_paired_global_null_n5000,gaussian,5000,13,SGL-WQS,719002,1180059,1180059,1180059,59,global_null,global_null,legacy13,0.2,0,,,TRUE,split_global_binary_n5000_w0p2_b0,split_global_binary_n5000_w0p2_b0_split0059,1180059
C2_gaussian_paired_split_stability_C2_gaussian_paired_global_null_n5000_SGL-WQS_719002_60,C2_gaussian_paired_split_stability,C2_gaussian_paired_global_null_n5000,gaussian,5000,13,SGL-WQS,719002,1180060,1180060,1180060,60,global_null,global_null,legacy13,0.2,0,,,TRUE,split_global_binary_n5000_w0p2_b0,split_global_binary_n5000_w0p2_b0_split0060,1180060
C2_gaussian_paired_split_stability_C2_gaussian_paired_global_null_n5000_SGL-WQS_719002_61,C2_gaussian_paired_split_stability,C2_gaussian_paired_global_null_n5000,gaussian,5000,13,SGL-WQS,719002,1180061,1180061,1180061,61,global_null,global_null,legacy13,0.2,0,,,TRUE,split_global_binary_n5000_w0p2_b0,split_global_binary_n5000_w0p2_b0_split0061,1180061
C2_gaussian_paired_split_stability_C2_gaussian_paired_global_null_n5000_SGL-WQS_719002_62,C2_gaussian_paired_split_stability,C2_gaussian_paired_global_null_n5000,gaussian,5000,13,SGL-WQS,719002,1180062,1180062,1180062,62,global_null,global_null,legacy13,0.2,0,,,TRUE,split_global_binary_n5000_w0p2_b0,split_global_binary_n5000_w0p2_b0_split0062,1180062
C2_gaussian_paired_split_stability_C2_gaussian_paired_global_null_n5000_SGL-WQS_719002_63,C2_gaussian_paired_split_stability,C2_gaussian_paired_global_null_n5000,gaussian,5000,13,SGL-WQS,719002,1180063,1180063,1180063,63,global_null,global_null,legacy13,0.2,0,,,TRUE,split_global_binary_n5000_w0p2_b0,split_global_binary_n5000_w0p2_b0_split0063,1180063
C2_gaussian_paired_split_stability_C2_gaussian_paired_global_null_n5000_SGL-WQS_719002_64,C2_gaussian_paired_split_stability,C2_gaussian_paired_global_null_n5000,gaussian,5000,13,SGL-WQS,719002,1180064,1180064,1180064,64,global_null,global_null,legacy13,0.2,0,,,TRUE,split_global_binary_n5000_w0p2_b0,split_global_binary_n5000_w0p2_b0_split0064,1180064
C2_gaussian_paired_split_stability_C2_gaussian_paired_global_null_n5000_SGL-WQS_719002_65,C2_gaussian_paired_split_stability,C2_gaussian_paired_global_null_n5000,gaussian,5000,13,SGL-WQS,719002,1180065,1180065,1180065,65,global_null,global_null,legacy13,0.2,0,,,TRUE,split_global_binary_n5000_w0p2_b0,split_global_binary_n5000_w0p2_b0_split0065,1180065
C2_gaussian_paired_split_stability_C2_gaussian_paired_global_null_n5000_SGL-WQS_719002_66,C2_gaussian_paired_split_stability,C2_gaussian_paired_global_null_n5000,gaussian,5000,13,SGL-WQS,719002,1180066,1180066,1180066,66,global_null,global_null,legacy13,0.2,0,,,TRUE,split_global_binary_n5000_w0p2_b0,split_global_binary_n5000_w0p2_b0_split0066,1180066
C2_gaussian_paired_split_stability_C2_gaussian_paired_global_null_n5000_SGL-WQS_719002_67,C2_gaussian_paired_split_stability,C2_gaussian_paired_global_null_n5000,gaussian,5000,13,SGL-WQS,719002,1180067,1180067,1180067,67,global_null,global_null,legacy13,0.2,0,,,TRUE,split_global_binary_n5000_w0p2_b0,split_global_binary_n5000_w0p2_b0_split0067,1180067
C2_gaussian_paired_split_stability_C2_gaussian_paired_global_null_n5000_SGL-WQS_719002_68,C2_gaussian_paired_split_stability,C2_gaussian_paired_global_null_n5000,gaussian,5000,13,SGL-WQS,719002,1180068,1180068,1180068,68,global_null,global_null,legacy13,0.2,0,,,TRUE,split_global_binary_n5000_w0p2_b0,split_global_binary_n5000_w0p2_b0_split0068,1180068
C2_gaussian_paired_split_stability_C2_gaussian_paired_global_null_n5000_SGL-WQS_719002_69,C2_gaussian_paired_split_stability,C2_gaussian_paired_global_null_n5000,gaussian,5000,13,SGL-WQS,719002,1180069,1180069,1180069,69,global_null,global_null,legacy13,0.2,0,,,TRUE,split_global_binary_n5000_w0p2_b0,split_global_binary_n5000_w0p2_b0_split0069,1180069
C2_gaussian_paired_split_stability_C2_gaussian_paired_global_null_n5000_SGL-WQS_719002_70,C2_gaussian_paired_split_stability,C2_gaussian_paired_global_null_n5000,gaussian,5000,13,SGL-WQS,719002,1180070,1180070,1180070,70,global_null,global_null,legacy13,0.2,0,,,TRUE,split_global_binary_n5000_w0p2_b0,split_global_binary_n5000_w0p2_b0_split0070,1180070
C2_gaussian_paired_split_stability_C2_gaussian_paired_global_null_n5000_SGL-WQS_719002_71,C2_gaussian_paired_split_stability,C2_gaussian_paired_global_null_n5000,gaussian,5000,13,SGL-WQS,719002,1180071,1180071,1180071,71,global_null,global_null,legacy13,0.2,0,,,TRUE,split_global_binary_n5000_w0p2_b0,split_global_binary_n5000_w0p2_b0_split0071,1180071
C2_gaussian_paired_split_stability_C2_gaussian_paired_global_null_n5000_SGL-WQS_719002_72,C2_gaussian_paired_split_stability,C2_gaussian_paired_global_null_n5000,gaussian,5000,13,SGL-WQS,719002,1180072,1180072,1180072,72,global_null,global_null,legacy13,0.2,0,,,TRUE,split_global_binary_n5000_w0p2_b0,split_global_binary_n5000_w0p2_b0_split0072,1180072
C2_gaussian_paired_split_stability_C2_gaussian_paired_global_null_n5000_SGL-WQS_719002_73,C2_gaussian_paired_split_stability,C2_gaussian_paired_global_null_n5000,gaussian,5000,13,SGL-WQS,719002,1180073,1180073,1180073,73,global_null,global_null,legacy13,0.2,0,,,TRUE,split_global_binary_n5000_w0p2_b0,split_global_binary_n5000_w0p2_b0_split0073,1180073
C2_gaussian_paired_split_stability_C2_gaussian_paired_global_null_n5000_SGL-WQS_719002_74,C2_gaussian_paired_split_stability,C2_gaussian_paired_global_null_n5000,gaussian,5000,13,SGL-WQS,719002,1180074,1180074,1180074,74,global_null,global_null,legacy13,0.2,0,,,TRUE,split_global_binary_n5000_w0p2_b0,split_global_binary_n5000_w0p2_b0_split0074,1180074
C2_gaussian_paired_split_stability_C2_gaussian_paired_global_null_n5000_SGL-WQS_719002_75,C2_gaussian_paired_split_stability,C2_gaussian_paired_global_null_n5000,gaussian,5000,13,SGL-WQS,719002,1180075,1180075,1180075,75,global_null,global_null,legacy13,0.2,0,,,TRUE,split_global_binary_n5000_w0p2_b0,split_global_binary_n5000_w0p2_b0_split0075,1180075
C2_gaussian_paired_split_stability_C2_gaussian_paired_global_null_n5000_SGL-WQS_719002_76,C2_gaussian_paired_split_stability,C2_gaussian_paired_global_null_n5000,gaussian,5000,13,SGL-WQS,719002,1180076,1180076,1180076,76,global_null,global_null,legacy13,0.2,0,,,TRUE,split_global_binary_n5000_w0p2_b0,split_global_binary_n5000_w0p2_b0_split0076,1180076
C2_gaussian_paired_split_stability_C2_gaussian_paired_global_null_n5000_SGL-WQS_719002_77,C2_gaussian_paired_split_stability,C2_gaussian_paired_global_null_n5000,gaussian,5000,13,SGL-WQS,719002,1180077,1180077,1180077,77,global_null,global_null,legacy13,0.2,0,,,TRUE,split_global_binary_n5000_w0p2_b0,split_global_binary_n5000_w0p2_b0_split0077,1180077
C2_gaussian_paired_split_stability_C2_gaussian_paired_global_null_n5000_SGL-WQS_719002_78,C2_gaussian_paired_split_stability,C2_gaussian_paired_global_null_n5000,gaussian,5000,13,SGL-WQS,719002,1180078,1180078,1180078,78,global_null,global_null,legacy13,0.2,0,,,TRUE,split_global_binary_n5000_w0p2_b0,split_global_binary_n5000_w0p2_b0_split0078,1180078
C2_gaussian_paired_split_stability_C2_gaussian_paired_global_null_n5000_SGL-WQS_719002_79,C2_gaussian_paired_split_stability,C2_gaussian_paired_global_null_n5000,gaussian,5000,13,SGL-WQS,719002,1180079,1180079,1180079,79,global_null,global_null,legacy13,0.2,0,,,TRUE,split_global_binary_n5000_w0p2_b0,split_global_binary_n5000_w0p2_b0_split0079,1180079
C2_gaussian_paired_split_stability_C2_gaussian_paired_global_null_n5000_SGL-WQS_719002_80,C2_gaussian_paired_split_stability,C2_gaussian_paired_global_null_n5000,gaussian,5000,13,SGL-WQS,719002,1180080,1180080,1180080,80,global_null,global_null,legacy13,0.2,0,,,TRUE,split_global_binary_n5000_w0p2_b0,split_global_binary_n5000_w0p2_b0_split0080,1180080
C2_gaussian_paired_split_stability_C2_gaussian_paired_global_null_n5000_SGL-WQS_719002_81,C2_gaussian_paired_split_stability,C2_gaussian_paired_global_null_n5000,gaussian,5000,13,SGL-WQS,719002,1180081,1180081,1180081,81,global_null,global_null,legacy13,0.2,0,,,TRUE,split_global_binary_n5000_w0p2_b0,split_global_binary_n5000_w0p2_b0_split0081,1180081
C2_gaussian_paired_split_stability_C2_gaussian_paired_global_null_n5000_SGL-WQS_719002_82,C2_gaussian_paired_split_stability,C2_gaussian_paired_global_null_n5000,gaussian,5000,13,SGL-WQS,719002,1180082,1180082,1180082,82,global_null,global_null,legacy13,0.2,0,,,TRUE,split_global_binary_n5000_w0p2_b0,split_global_binary_n5000_w0p2_b0_split0082,1180082
C2_gaussian_paired_split_stability_C2_gaussian_paired_global_null_n5000_SGL-WQS_719002_83,C2_gaussian_paired_split_stability,C2_gaussian_paired_global_null_n5000,gaussian,5000,13,SGL-WQS,719002,1180083,1180083,1180083,83,global_null,global_null,legacy13,0.2,0,,,TRUE,split_global_binary_n5000_w0p2_b0,split_global_binary_n5000_w0p2_b0_split0083,1180083
C2_gaussian_paired_split_stability_C2_gaussian_paired_global_null_n5000_SGL-WQS_719002_84,C2_gaussian_paired_split_stability,C2_gaussian_paired_global_null_n5000,gaussian,5000,13,SGL-WQS,719002,1180084,1180084,1180084,84,global_null,global_null,legacy13,0.2,0,,,TRUE,split_global_binary_n5000_w0p2_b0,split_global_binary_n5000_w0p2_b0_split0084,1180084
C2_gaussian_paired_split_stability_C2_gaussian_paired_global_null_n5000_SGL-WQS_719002_85,C2_gaussian_paired_split_stability,C2_gaussian_paired_global_null_n5000,gaussian,5000,13,SGL-WQS,719002,1180085,1180085,1180085,85,global_null,global_null,legacy13,0.2,0,,,TRUE,split_global_binary_n5000_w0p2_b0,split_global_binary_n5000_w0p2_b0_split0085,1180085
C2_gaussian_paired_split_stability_C2_gaussian_paired_global_null_n5000_SGL-WQS_719002_86,C2_gaussian_paired_split_stability,C2_gaussian_paired_global_null_n5000,gaussian,5000,13,SGL-WQS,719002,1180086,1180086,1180086,86,global_null,global_null,legacy13,0.2,0,,,TRUE,split_global_binary_n5000_w0p2_b0,split_global_binary_n5000_w0p2_b0_split0086,1180086
C2_gaussian_paired_split_stability_C2_gaussian_paired_global_null_n5000_SGL-WQS_719002_87,C2_gaussian_paired_split_stability,C2_gaussian_paired_global_null_n5000,gaussian,5000,13,SGL-WQS,719002,1180087,1180087,1180087,87,global_null,global_null,legacy13,0.2,0,,,TRUE,split_global_binary_n5000_w0p2_b0,split_global_binary_n5000_w0p2_b0_split0087,1180087
C2_gaussian_paired_split_stability_C2_gaussian_paired_global_null_n5000_SGL-WQS_719002_88,C2_gaussian_paired_split_stability,C2_gaussian_paired_global_null_n5000,gaussian,5000,13,SGL-WQS,719002,1180088,1180088,1180088,88,global_null,global_null,legacy13,0.2,0,,,TRUE,split_global_binary_n5000_w0p2_b0,split_global_binary_n5000_w0p2_b0_split0088,1180088
C2_gaussian_paired_split_stability_C2_gaussian_paired_global_null_n5000_SGL-WQS_719002_89,C2_gaussian_paired_split_stability,C2_gaussian_paired_global_null_n5000,gaussian,5000,13,SGL-WQS,719002,1180089,1180089,1180089,89,global_null,global_null,legacy13,0.2,0,,,TRUE,split_global_binary_n5000_w0p2_b0,split_global_binary_n5000_w0p2_b0_split0089,1180089
C2_gaussian_paired_split_stability_C2_gaussian_paired_global_null_n5000_SGL-WQS_719002_90,C2_gaussian_paired_split_stability,C2_gaussian_paired_global_null_n5000,gaussian,5000,13,SGL-WQS,719002,1180090,1180090,1180090,90,global_null,global_null,legacy13,0.2,0,,,TRUE,split_global_binary_n5000_w0p2_b0,split_global_binary_n5000_w0p2_b0_split0090,1180090
C2_gaussian_paired_split_stability_C2_gaussian_paired_global_null_n5000_SGL-WQS_719002_91,C2_gaussian_paired_split_stability,C2_gaussian_paired_global_null_n5000,gaussian,5000,13,SGL-WQS,719002,1180091,1180091,1180091,91,global_null,global_null,legacy13,0.2,0,,,TRUE,split_global_binary_n5000_w0p2_b0,split_global_binary_n5000_w0p2_b0_split0091,1180091
C2_gaussian_paired_split_stability_C2_gaussian_paired_global_null_n5000_SGL-WQS_719002_92,C2_gaussian_paired_split_stability,C2_gaussian_paired_global_null_n5000,gaussian,5000,13,SGL-WQS,719002,1180092,1180092,1180092,92,global_null,global_null,legacy13,0.2,0,,,TRUE,split_global_binary_n5000_w0p2_b0,split_global_binary_n5000_w0p2_b0_split0092,1180092
C2_gaussian_paired_split_stability_C2_gaussian_paired_global_null_n5000_SGL-WQS_719002_93,C2_gaussian_paired_split_stability,C2_gaussian_paired_global_null_n5000,gaussian,5000,13,SGL-WQS,719002,1180093,1180093,1180093,93,global_null,global_null,legacy13,0.2,0,,,TRUE,split_global_binary_n5000_w0p2_b0,split_global_binary_n5000_w0p2_b0_split0093,1180093
C2_gaussian_paired_split_stability_C2_gaussian_paired_global_null_n5000_SGL-WQS_719002_94,C2_gaussian_paired_split_stability,C2_gaussian_paired_global_null_n5000,gaussian,5000,13,SGL-WQS,719002,1180094,1180094,1180094,94,global_null,global_null,legacy13,0.2,0,,,TRUE,split_global_binary_n5000_w0p2_b0,split_global_binary_n5000_w0p2_b0_split0094,1180094
C2_gaussian_paired_split_stability_C2_gaussian_paired_global_null_n5000_SGL-WQS_719002_95,C2_gaussian_paired_split_stability,C2_gaussian_paired_global_null_n5000,gaussian,5000,13,SGL-WQS,719002,1180095,1180095,1180095,95,global_null,global_null,legacy13,0.2,0,,,TRUE,split_global_binary_n5000_w0p2_b0,split_global_binary_n5000_w0p2_b0_split0095,1180095
C2_gaussian_paired_split_stability_C2_gaussian_paired_global_null_n5000_SGL-WQS_719002_96,C2_gaussian_paired_split_stability,C2_gaussian_paired_global_null_n5000,gaussian,5000,13,SGL-WQS,719002,1180096,1180096,1180096,96,global_null,global_null,legacy13,0.2,0,,,TRUE,split_global_binary_n5000_w0p2_b0,split_global_binary_n5000_w0p2_b0_split0096,1180096
C2_gaussian_paired_split_stability_C2_gaussian_paired_global_null_n5000_SGL-WQS_719002_97,C2_gaussian_paired_split_stability,C2_gaussian_paired_global_null_n5000,gaussian,5000,13,SGL-WQS,719002,1180097,1180097,1180097,97,global_null,global_null,legacy13,0.2,0,,,TRUE,split_global_binary_n5000_w0p2_b0,split_global_binary_n5000_w0p2_b0_split0097,1180097
C2_gaussian_paired_split_stability_C2_gaussian_paired_global_null_n5000_SGL-WQS_719002_98,C2_gaussian_paired_split_stability,C2_gaussian_paired_global_null_n5000,gaussian,5000,13,SGL-WQS,719002,1180098,1180098,1180098,98,global_null,global_null,legacy13,0.2,0,,,TRUE,split_global_binary_n5000_w0p2_b0,split_global_binary_n5000_w0p2_b0_split0098,1180098
C2_gaussian_paired_split_stability_C2_gaussian_paired_global_null_n5000_SGL-WQS_719002_99,C2_gaussian_paired_split_stability,C2_gaussian_paired_global_null_n5000,gaussian,5000,13,SGL-WQS,719002,1180099,1180099,1180099,99,global_null,global_null,legacy13,0.2,0,,,TRUE,split_global_binary_n5000_w0p2_b0,split_global_binary_n5000_w0p2_b0_split0099,1180099
C2_gaussian_paired_split_stability_C2_gaussian_paired_global_null_n5000_SGL-WQS_719002_100,C2_gaussian_paired_split_stability,C2_gaussian_paired_global_null_n5000,gaussian,5000,13,SGL-WQS,719002,1180100,1180100,1180100,100,global_null,global_null,legacy13,0.2,0,,,TRUE,split_global_binary_n5000_w0p2_b0,split_global_binary_n5000_w0p2_b0_split0100,1180100
C2_gaussian_paired_split_stability_C2_gaussian_paired_global_null_n500_SGL-WQS_719001_1,C2_gaussian_paired_split_stability,C2_gaussian_paired_global_null_n500,gaussian,500,13,SGL-WQS,719001,980001,980001,980001,1,global_null,global_null,legacy13,0.2,0,,,TRUE,split_global_binary_n500_w0p2_b0,split_global_binary_n500_w0p2_b0_split0001,980001
C2_gaussian_paired_split_stability_C2_gaussian_paired_global_null_n500_SGL-WQS_719001_2,C2_gaussian_paired_split_stability,C2_gaussian_paired_global_null_n500,gaussian,500,13,SGL-WQS,719001,980002,980002,980002,2,global_null,global_null,legacy13,0.2,0,,,TRUE,split_global_binary_n500_w0p2_b0,split_global_binary_n500_w0p2_b0_split0002,980002
C2_gaussian_paired_split_stability_C2_gaussian_paired_global_null_n500_SGL-WQS_719001_3,C2_gaussian_paired_split_stability,C2_gaussian_paired_global_null_n500,gaussian,500,13,SGL-WQS,719001,980003,980003,980003,3,global_null,global_null,legacy13,0.2,0,,,TRUE,split_global_binary_n500_w0p2_b0,split_global_binary_n500_w0p2_b0_split0003,980003
C2_gaussian_paired_split_stability_C2_gaussian_paired_global_null_n500_SGL-WQS_719001_4,C2_gaussian_paired_split_stability,C2_gaussian_paired_global_null_n500,gaussian,500,13,SGL-WQS,719001,980004,980004,980004,4,global_null,global_null,legacy13,0.2,0,,,TRUE,split_global_binary_n500_w0p2_b0,split_global_binary_n500_w0p2_b0_split0004,980004
C2_gaussian_paired_split_stability_C2_gaussian_paired_global_null_n500_SGL-WQS_719001_5,C2_gaussian_paired_split_stability,C2_gaussian_paired_global_null_n500,gaussian,500,13,SGL-WQS,719001,980005,980005,980005,5,global_null,global_null,legacy13,0.2,0,,,TRUE,split_global_binary_n500_w0p2_b0,split_global_binary_n500_w0p2_b0_split0005,980005
C2_gaussian_paired_split_stability_C2_gaussian_paired_global_null_n500_SGL-WQS_719001_6,C2_gaussian_paired_split_stability,C2_gaussian_paired_global_null_n500,gaussian,500,13,SGL-WQS,719001,980006,980006,980006,6,global_null,global_null,legacy13,0.2,0,,,TRUE,split_global_binary_n500_w0p2_b0,split_global_binary_n500_w0p2_b0_split0006,980006
C2_gaussian_paired_split_stability_C2_gaussian_paired_global_null_n500_SGL-WQS_719001_7,C2_gaussian_paired_split_stability,C2_gaussian_paired_global_null_n500,gaussian,500,13,SGL-WQS,719001,980007,980007,980007,7,global_null,global_null,legacy13,0.2,0,,,TRUE,split_global_binary_n500_w0p2_b0,split_global_binary_n500_w0p2_b0_split0007,980007
C2_gaussian_paired_split_stability_C2_gaussian_paired_global_null_n500_SGL-WQS_719001_8,C2_gaussian_paired_split_stability,C2_gaussian_paired_global_null_n500,gaussian,500,13,SGL-WQS,719001,980008,980008,980008,8,global_null,global_null,legacy13,0.2,0,,,TRUE,split_global_binary_n500_w0p2_b0,split_global_binary_n500_w0p2_b0_split0008,980008
C2_gaussian_paired_split_stability_C2_gaussian_paired_global_null_n500_SGL-WQS_719001_9,C2_gaussian_paired_split_stability,C2_gaussian_paired_global_null_n500,gaussian,500,13,SGL-WQS,719001,980009,980009,980009,9,global_null,global_null,legacy13,0.2,0,,,TRUE,split_global_binary_n500_w0p2_b0,split_global_binary_n500_w0p2_b0_split0009,980009
C2_gaussian_paired_split_stability_C2_gaussian_paired_global_null_n500_SGL-WQS_719001_10,C2_gaussian_paired_split_stability,C2_gaussian_paired_global_null_n500,gaussian,500,13,SGL-WQS,719001,980010,980010,980010,10,global_null,global_null,legacy13,0.2,0,,,TRUE,split_global_binary_n500_w0p2_b0,split_global_binary_n500_w0p2_b0_split0010,980010
C2_gaussian_paired_split_stability_C2_gaussian_paired_global_null_n500_SGL-WQS_719001_11,C2_gaussian_paired_split_stability,C2_gaussian_paired_global_null_n500,gaussian,500,13,SGL-WQS,719001,980011,980011,980011,11,global_null,global_null,legacy13,0.2,0,,,TRUE,split_global_binary_n500_w0p2_b0,split_global_binary_n500_w0p2_b0_split0011,980011
C2_gaussian_paired_split_stability_C2_gaussian_paired_global_null_n500_SGL-WQS_719001_12,C2_gaussian_paired_split_stability,C2_gaussian_paired_global_null_n500,gaussian,500,13,SGL-WQS,719001,980012,980012,980012,12,global_null,global_null,legacy13,0.2,0,,,TRUE,split_global_binary_n500_w0p2_b0,split_global_binary_n500_w0p2_b0_split0012,980012
C2_gaussian_paired_split_stability_C2_gaussian_paired_global_null_n500_SGL-WQS_719001_13,C2_gaussian_paired_split_stability,C2_gaussian_paired_global_null_n500,gaussian,500,13,SGL-WQS,719001,980013,980013,980013,13,global_null,global_null,legacy13,0.2,0,,,TRUE,split_global_binary_n500_w0p2_b0,split_global_binary_n500_w0p2_b0_split0013,980013
C2_gaussian_paired_split_stability_C2_gaussian_paired_global_null_n500_SGL-WQS_719001_14,C2_gaussian_paired_split_stability,C2_gaussian_paired_global_null_n500,gaussian,500,13,SGL-WQS,719001,980014,980014,980014,14,global_null,global_null,legacy13,0.2,0,,,TRUE,split_global_binary_n500_w0p2_b0,split_global_binary_n500_w0p2_b0_split0014,980014
C2_gaussian_paired_split_stability_C2_gaussian_paired_global_null_n500_SGL-WQS_719001_15,C2_gaussian_paired_split_stability,C2_gaussian_paired_global_null_n500,gaussian,500,13,SGL-WQS,719001,980015,980015,980015,15,global_null,global_null,legacy13,0.2,0,,,TRUE,split_global_binary_n500_w0p2_b0,split_global_binary_n500_w0p2_b0_split0015,980015
C2_gaussian_paired_split_stability_C2_gaussian_paired_global_null_n500_SGL-WQS_719001_16,C2_gaussian_paired_split_stability,C2_gaussian_paired_global_null_n500,gaussian,500,13,SGL-WQS,719001,980016,980016,980016,16,global_null,global_null,legacy13,0.2,0,,,TRUE,split_global_binary_n500_w0p2_b0,split_global_binary_n500_w0p2_b0_split0016,980016
C2_gaussian_paired_split_stability_C2_gaussian_paired_global_null_n500_SGL-WQS_719001_17,C2_gaussian_paired_split_stability,C2_gaussian_paired_global_null_n500,gaussian,500,13,SGL-WQS,719001,980017,980017,980017,17,global_null,global_null,legacy13,0.2,0,,,TRUE,split_global_binary_n500_w0p2_b0,split_global_binary_n500_w0p2_b0_split0017,980017
C2_gaussian_paired_split_stability_C2_gaussian_paired_global_null_n500_SGL-WQS_719001_18,C2_gaussian_paired_split_stability,C2_gaussian_paired_global_null_n500,gaussian,500,13,SGL-WQS,719001,980018,980018,980018,18,global_null,global_null,legacy13,0.2,0,,,TRUE,split_global_binary_n500_w0p2_b0,split_global_binary_n500_w0p2_b0_split0018,980018
C2_gaussian_paired_split_stability_C2_gaussian_paired_global_null_n500_SGL-WQS_719001_19,C2_gaussian_paired_split_stability,C2_gaussian_paired_global_null_n500,gaussian,500,13,SGL-WQS,719001,980019,980019,980019,19,global_null,global_null,legacy13,0.2,0,,,TRUE,split_global_binary_n500_w0p2_b0,split_global_binary_n500_w0p2_b0_split0019,980019
C2_gaussian_paired_split_stability_C2_gaussian_paired_global_null_n500_SGL-WQS_719001_20,C2_gaussian_paired_split_stability,C2_gaussian_paired_global_null_n500,gaussian,500,13,SGL-WQS,719001,980020,980020,980020,20,global_null,global_null,legacy13,0.2,0,,,TRUE,split_global_binary_n500_w0p2_b0,split_global_binary_n500_w0p2_b0_split0020,980020
C2_gaussian_paired_split_stability_C2_gaussian_paired_global_null_n500_SGL-WQS_719001_21,C2_gaussian_paired_split_stability,C2_gaussian_paired_global_null_n500,gaussian,500,13,SGL-WQS,719001,980021,980021,980021,21,global_null,global_null,legacy13,0.2,0,,,TRUE,split_global_binary_n500_w0p2_b0,split_global_binary_n500_w0p2_b0_split0021,980021
C2_gaussian_paired_split_stability_C2_gaussian_paired_global_null_n500_SGL-WQS_719001_22,C2_gaussian_paired_split_stability,C2_gaussian_paired_global_null_n500,gaussian,500,13,SGL-WQS,719001,980022,980022,980022,22,global_null,global_null,legacy13,0.2,0,,,TRUE,split_global_binary_n500_w0p2_b0,split_global_binary_n500_w0p2_b0_split0022,980022
C2_gaussian_paired_split_stability_C2_gaussian_paired_global_null_n500_SGL-WQS_719001_23,C2_gaussian_paired_split_stability,C2_gaussian_paired_global_null_n500,gaussian,500,13,SGL-WQS,719001,980023,980023,980023,23,global_null,global_null,legacy13,0.2,0,,,TRUE,split_global_binary_n500_w0p2_b0,split_global_binary_n500_w0p2_b0_split0023,980023
C2_gaussian_paired_split_stability_C2_gaussian_paired_global_null_n500_SGL-WQS_719001_24,C2_gaussian_paired_split_stability,C2_gaussian_paired_global_null_n500,gaussian,500,13,SGL-WQS,719001,980024,980024,980024,24,global_null,global_null,legacy13,0.2,0,,,TRUE,split_global_binary_n500_w0p2_b0,split_global_binary_n500_w0p2_b0_split0024,980024
C2_gaussian_paired_split_stability_C2_gaussian_paired_global_null_n500_SGL-WQS_719001_25,C2_gaussian_paired_split_stability,C2_gaussian_paired_global_null_n500,gaussian,500,13,SGL-WQS,719001,980025,980025,980025,25,global_null,global_null,legacy13,0.2,0,,,TRUE,split_global_binary_n500_w0p2_b0,split_global_binary_n500_w0p2_b0_split0025,980025
C2_gaussian_paired_split_stability_C2_gaussian_paired_global_null_n500_SGL-WQS_719001_26,C2_gaussian_paired_split_stability,C2_gaussian_paired_global_null_n500,gaussian,500,13,SGL-WQS,719001,980026,980026,980026,26,global_null,global_null,legacy13,0.2,0,,,TRUE,split_global_binary_n500_w0p2_b0,split_global_binary_n500_w0p2_b0_split0026,980026
C2_gaussian_paired_split_stability_C2_gaussian_paired_global_null_n500_SGL-WQS_719001_27,C2_gaussian_paired_split_stability,C2_gaussian_paired_global_null_n500,gaussian,500,13,SGL-WQS,719001,980027,980027,980027,27,global_null,global_null,legacy13,0.2,0,,,TRUE,split_global_binary_n500_w0p2_b0,split_global_binary_n500_w0p2_b0_split0027,980027
C2_gaussian_paired_split_stability_C2_gaussian_paired_global_null_n500_SGL-WQS_719001_28,C2_gaussian_paired_split_stability,C2_gaussian_paired_global_null_n500,gaussian,500,13,SGL-WQS,719001,980028,980028,980028,28,global_null,global_null,legacy13,0.2,0,,,TRUE,split_global_binary_n500_w0p2_b0,split_global_binary_n500_w0p2_b0_split0028,980028
C2_gaussian_paired_split_stability_C2_gaussian_paired_global_null_n500_SGL-WQS_719001_29,C2_gaussian_paired_split_stability,C2_gaussian_paired_global_null_n500,gaussian,500,13,SGL-WQS,719001,980029,980029,980029,29,global_null,global_null,legacy13,0.2,0,,,TRUE,split_global_binary_n500_w0p2_b0,split_global_binary_n500_w0p2_b0_split0029,980029
C2_gaussian_paired_split_stability_C2_gaussian_paired_global_null_n500_SGL-WQS_719001_30,C2_gaussian_paired_split_stability,C2_gaussian_paired_global_null_n500,gaussian,500,13,SGL-WQS,719001,980030,980030,980030,30,global_null,global_null,legacy13,0.2,0,,,TRUE,split_global_binary_n500_w0p2_b0,split_global_binary_n500_w0p2_b0_split0030,980030
C2_gaussian_paired_split_stability_C2_gaussian_paired_global_null_n500_SGL-WQS_719001_31,C2_gaussian_paired_split_stability,C2_gaussian_paired_global_null_n500,gaussian,500,13,SGL-WQS,719001,980031,980031,980031,31,global_null,global_null,legacy13,0.2,0,,,TRUE,split_global_binary_n500_w0p2_b0,split_global_binary_n500_w0p2_b0_split0031,980031
C2_gaussian_paired_split_stability_C2_gaussian_paired_global_null_n500_SGL-WQS_719001_32,C2_gaussian_paired_split_stability,C2_gaussian_paired_global_null_n500,gaussian,500,13,SGL-WQS,719001,980032,980032,980032,32,global_null,global_null,legacy13,0.2,0,,,TRUE,split_global_binary_n500_w0p2_b0,split_global_binary_n500_w0p2_b0_split0032,980032
C2_gaussian_paired_split_stability_C2_gaussian_paired_global_null_n500_SGL-WQS_719001_33,C2_gaussian_paired_split_stability,C2_gaussian_paired_global_null_n500,gaussian,500,13,SGL-WQS,719001,980033,980033,980033,33,global_null,global_null,legacy13,0.2,0,,,TRUE,split_global_binary_n500_w0p2_b0,split_global_binary_n500_w0p2_b0_split0033,980033
C2_gaussian_paired_split_stability_C2_gaussian_paired_global_null_n500_SGL-WQS_719001_34,C2_gaussian_paired_split_stability,C2_gaussian_paired_global_null_n500,gaussian,500,13,SGL-WQS,719001,980034,980034,980034,34,global_null,global_null,legacy13,0.2,0,,,TRUE,split_global_binary_n500_w0p2_b0,split_global_binary_n500_w0p2_b0_split0034,980034
C2_gaussian_paired_split_stability_C2_gaussian_paired_global_null_n500_SGL-WQS_719001_35,C2_gaussian_paired_split_stability,C2_gaussian_paired_global_null_n500,gaussian,500,13,SGL-WQS,719001,980035,980035,980035,35,global_null,global_null,legacy13,0.2,0,,,TRUE,split_global_binary_n500_w0p2_b0,split_global_binary_n500_w0p2_b0_split0035,980035
C2_gaussian_paired_split_stability_C2_gaussian_paired_global_null_n500_SGL-WQS_719001_36,C2_gaussian_paired_split_stability,C2_gaussian_paired_global_null_n500,gaussian,500,13,SGL-WQS,719001,980036,980036,980036,36,global_null,global_null,legacy13,0.2,0,,,TRUE,split_global_binary_n500_w0p2_b0,split_global_binary_n500_w0p2_b0_split0036,980036
C2_gaussian_paired_split_stability_C2_gaussian_paired_global_null_n500_SGL-WQS_719001_37,C2_gaussian_paired_split_stability,C2_gaussian_paired_global_null_n500,gaussian,500,13,SGL-WQS,719001,980037,980037,980037,37,global_null,global_null,legacy13,0.2,0,,,TRUE,split_global_binary_n500_w0p2_b0,split_global_binary_n500_w0p2_b0_split0037,980037
C2_gaussian_paired_split_stability_C2_gaussian_paired_global_null_n500_SGL-WQS_719001_38,C2_gaussian_paired_split_stability,C2_gaussian_paired_global_null_n500,gaussian,500,13,SGL-WQS,719001,980038,980038,980038,38,global_null,global_null,legacy13,0.2,0,,,TRUE,split_global_binary_n500_w0p2_b0,split_global_binary_n500_w0p2_b0_split0038,980038
C2_gaussian_paired_split_stability_C2_gaussian_paired_global_null_n500_SGL-WQS_719001_39,C2_gaussian_paired_split_stability,C2_gaussian_paired_global_null_n500,gaussian,500,13,SGL-WQS,719001,980039,980039,980039,39,global_null,global_null,legacy13,0.2,0,,,TRUE,split_global_binary_n500_w0p2_b0,split_global_binary_n500_w0p2_b0_split0039,980039
C2_gaussian_paired_split_stability_C2_gaussian_paired_global_null_n500_SGL-WQS_719001_40,C2_gaussian_paired_split_stability,C2_gaussian_paired_global_null_n500,gaussian,500,13,SGL-WQS,719001,980040,980040,980040,40,global_null,global_null,legacy13,0.2,0,,,TRUE,split_global_binary_n500_w0p2_b0,split_global_binary_n500_w0p2_b0_split0040,980040
C2_gaussian_paired_split_stability_C2_gaussian_paired_global_null_n500_SGL-WQS_719001_41,C2_gaussian_paired_split_stability,C2_gaussian_paired_global_null_n500,gaussian,500,13,SGL-WQS,719001,980041,980041,980041,41,global_null,global_null,legacy13,0.2,0,,,TRUE,split_global_binary_n500_w0p2_b0,split_global_binary_n500_w0p2_b0_split0041,980041
C2_gaussian_paired_split_stability_C2_gaussian_paired_global_null_n500_SGL-WQS_719001_42,C2_gaussian_paired_split_stability,C2_gaussian_paired_global_null_n500,gaussian,500,13,SGL-WQS,719001,980042,980042,980042,42,global_null,global_null,legacy13,0.2,0,,,TRUE,split_global_binary_n500_w0p2_b0,split_global_binary_n500_w0p2_b0_split0042,980042
C2_gaussian_paired_split_stability_C2_gaussian_paired_global_null_n500_SGL-WQS_719001_43,C2_gaussian_paired_split_stability,C2_gaussian_paired_global_null_n500,gaussian,500,13,SGL-WQS,719001,980043,980043,980043,43,global_null,global_null,legacy13,0.2,0,,,TRUE,split_global_binary_n500_w0p2_b0,split_global_binary_n500_w0p2_b0_split0043,980043
C2_gaussian_paired_split_stability_C2_gaussian_paired_global_null_n500_SGL-WQS_719001_44,C2_gaussian_paired_split_stability,C2_gaussian_paired_global_null_n500,gaussian,500,13,SGL-WQS,719001,980044,980044,980044,44,global_null,global_null,legacy13,0.2,0,,,TRUE,split_global_binary_n500_w0p2_b0,split_global_binary_n500_w0p2_b0_split0044,980044
C2_gaussian_paired_split_stability_C2_gaussian_paired_global_null_n500_SGL-WQS_719001_45,C2_gaussian_paired_split_stability,C2_gaussian_paired_global_null_n500,gaussian,500,13,SGL-WQS,719001,980045,980045,980045,45,global_null,global_null,legacy13,0.2,0,,,TRUE,split_global_binary_n500_w0p2_b0,split_global_binary_n500_w0p2_b0_split0045,980045
C2_gaussian_paired_split_stability_C2_gaussian_paired_global_null_n500_SGL-WQS_719001_46,C2_gaussian_paired_split_stability,C2_gaussian_paired_global_null_n500,gaussian,500,13,SGL-WQS,719001,980046,980046,980046,46,global_null,global_null,legacy13,0.2,0,,,TRUE,split_global_binary_n500_w0p2_b0,split_global_binary_n500_w0p2_b0_split0046,980046
C2_gaussian_paired_split_stability_C2_gaussian_paired_global_null_n500_SGL-WQS_719001_47,C2_gaussian_paired_split_stability,C2_gaussian_paired_global_null_n500,gaussian,500,13,SGL-WQS,719001,980047,980047,980047,47,global_null,global_null,legacy13,0.2,0,,,TRUE,split_global_binary_n500_w0p2_b0,split_global_binary_n500_w0p2_b0_split0047,980047
C2_gaussian_paired_split_stability_C2_gaussian_paired_global_null_n500_SGL-WQS_719001_48,C2_gaussian_paired_split_stability,C2_gaussian_paired_global_null_n500,gaussian,500,13,SGL-WQS,719001,980048,980048,980048,48,global_null,global_null,legacy13,0.2,0,,,TRUE,split_global_binary_n500_w0p2_b0,split_global_binary_n500_w0p2_b0_split0048,980048
C2_gaussian_paired_split_stability_C2_gaussian_paired_global_null_n500_SGL-WQS_719001_49,C2_gaussian_paired_split_stability,C2_gaussian_paired_global_null_n500,gaussian,500,13,SGL-WQS,719001,980049,980049,980049,49,global_null,global_null,legacy13,0.2,0,,,TRUE,split_global_binary_n500_w0p2_b0,split_global_binary_n500_w0p2_b0_split0049,980049
C2_gaussian_paired_split_stability_C2_gaussian_paired_global_null_n500_SGL-WQS_719001_50,C2_gaussian_paired_split_stability,C2_gaussian_paired_global_null_n500,gaussian,500,13,SGL-WQS,719001,980050,980050,980050,50,global_null,global_null,legacy13,0.2,0,,,TRUE,split_global_binary_n500_w0p2_b0,split_global_binary_n500_w0p2_b0_split0050,980050
C2_gaussian_paired_split_stability_C2_gaussian_paired_global_null_n500_SGL-WQS_719001_51,C2_gaussian_paired_split_stability,C2_gaussian_paired_global_null_n500,gaussian,500,13,SGL-WQS,719001,980051,980051,980051,51,global_null,global_null,legacy13,0.2,0,,,TRUE,split_global_binary_n500_w0p2_b0,split_global_binary_n500_w0p2_b0_split0051,980051
C2_gaussian_paired_split_stability_C2_gaussian_paired_global_null_n500_SGL-WQS_719001_52,C2_gaussian_paired_split_stability,C2_gaussian_paired_global_null_n500,gaussian,500,13,SGL-WQS,719001,980052,980052,980052,52,global_null,global_null,legacy13,0.2,0,,,TRUE,split_global_binary_n500_w0p2_b0,split_global_binary_n500_w0p2_b0_split0052,980052
C2_gaussian_paired_split_stability_C2_gaussian_paired_global_null_n500_SGL-WQS_719001_53,C2_gaussian_paired_split_stability,C2_gaussian_paired_global_null_n500,gaussian,500,13,SGL-WQS,719001,980053,980053,980053,53,global_null,global_null,legacy13,0.2,0,,,TRUE,split_global_binary_n500_w0p2_b0,split_global_binary_n500_w0p2_b0_split0053,980053
C2_gaussian_paired_split_stability_C2_gaussian_paired_global_null_n500_SGL-WQS_719001_54,C2_gaussian_paired_split_stability,C2_gaussian_paired_global_null_n500,gaussian,500,13,SGL-WQS,719001,980054,980054,980054,54,global_null,global_null,legacy13,0.2,0,,,TRUE,split_global_binary_n500_w0p2_b0,split_global_binary_n500_w0p2_b0_split0054,980054
C2_gaussian_paired_split_stability_C2_gaussian_paired_global_null_n500_SGL-WQS_719001_55,C2_gaussian_paired_split_stability,C2_gaussian_paired_global_null_n500,gaussian,500,13,SGL-WQS,719001,980055,980055,980055,55,global_null,global_null,legacy13,0.2,0,,,TRUE,split_global_binary_n500_w0p2_b0,split_global_binary_n500_w0p2_b0_split0055,980055
C2_gaussian_paired_split_stability_C2_gaussian_paired_global_null_n500_SGL-WQS_719001_56,C2_gaussian_paired_split_stability,C2_gaussian_paired_global_null_n500,gaussian,500,13,SGL-WQS,719001,980056,980056,980056,56,global_null,global_null,legacy13,0.2,0,,,TRUE,split_global_binary_n500_w0p2_b0,split_global_binary_n500_w0p2_b0_split0056,980056
C2_gaussian_paired_split_stability_C2_gaussian_paired_global_null_n500_SGL-WQS_719001_57,C2_gaussian_paired_split_stability,C2_gaussian_paired_global_null_n500,gaussian,500,13,SGL-WQS,719001,980057,980057,980057,57,global_null,global_null,legacy13,0.2,0,,,TRUE,split_global_binary_n500_w0p2_b0,split_global_binary_n500_w0p2_b0_split0057,980057
C2_gaussian_paired_split_stability_C2_gaussian_paired_global_null_n500_SGL-WQS_719001_58,C2_gaussian_paired_split_stability,C2_gaussian_paired_global_null_n500,gaussian,500,13,SGL-WQS,719001,980058,980058,980058,58,global_null,global_null,legacy13,0.2,0,,,TRUE,split_global_binary_n500_w0p2_b0,split_global_binary_n500_w0p2_b0_split0058,980058
C2_gaussian_paired_split_stability_C2_gaussian_paired_global_null_n500_SGL-WQS_719001_59,C2_gaussian_paired_split_stability,C2_gaussian_paired_global_null_n500,gaussian,500,13,SGL-WQS,719001,980059,980059,980059,59,global_null,global_null,legacy13,0.2,0,,,TRUE,split_global_binary_n500_w0p2_b0,split_global_binary_n500_w0p2_b0_split0059,980059
C2_gaussian_paired_split_stability_C2_gaussian_paired_global_null_n500_SGL-WQS_719001_60,C2_gaussian_paired_split_stability,C2_gaussian_paired_global_null_n500,gaussian,500,13,SGL-WQS,719001,980060,980060,980060,60,global_null,global_null,legacy13,0.2,0,,,TRUE,split_global_binary_n500_w0p2_b0,split_global_binary_n500_w0p2_b0_split0060,980060
C2_gaussian_paired_split_stability_C2_gaussian_paired_global_null_n500_SGL-WQS_719001_61,C2_gaussian_paired_split_stability,C2_gaussian_paired_global_null_n500,gaussian,500,13,SGL-WQS,719001,980061,980061,980061,61,global_null,global_null,legacy13,0.2,0,,,TRUE,split_global_binary_n500_w0p2_b0,split_global_binary_n500_w0p2_b0_split0061,980061
C2_gaussian_paired_split_stability_C2_gaussian_paired_global_null_n500_SGL-WQS_719001_62,C2_gaussian_paired_split_stability,C2_gaussian_paired_global_null_n500,gaussian,500,13,SGL-WQS,719001,980062,980062,980062,62,global_null,global_null,legacy13,0.2,0,,,TRUE,split_global_binary_n500_w0p2_b0,split_global_binary_n500_w0p2_b0_split0062,980062
C2_gaussian_paired_split_stability_C2_gaussian_paired_global_null_n500_SGL-WQS_719001_63,C2_gaussian_paired_split_stability,C2_gaussian_paired_global_null_n500,gaussian,500,13,SGL-WQS,719001,980063,980063,980063,63,global_null,global_null,legacy13,0.2,0,,,TRUE,split_global_binary_n500_w0p2_b0,split_global_binary_n500_w0p2_b0_split0063,980063
C2_gaussian_paired_split_stability_C2_gaussian_paired_global_null_n500_SGL-WQS_719001_64,C2_gaussian_paired_split_stability,C2_gaussian_paired_global_null_n500,gaussian,500,13,SGL-WQS,719001,980064,980064,980064,64,global_null,global_null,legacy13,0.2,0,,,TRUE,split_global_binary_n500_w0p2_b0,split_global_binary_n500_w0p2_b0_split0064,980064
C2_gaussian_paired_split_stability_C2_gaussian_paired_global_null_n500_SGL-WQS_719001_65,C2_gaussian_paired_split_stability,C2_gaussian_paired_global_null_n500,gaussian,500,13,SGL-WQS,719001,980065,980065,980065,65,global_null,global_null,legacy13,0.2,0,,,TRUE,split_global_binary_n500_w0p2_b0,split_global_binary_n500_w0p2_b0_split0065,980065
C2_gaussian_paired_split_stability_C2_gaussian_paired_global_null_n500_SGL-WQS_719001_66,C2_gaussian_paired_split_stability,C2_gaussian_paired_global_null_n500,gaussian,500,13,SGL-WQS,719001,980066,980066,980066,66,global_null,global_null,legacy13,0.2,0,,,TRUE,split_global_binary_n500_w0p2_b0,split_global_binary_n500_w0p2_b0_split0066,980066
C2_gaussian_paired_split_stability_C2_gaussian_paired_global_null_n500_SGL-WQS_719001_67,C2_gaussian_paired_split_stability,C2_gaussian_paired_global_null_n500,gaussian,500,13,SGL-WQS,719001,980067,980067,980067,67,global_null,global_null,legacy13,0.2,0,,,TRUE,split_global_binary_n500_w0p2_b0,split_global_binary_n500_w0p2_b0_split0067,980067
C2_gaussian_paired_split_stability_C2_gaussian_paired_global_null_n500_SGL-WQS_719001_68,C2_gaussian_paired_split_stability,C2_gaussian_paired_global_null_n500,gaussian,500,13,SGL-WQS,719001,980068,980068,980068,68,global_null,global_null,legacy13,0.2,0,,,TRUE,split_global_binary_n500_w0p2_b0,split_global_binary_n500_w0p2_b0_split0068,980068
C2_gaussian_paired_split_stability_C2_gaussian_paired_global_null_n500_SGL-WQS_719001_69,C2_gaussian_paired_split_stability,C2_gaussian_paired_global_null_n500,gaussian,500,13,SGL-WQS,719001,980069,980069,980069,69,global_null,global_null,legacy13,0.2,0,,,TRUE,split_global_binary_n500_w0p2_b0,split_global_binary_n500_w0p2_b0_split0069,980069
C2_gaussian_paired_split_stability_C2_gaussian_paired_global_null_n500_SGL-WQS_719001_70,C2_gaussian_paired_split_stability,C2_gaussian_paired_global_null_n500,gaussian,500,13,SGL-WQS,719001,980070,980070,980070,70,global_null,global_null,legacy13,0.2,0,,,TRUE,split_global_binary_n500_w0p2_b0,split_global_binary_n500_w0p2_b0_split0070,980070
C2_gaussian_paired_split_stability_C2_gaussian_paired_global_null_n500_SGL-WQS_719001_71,C2_gaussian_paired_split_stability,C2_gaussian_paired_global_null_n500,gaussian,500,13,SGL-WQS,719001,980071,980071,980071,71,global_null,global_null,legacy13,0.2,0,,,TRUE,split_global_binary_n500_w0p2_b0,split_global_binary_n500_w0p2_b0_split0071,980071
C2_gaussian_paired_split_stability_C2_gaussian_paired_global_null_n500_SGL-WQS_719001_72,C2_gaussian_paired_split_stability,C2_gaussian_paired_global_null_n500,gaussian,500,13,SGL-WQS,719001,980072,980072,980072,72,global_null,global_null,legacy13,0.2,0,,,TRUE,split_global_binary_n500_w0p2_b0,split_global_binary_n500_w0p2_b0_split0072,980072
C2_gaussian_paired_split_stability_C2_gaussian_paired_global_null_n500_SGL-WQS_719001_73,C2_gaussian_paired_split_stability,C2_gaussian_paired_global_null_n500,gaussian,500,13,SGL-WQS,719001,980073,980073,980073,73,global_null,global_null,legacy13,0.2,0,,,TRUE,split_global_binary_n500_w0p2_b0,split_global_binary_n500_w0p2_b0_split0073,980073
C2_gaussian_paired_split_stability_C2_gaussian_paired_global_null_n500_SGL-WQS_719001_74,C2_gaussian_paired_split_stability,C2_gaussian_paired_global_null_n500,gaussian,500,13,SGL-WQS,719001,980074,980074,980074,74,global_null,global_null,legacy13,0.2,0,,,TRUE,split_global_binary_n500_w0p2_b0,split_global_binary_n500_w0p2_b0_split0074,980074
C2_gaussian_paired_split_stability_C2_gaussian_paired_global_null_n500_SGL-WQS_719001_75,C2_gaussian_paired_split_stability,C2_gaussian_paired_global_null_n500,gaussian,500,13,SGL-WQS,719001,980075,980075,980075,75,global_null,global_null,legacy13,0.2,0,,,TRUE,split_global_binary_n500_w0p2_b0,split_global_binary_n500_w0p2_b0_split0075,980075
C2_gaussian_paired_split_stability_C2_gaussian_paired_global_null_n500_SGL-WQS_719001_76,C2_gaussian_paired_split_stability,C2_gaussian_paired_global_null_n500,gaussian,500,13,SGL-WQS,719001,980076,980076,980076,76,global_null,global_null,legacy13,0.2,0,,,TRUE,split_global_binary_n500_w0p2_b0,split_global_binary_n500_w0p2_b0_split0076,980076
C2_gaussian_paired_split_stability_C2_gaussian_paired_global_null_n500_SGL-WQS_719001_77,C2_gaussian_paired_split_stability,C2_gaussian_paired_global_null_n500,gaussian,500,13,SGL-WQS,719001,980077,980077,980077,77,global_null,global_null,legacy13,0.2,0,,,TRUE,split_global_binary_n500_w0p2_b0,split_global_binary_n500_w0p2_b0_split0077,980077
C2_gaussian_paired_split_stability_C2_gaussian_paired_global_null_n500_SGL-WQS_719001_78,C2_gaussian_paired_split_stability,C2_gaussian_paired_global_null_n500,gaussian,500,13,SGL-WQS,719001,980078,980078,980078,78,global_null,global_null,legacy13,0.2,0,,,TRUE,split_global_binary_n500_w0p2_b0,split_global_binary_n500_w0p2_b0_split0078,980078
C2_gaussian_paired_split_stability_C2_gaussian_paired_global_null_n500_SGL-WQS_719001_79,C2_gaussian_paired_split_stability,C2_gaussian_paired_global_null_n500,gaussian,500,13,SGL-WQS,719001,980079,980079,980079,79,global_null,global_null,legacy13,0.2,0,,,TRUE,split_global_binary_n500_w0p2_b0,split_global_binary_n500_w0p2_b0_split0079,980079
C2_gaussian_paired_split_stability_C2_gaussian_paired_global_null_n500_SGL-WQS_719001_80,C2_gaussian_paired_split_stability,C2_gaussian_paired_global_null_n500,gaussian,500,13,SGL-WQS,719001,980080,980080,980080,80,global_null,global_null,legacy13,0.2,0,,,TRUE,split_global_binary_n500_w0p2_b0,split_global_binary_n500_w0p2_b0_split0080,980080
C2_gaussian_paired_split_stability_C2_gaussian_paired_global_null_n500_SGL-WQS_719001_81,C2_gaussian_paired_split_stability,C2_gaussian_paired_global_null_n500,gaussian,500,13,SGL-WQS,719001,980081,980081,980081,81,global_null,global_null,legacy13,0.2,0,,,TRUE,split_global_binary_n500_w0p2_b0,split_global_binary_n500_w0p2_b0_split0081,980081
C2_gaussian_paired_split_stability_C2_gaussian_paired_global_null_n500_SGL-WQS_719001_82,C2_gaussian_paired_split_stability,C2_gaussian_paired_global_null_n500,gaussian,500,13,SGL-WQS,719001,980082,980082,980082,82,global_null,global_null,legacy13,0.2,0,,,TRUE,split_global_binary_n500_w0p2_b0,split_global_binary_n500_w0p2_b0_split0082,980082
C2_gaussian_paired_split_stability_C2_gaussian_paired_global_null_n500_SGL-WQS_719001_83,C2_gaussian_paired_split_stability,C2_gaussian_paired_global_null_n500,gaussian,500,13,SGL-WQS,719001,980083,980083,980083,83,global_null,global_null,legacy13,0.2,0,,,TRUE,split_global_binary_n500_w0p2_b0,split_global_binary_n500_w0p2_b0_split0083,980083
C2_gaussian_paired_split_stability_C2_gaussian_paired_global_null_n500_SGL-WQS_719001_84,C2_gaussian_paired_split_stability,C2_gaussian_paired_global_null_n500,gaussian,500,13,SGL-WQS,719001,980084,980084,980084,84,global_null,global_null,legacy13,0.2,0,,,TRUE,split_global_binary_n500_w0p2_b0,split_global_binary_n500_w0p2_b0_split0084,980084
C2_gaussian_paired_split_stability_C2_gaussian_paired_global_null_n500_SGL-WQS_719001_85,C2_gaussian_paired_split_stability,C2_gaussian_paired_global_null_n500,gaussian,500,13,SGL-WQS,719001,980085,980085,980085,85,global_null,global_null,legacy13,0.2,0,,,TRUE,split_global_binary_n500_w0p2_b0,split_global_binary_n500_w0p2_b0_split0085,980085
C2_gaussian_paired_split_stability_C2_gaussian_paired_global_null_n500_SGL-WQS_719001_86,C2_gaussian_paired_split_stability,C2_gaussian_paired_global_null_n500,gaussian,500,13,SGL-WQS,719001,980086,980086,980086,86,global_null,global_null,legacy13,0.2,0,,,TRUE,split_global_binary_n500_w0p2_b0,split_global_binary_n500_w0p2_b0_split0086,980086
C2_gaussian_paired_split_stability_C2_gaussian_paired_global_null_n500_SGL-WQS_719001_87,C2_gaussian_paired_split_stability,C2_gaussian_paired_global_null_n500,gaussian,500,13,SGL-WQS,719001,980087,980087,980087,87,global_null,global_null,legacy13,0.2,0,,,TRUE,split_global_binary_n500_w0p2_b0,split_global_binary_n500_w0p2_b0_split0087,980087
C2_gaussian_paired_split_stability_C2_gaussian_paired_global_null_n500_SGL-WQS_719001_88,C2_gaussian_paired_split_stability,C2_gaussian_paired_global_null_n500,gaussian,500,13,SGL-WQS,719001,980088,980088,980088,88,global_null,global_null,legacy13,0.2,0,,,TRUE,split_global_binary_n500_w0p2_b0,split_global_binary_n500_w0p2_b0_split0088,980088
C2_gaussian_paired_split_stability_C2_gaussian_paired_global_null_n500_SGL-WQS_719001_89,C2_gaussian_paired_split_stability,C2_gaussian_paired_global_null_n500,gaussian,500,13,SGL-WQS,719001,980089,980089,980089,89,global_null,global_null,legacy13,0.2,0,,,TRUE,split_global_binary_n500_w0p2_b0,split_global_binary_n500_w0p2_b0_split0089,980089
C2_gaussian_paired_split_stability_C2_gaussian_paired_global_null_n500_SGL-WQS_719001_90,C2_gaussian_paired_split_stability,C2_gaussian_paired_global_null_n500,gaussian,500,13,SGL-WQS,719001,980090,980090,980090,90,global_null,global_null,legacy13,0.2,0,,,TRUE,split_global_binary_n500_w0p2_b0,split_global_binary_n500_w0p2_b0_split0090,980090
C2_gaussian_paired_split_stability_C2_gaussian_paired_global_null_n500_SGL-WQS_719001_91,C2_gaussian_paired_split_stability,C2_gaussian_paired_global_null_n500,gaussian,500,13,SGL-WQS,719001,980091,980091,980091,91,global_null,global_null,legacy13,0.2,0,,,TRUE,split_global_binary_n500_w0p2_b0,split_global_binary_n500_w0p2_b0_split0091,980091
C2_gaussian_paired_split_stability_C2_gaussian_paired_global_null_n500_SGL-WQS_719001_92,C2_gaussian_paired_split_stability,C2_gaussian_paired_global_null_n500,gaussian,500,13,SGL-WQS,719001,980092,980092,980092,92,global_null,global_null,legacy13,0.2,0,,,TRUE,split_global_binary_n500_w0p2_b0,split_global_binary_n500_w0p2_b0_split0092,980092
C2_gaussian_paired_split_stability_C2_gaussian_paired_global_null_n500_SGL-WQS_719001_93,C2_gaussian_paired_split_stability,C2_gaussian_paired_global_null_n500,gaussian,500,13,SGL-WQS,719001,980093,980093,980093,93,global_null,global_null,legacy13,0.2,0,,,TRUE,split_global_binary_n500_w0p2_b0,split_global_binary_n500_w0p2_b0_split0093,980093
C2_gaussian_paired_split_stability_C2_gaussian_paired_global_null_n500_SGL-WQS_719001_94,C2_gaussian_paired_split_stability,C2_gaussian_paired_global_null_n500,gaussian,500,13,SGL-WQS,719001,980094,980094,980094,94,global_null,global_null,legacy13,0.2,0,,,TRUE,split_global_binary_n500_w0p2_b0,split_global_binary_n500_w0p2_b0_split0094,980094
C2_gaussian_paired_split_stability_C2_gaussian_paired_global_null_n500_SGL-WQS_719001_95,C2_gaussian_paired_split_stability,C2_gaussian_paired_global_null_n500,gaussian,500,13,SGL-WQS,719001,980095,980095,980095,95,global_null,global_null,legacy13,0.2,0,,,TRUE,split_global_binary_n500_w0p2_b0,split_global_binary_n500_w0p2_b0_split0095,980095
C2_gaussian_paired_split_stability_C2_gaussian_paired_global_null_n500_SGL-WQS_719001_96,C2_gaussian_paired_split_stability,C2_gaussian_paired_global_null_n500,gaussian,500,13,SGL-WQS,719001,980096,980096,980096,96,global_null,global_null,legacy13,0.2,0,,,TRUE,split_global_binary_n500_w0p2_b0,split_global_binary_n500_w0p2_b0_split0096,980096
C2_gaussian_paired_split_stability_C2_gaussian_paired_global_null_n500_SGL-WQS_719001_97,C2_gaussian_paired_split_stability,C2_gaussian_paired_global_null_n500,gaussian,500,13,SGL-WQS,719001,980097,980097,980097,97,global_null,global_null,legacy13,0.2,0,,,TRUE,split_global_binary_n500_w0p2_b0,split_global_binary_n500_w0p2_b0_split0097,980097
C2_gaussian_paired_split_stability_C2_gaussian_paired_global_null_n500_SGL-WQS_719001_98,C2_gaussian_paired_split_stability,C2_gaussian_paired_global_null_n500,gaussian,500,13,SGL-WQS,719001,980098,980098,980098,98,global_null,global_null,legacy13,0.2,0,,,TRUE,split_global_binary_n500_w0p2_b0,split_global_binary_n500_w0p2_b0_split0098,980098
C2_gaussian_paired_split_stability_C2_gaussian_paired_global_null_n500_SGL-WQS_719001_99,C2_gaussian_paired_split_stability,C2_gaussian_paired_global_null_n500,gaussian,500,13,SGL-WQS,719001,980099,980099,980099,99,global_null,global_null,legacy13,0.2,0,,,TRUE,split_global_binary_n500_w0p2_b0,split_global_binary_n500_w0p2_b0_split0099,980099
C2_gaussian_paired_split_stability_C2_gaussian_paired_global_null_n500_SGL-WQS_719001_100,C2_gaussian_paired_split_stability,C2_gaussian_paired_global_null_n500,gaussian,500,13,SGL-WQS,719001,980100,980100,980100,100,global_null,global_null,legacy13,0.2,0,,,TRUE,split_global_binary_n500_w0p2_b0,split_global_binary_n500_w0p2_b0_split0100,980100
C2_gaussian_paired_split_stability_C2_gaussian_paired_partial_null_n5000_SGL-WQS_719102_1,C2_gaussian_paired_split_stability,C2_gaussian_paired_partial_null_n5000,gaussian,5000,13,SGL-WQS,719102,1580001,1580001,1580001,1,baseline,partial_null,legacy13,0.6,0.3,,,TRUE,split_partial_binary_n5000_w0p6_b0p3,split_partial_binary_n5000_w0p6_b0p3_split0001,1580001
C2_gaussian_paired_split_stability_C2_gaussian_paired_partial_null_n5000_SGL-WQS_719102_2,C2_gaussian_paired_split_stability,C2_gaussian_paired_partial_null_n5000,gaussian,5000,13,SGL-WQS,719102,1580002,1580002,1580002,2,baseline,partial_null,legacy13,0.6,0.3,,,TRUE,split_partial_binary_n5000_w0p6_b0p3,split_partial_binary_n5000_w0p6_b0p3_split0002,1580002
C2_gaussian_paired_split_stability_C2_gaussian_paired_partial_null_n5000_SGL-WQS_719102_3,C2_gaussian_paired_split_stability,C2_gaussian_paired_partial_null_n5000,gaussian,5000,13,SGL-WQS,719102,1580003,1580003,1580003,3,baseline,partial_null,legacy13,0.6,0.3,,,TRUE,split_partial_binary_n5000_w0p6_b0p3,split_partial_binary_n5000_w0p6_b0p3_split0003,1580003
C2_gaussian_paired_split_stability_C2_gaussian_paired_partial_null_n5000_SGL-WQS_719102_4,C2_gaussian_paired_split_stability,C2_gaussian_paired_partial_null_n5000,gaussian,5000,13,SGL-WQS,719102,1580004,1580004,1580004,4,baseline,partial_null,legacy13,0.6,0.3,,,TRUE,split_partial_binary_n5000_w0p6_b0p3,split_partial_binary_n5000_w0p6_b0p3_split0004,1580004
C2_gaussian_paired_split_stability_C2_gaussian_paired_partial_null_n5000_SGL-WQS_719102_5,C2_gaussian_paired_split_stability,C2_gaussian_paired_partial_null_n5000,gaussian,5000,13,SGL-WQS,719102,1580005,1580005,1580005,5,baseline,partial_null,legacy13,0.6,0.3,,,TRUE,split_partial_binary_n5000_w0p6_b0p3,split_partial_binary_n5000_w0p6_b0p3_split0005,1580005
C2_gaussian_paired_split_stability_C2_gaussian_paired_partial_null_n5000_SGL-WQS_719102_6,C2_gaussian_paired_split_stability,C2_gaussian_paired_partial_null_n5000,gaussian,5000,13,SGL-WQS,719102,1580006,1580006,1580006,6,baseline,partial_null,legacy13,0.6,0.3,,,TRUE,split_partial_binary_n5000_w0p6_b0p3,split_partial_binary_n5000_w0p6_b0p3_split0006,1580006
C2_gaussian_paired_split_stability_C2_gaussian_paired_partial_null_n5000_SGL-WQS_719102_7,C2_gaussian_paired_split_stability,C2_gaussian_paired_partial_null_n5000,gaussian,5000,13,SGL-WQS,719102,1580007,1580007,1580007,7,baseline,partial_null,legacy13,0.6,0.3,,,TRUE,split_partial_binary_n5000_w0p6_b0p3,split_partial_binary_n5000_w0p6_b0p3_split0007,1580007
C2_gaussian_paired_split_stability_C2_gaussian_paired_partial_null_n5000_SGL-WQS_719102_8,C2_gaussian_paired_split_stability,C2_gaussian_paired_partial_null_n5000,gaussian,5000,13,SGL-WQS,719102,1580008,1580008,1580008,8,baseline,partial_null,legacy13,0.6,0.3,,,TRUE,split_partial_binary_n5000_w0p6_b0p3,split_partial_binary_n5000_w0p6_b0p3_split0008,1580008
C2_gaussian_paired_split_stability_C2_gaussian_paired_partial_null_n5000_SGL-WQS_719102_9,C2_gaussian_paired_split_stability,C2_gaussian_paired_partial_null_n5000,gaussian,5000,13,SGL-WQS,719102,1580009,1580009,1580009,9,baseline,partial_null,legacy13,0.6,0.3,,,TRUE,split_partial_binary_n5000_w0p6_b0p3,split_partial_binary_n5000_w0p6_b0p3_split0009,1580009
C2_gaussian_paired_split_stability_C2_gaussian_paired_partial_null_n5000_SGL-WQS_719102_10,C2_gaussian_paired_split_stability,C2_gaussian_paired_partial_null_n5000,gaussian,5000,13,SGL-WQS,719102,1580010,1580010,1580010,10,baseline,partial_null,legacy13,0.6,0.3,,,TRUE,split_partial_binary_n5000_w0p6_b0p3,split_partial_binary_n5000_w0p6_b0p3_split0010,1580010
C2_gaussian_paired_split_stability_C2_gaussian_paired_partial_null_n5000_SGL-WQS_719102_11,C2_gaussian_paired_split_stability,C2_gaussian_paired_partial_null_n5000,gaussian,5000,13,SGL-WQS,719102,1580011,1580011,1580011,11,baseline,partial_null,legacy13,0.6,0.3,,,TRUE,split_partial_binary_n5000_w0p6_b0p3,split_partial_binary_n5000_w0p6_b0p3_split0011,1580011
C2_gaussian_paired_split_stability_C2_gaussian_paired_partial_null_n5000_SGL-WQS_719102_12,C2_gaussian_paired_split_stability,C2_gaussian_paired_partial_null_n5000,gaussian,5000,13,SGL-WQS,719102,1580012,1580012,1580012,12,baseline,partial_null,legacy13,0.6,0.3,,,TRUE,split_partial_binary_n5000_w0p6_b0p3,split_partial_binary_n5000_w0p6_b0p3_split0012,1580012
C2_gaussian_paired_split_stability_C2_gaussian_paired_partial_null_n5000_SGL-WQS_719102_13,C2_gaussian_paired_split_stability,C2_gaussian_paired_partial_null_n5000,gaussian,5000,13,SGL-WQS,719102,1580013,1580013,1580013,13,baseline,partial_null,legacy13,0.6,0.3,,,TRUE,split_partial_binary_n5000_w0p6_b0p3,split_partial_binary_n5000_w0p6_b0p3_split0013,1580013
C2_gaussian_paired_split_stability_C2_gaussian_paired_partial_null_n5000_SGL-WQS_719102_14,C2_gaussian_paired_split_stability,C2_gaussian_paired_partial_null_n5000,gaussian,5000,13,SGL-WQS,719102,1580014,1580014,1580014,14,baseline,partial_null,legacy13,0.6,0.3,,,TRUE,split_partial_binary_n5000_w0p6_b0p3,split_partial_binary_n5000_w0p6_b0p3_split0014,1580014
C2_gaussian_paired_split_stability_C2_gaussian_paired_partial_null_n5000_SGL-WQS_719102_15,C2_gaussian_paired_split_stability,C2_gaussian_paired_partial_null_n5000,gaussian,5000,13,SGL-WQS,719102,1580015,1580015,1580015,15,baseline,partial_null,legacy13,0.6,0.3,,,TRUE,split_partial_binary_n5000_w0p6_b0p3,split_partial_binary_n5000_w0p6_b0p3_split0015,1580015
C2_gaussian_paired_split_stability_C2_gaussian_paired_partial_null_n5000_SGL-WQS_719102_16,C2_gaussian_paired_split_stability,C2_gaussian_paired_partial_null_n5000,gaussian,5000,13,SGL-WQS,719102,1580016,1580016,1580016,16,baseline,partial_null,legacy13,0.6,0.3,,,TRUE,split_partial_binary_n5000_w0p6_b0p3,split_partial_binary_n5000_w0p6_b0p3_split0016,1580016
C2_gaussian_paired_split_stability_C2_gaussian_paired_partial_null_n5000_SGL-WQS_719102_17,C2_gaussian_paired_split_stability,C2_gaussian_paired_partial_null_n5000,gaussian,5000,13,SGL-WQS,719102,1580017,1580017,1580017,17,baseline,partial_null,legacy13,0.6,0.3,,,TRUE,split_partial_binary_n5000_w0p6_b0p3,split_partial_binary_n5000_w0p6_b0p3_split0017,1580017
C2_gaussian_paired_split_stability_C2_gaussian_paired_partial_null_n5000_SGL-WQS_719102_18,C2_gaussian_paired_split_stability,C2_gaussian_paired_partial_null_n5000,gaussian,5000,13,SGL-WQS,719102,1580018,1580018,1580018,18,baseline,partial_null,legacy13,0.6,0.3,,,TRUE,split_partial_binary_n5000_w0p6_b0p3,split_partial_binary_n5000_w0p6_b0p3_split0018,1580018
C2_gaussian_paired_split_stability_C2_gaussian_paired_partial_null_n5000_SGL-WQS_719102_19,C2_gaussian_paired_split_stability,C2_gaussian_paired_partial_null_n5000,gaussian,5000,13,SGL-WQS,719102,1580019,1580019,1580019,19,baseline,partial_null,legacy13,0.6,0.3,,,TRUE,split_partial_binary_n5000_w0p6_b0p3,split_partial_binary_n5000_w0p6_b0p3_split0019,1580019
C2_gaussian_paired_split_stability_C2_gaussian_paired_partial_null_n5000_SGL-WQS_719102_20,C2_gaussian_paired_split_stability,C2_gaussian_paired_partial_null_n5000,gaussian,5000,13,SGL-WQS,719102,1580020,1580020,1580020,20,baseline,partial_null,legacy13,0.6,0.3,,,TRUE,split_partial_binary_n5000_w0p6_b0p3,split_partial_binary_n5000_w0p6_b0p3_split0020,1580020
C2_gaussian_paired_split_stability_C2_gaussian_paired_partial_null_n5000_SGL-WQS_719102_21,C2_gaussian_paired_split_stability,C2_gaussian_paired_partial_null_n5000,gaussian,5000,13,SGL-WQS,719102,1580021,1580021,1580021,21,baseline,partial_null,legacy13,0.6,0.3,,,TRUE,split_partial_binary_n5000_w0p6_b0p3,split_partial_binary_n5000_w0p6_b0p3_split0021,1580021
C2_gaussian_paired_split_stability_C2_gaussian_paired_partial_null_n5000_SGL-WQS_719102_22,C2_gaussian_paired_split_stability,C2_gaussian_paired_partial_null_n5000,gaussian,5000,13,SGL-WQS,719102,1580022,1580022,1580022,22,baseline,partial_null,legacy13,0.6,0.3,,,TRUE,split_partial_binary_n5000_w0p6_b0p3,split_partial_binary_n5000_w0p6_b0p3_split0022,1580022
C2_gaussian_paired_split_stability_C2_gaussian_paired_partial_null_n5000_SGL-WQS_719102_23,C2_gaussian_paired_split_stability,C2_gaussian_paired_partial_null_n5000,gaussian,5000,13,SGL-WQS,719102,1580023,1580023,1580023,23,baseline,partial_null,legacy13,0.6,0.3,,,TRUE,split_partial_binary_n5000_w0p6_b0p3,split_partial_binary_n5000_w0p6_b0p3_split0023,1580023
C2_gaussian_paired_split_stability_C2_gaussian_paired_partial_null_n5000_SGL-WQS_719102_24,C2_gaussian_paired_split_stability,C2_gaussian_paired_partial_null_n5000,gaussian,5000,13,SGL-WQS,719102,1580024,1580024,1580024,24,baseline,partial_null,legacy13,0.6,0.3,,,TRUE,split_partial_binary_n5000_w0p6_b0p3,split_partial_binary_n5000_w0p6_b0p3_split0024,1580024
C2_gaussian_paired_split_stability_C2_gaussian_paired_partial_null_n5000_SGL-WQS_719102_25,C2_gaussian_paired_split_stability,C2_gaussian_paired_partial_null_n5000,gaussian,5000,13,SGL-WQS,719102,1580025,1580025,1580025,25,baseline,partial_null,legacy13,0.6,0.3,,,TRUE,split_partial_binary_n5000_w0p6_b0p3,split_partial_binary_n5000_w0p6_b0p3_split0025,1580025
C2_gaussian_paired_split_stability_C2_gaussian_paired_partial_null_n5000_SGL-WQS_719102_26,C2_gaussian_paired_split_stability,C2_gaussian_paired_partial_null_n5000,gaussian,5000,13,SGL-WQS,719102,1580026,1580026,1580026,26,baseline,partial_null,legacy13,0.6,0.3,,,TRUE,split_partial_binary_n5000_w0p6_b0p3,split_partial_binary_n5000_w0p6_b0p3_split0026,1580026
C2_gaussian_paired_split_stability_C2_gaussian_paired_partial_null_n5000_SGL-WQS_719102_27,C2_gaussian_paired_split_stability,C2_gaussian_paired_partial_null_n5000,gaussian,5000,13,SGL-WQS,719102,1580027,1580027,1580027,27,baseline,partial_null,legacy13,0.6,0.3,,,TRUE,split_partial_binary_n5000_w0p6_b0p3,split_partial_binary_n5000_w0p6_b0p3_split0027,1580027
C2_gaussian_paired_split_stability_C2_gaussian_paired_partial_null_n5000_SGL-WQS_719102_28,C2_gaussian_paired_split_stability,C2_gaussian_paired_partial_null_n5000,gaussian,5000,13,SGL-WQS,719102,1580028,1580028,1580028,28,baseline,partial_null,legacy13,0.6,0.3,,,TRUE,split_partial_binary_n5000_w0p6_b0p3,split_partial_binary_n5000_w0p6_b0p3_split0028,1580028
C2_gaussian_paired_split_stability_C2_gaussian_paired_partial_null_n5000_SGL-WQS_719102_29,C2_gaussian_paired_split_stability,C2_gaussian_paired_partial_null_n5000,gaussian,5000,13,SGL-WQS,719102,1580029,1580029,1580029,29,baseline,partial_null,legacy13,0.6,0.3,,,TRUE,split_partial_binary_n5000_w0p6_b0p3,split_partial_binary_n5000_w0p6_b0p3_split0029,1580029
C2_gaussian_paired_split_stability_C2_gaussian_paired_partial_null_n5000_SGL-WQS_719102_30,C2_gaussian_paired_split_stability,C2_gaussian_paired_partial_null_n5000,gaussian,5000,13,SGL-WQS,719102,1580030,1580030,1580030,30,baseline,partial_null,legacy13,0.6,0.3,,,TRUE,split_partial_binary_n5000_w0p6_b0p3,split_partial_binary_n5000_w0p6_b0p3_split0030,1580030
C2_gaussian_paired_split_stability_C2_gaussian_paired_partial_null_n5000_SGL-WQS_719102_31,C2_gaussian_paired_split_stability,C2_gaussian_paired_partial_null_n5000,gaussian,5000,13,SGL-WQS,719102,1580031,1580031,1580031,31,baseline,partial_null,legacy13,0.6,0.3,,,TRUE,split_partial_binary_n5000_w0p6_b0p3,split_partial_binary_n5000_w0p6_b0p3_split0031,1580031
C2_gaussian_paired_split_stability_C2_gaussian_paired_partial_null_n5000_SGL-WQS_719102_32,C2_gaussian_paired_split_stability,C2_gaussian_paired_partial_null_n5000,gaussian,5000,13,SGL-WQS,719102,1580032,1580032,1580032,32,baseline,partial_null,legacy13,0.6,0.3,,,TRUE,split_partial_binary_n5000_w0p6_b0p3,split_partial_binary_n5000_w0p6_b0p3_split0032,1580032
C2_gaussian_paired_split_stability_C2_gaussian_paired_partial_null_n5000_SGL-WQS_719102_33,C2_gaussian_paired_split_stability,C2_gaussian_paired_partial_null_n5000,gaussian,5000,13,SGL-WQS,719102,1580033,1580033,1580033,33,baseline,partial_null,legacy13,0.6,0.3,,,TRUE,split_partial_binary_n5000_w0p6_b0p3,split_partial_binary_n5000_w0p6_b0p3_split0033,1580033
C2_gaussian_paired_split_stability_C2_gaussian_paired_partial_null_n5000_SGL-WQS_719102_34,C2_gaussian_paired_split_stability,C2_gaussian_paired_partial_null_n5000,gaussian,5000,13,SGL-WQS,719102,1580034,1580034,1580034,34,baseline,partial_null,legacy13,0.6,0.3,,,TRUE,split_partial_binary_n5000_w0p6_b0p3,split_partial_binary_n5000_w0p6_b0p3_split0034,1580034
C2_gaussian_paired_split_stability_C2_gaussian_paired_partial_null_n5000_SGL-WQS_719102_35,C2_gaussian_paired_split_stability,C2_gaussian_paired_partial_null_n5000,gaussian,5000,13,SGL-WQS,719102,1580035,1580035,1580035,35,baseline,partial_null,legacy13,0.6,0.3,,,TRUE,split_partial_binary_n5000_w0p6_b0p3,split_partial_binary_n5000_w0p6_b0p3_split0035,1580035
C2_gaussian_paired_split_stability_C2_gaussian_paired_partial_null_n5000_SGL-WQS_719102_36,C2_gaussian_paired_split_stability,C2_gaussian_paired_partial_null_n5000,gaussian,5000,13,SGL-WQS,719102,1580036,1580036,1580036,36,baseline,partial_null,legacy13,0.6,0.3,,,TRUE,split_partial_binary_n5000_w0p6_b0p3,split_partial_binary_n5000_w0p6_b0p3_split0036,1580036
C2_gaussian_paired_split_stability_C2_gaussian_paired_partial_null_n5000_SGL-WQS_719102_37,C2_gaussian_paired_split_stability,C2_gaussian_paired_partial_null_n5000,gaussian,5000,13,SGL-WQS,719102,1580037,1580037,1580037,37,baseline,partial_null,legacy13,0.6,0.3,,,TRUE,split_partial_binary_n5000_w0p6_b0p3,split_partial_binary_n5000_w0p6_b0p3_split0037,1580037
C2_gaussian_paired_split_stability_C2_gaussian_paired_partial_null_n5000_SGL-WQS_719102_38,C2_gaussian_paired_split_stability,C2_gaussian_paired_partial_null_n5000,gaussian,5000,13,SGL-WQS,719102,1580038,1580038,1580038,38,baseline,partial_null,legacy13,0.6,0.3,,,TRUE,split_partial_binary_n5000_w0p6_b0p3,split_partial_binary_n5000_w0p6_b0p3_split0038,1580038
C2_gaussian_paired_split_stability_C2_gaussian_paired_partial_null_n5000_SGL-WQS_719102_39,C2_gaussian_paired_split_stability,C2_gaussian_paired_partial_null_n5000,gaussian,5000,13,SGL-WQS,719102,1580039,1580039,1580039,39,baseline,partial_null,legacy13,0.6,0.3,,,TRUE,split_partial_binary_n5000_w0p6_b0p3,split_partial_binary_n5000_w0p6_b0p3_split0039,1580039
C2_gaussian_paired_split_stability_C2_gaussian_paired_partial_null_n5000_SGL-WQS_719102_40,C2_gaussian_paired_split_stability,C2_gaussian_paired_partial_null_n5000,gaussian,5000,13,SGL-WQS,719102,1580040,1580040,1580040,40,baseline,partial_null,legacy13,0.6,0.3,,,TRUE,split_partial_binary_n5000_w0p6_b0p3,split_partial_binary_n5000_w0p6_b0p3_split0040,1580040
C2_gaussian_paired_split_stability_C2_gaussian_paired_partial_null_n5000_SGL-WQS_719102_41,C2_gaussian_paired_split_stability,C2_gaussian_paired_partial_null_n5000,gaussian,5000,13,SGL-WQS,719102,1580041,1580041,1580041,41,baseline,partial_null,legacy13,0.6,0.3,,,TRUE,split_partial_binary_n5000_w0p6_b0p3,split_partial_binary_n5000_w0p6_b0p3_split0041,1580041
C2_gaussian_paired_split_stability_C2_gaussian_paired_partial_null_n5000_SGL-WQS_719102_42,C2_gaussian_paired_split_stability,C2_gaussian_paired_partial_null_n5000,gaussian,5000,13,SGL-WQS,719102,1580042,1580042,1580042,42,baseline,partial_null,legacy13,0.6,0.3,,,TRUE,split_partial_binary_n5000_w0p6_b0p3,split_partial_binary_n5000_w0p6_b0p3_split0042,1580042
C2_gaussian_paired_split_stability_C2_gaussian_paired_partial_null_n5000_SGL-WQS_719102_43,C2_gaussian_paired_split_stability,C2_gaussian_paired_partial_null_n5000,gaussian,5000,13,SGL-WQS,719102,1580043,1580043,1580043,43,baseline,partial_null,legacy13,0.6,0.3,,,TRUE,split_partial_binary_n5000_w0p6_b0p3,split_partial_binary_n5000_w0p6_b0p3_split0043,1580043
C2_gaussian_paired_split_stability_C2_gaussian_paired_partial_null_n5000_SGL-WQS_719102_44,C2_gaussian_paired_split_stability,C2_gaussian_paired_partial_null_n5000,gaussian,5000,13,SGL-WQS,719102,1580044,1580044,1580044,44,baseline,partial_null,legacy13,0.6,0.3,,,TRUE,split_partial_binary_n5000_w0p6_b0p3,split_partial_binary_n5000_w0p6_b0p3_split0044,1580044
C2_gaussian_paired_split_stability_C2_gaussian_paired_partial_null_n5000_SGL-WQS_719102_45,C2_gaussian_paired_split_stability,C2_gaussian_paired_partial_null_n5000,gaussian,5000,13,SGL-WQS,719102,1580045,1580045,1580045,45,baseline,partial_null,legacy13,0.6,0.3,,,TRUE,split_partial_binary_n5000_w0p6_b0p3,split_partial_binary_n5000_w0p6_b0p3_split0045,1580045
C2_gaussian_paired_split_stability_C2_gaussian_paired_partial_null_n5000_SGL-WQS_719102_46,C2_gaussian_paired_split_stability,C2_gaussian_paired_partial_null_n5000,gaussian,5000,13,SGL-WQS,719102,1580046,1580046,1580046,46,baseline,partial_null,legacy13,0.6,0.3,,,TRUE,split_partial_binary_n5000_w0p6_b0p3,split_partial_binary_n5000_w0p6_b0p3_split0046,1580046
C2_gaussian_paired_split_stability_C2_gaussian_paired_partial_null_n5000_SGL-WQS_719102_47,C2_gaussian_paired_split_stability,C2_gaussian_paired_partial_null_n5000,gaussian,5000,13,SGL-WQS,719102,1580047,1580047,1580047,47,baseline,partial_null,legacy13,0.6,0.3,,,TRUE,split_partial_binary_n5000_w0p6_b0p3,split_partial_binary_n5000_w0p6_b0p3_split0047,1580047
C2_gaussian_paired_split_stability_C2_gaussian_paired_partial_null_n5000_SGL-WQS_719102_48,C2_gaussian_paired_split_stability,C2_gaussian_paired_partial_null_n5000,gaussian,5000,13,SGL-WQS,719102,1580048,1580048,1580048,48,baseline,partial_null,legacy13,0.6,0.3,,,TRUE,split_partial_binary_n5000_w0p6_b0p3,split_partial_binary_n5000_w0p6_b0p3_split0048,1580048
C2_gaussian_paired_split_stability_C2_gaussian_paired_partial_null_n5000_SGL-WQS_719102_49,C2_gaussian_paired_split_stability,C2_gaussian_paired_partial_null_n5000,gaussian,5000,13,SGL-WQS,719102,1580049,1580049,1580049,49,baseline,partial_null,legacy13,0.6,0.3,,,TRUE,split_partial_binary_n5000_w0p6_b0p3,split_partial_binary_n5000_w0p6_b0p3_split0049,1580049
C2_gaussian_paired_split_stability_C2_gaussian_paired_partial_null_n5000_SGL-WQS_719102_50,C2_gaussian_paired_split_stability,C2_gaussian_paired_partial_null_n5000,gaussian,5000,13,SGL-WQS,719102,1580050,1580050,1580050,50,baseline,partial_null,legacy13,0.6,0.3,,,TRUE,split_partial_binary_n5000_w0p6_b0p3,split_partial_binary_n5000_w0p6_b0p3_split0050,1580050
C2_gaussian_paired_split_stability_C2_gaussian_paired_partial_null_n5000_SGL-WQS_719102_51,C2_gaussian_paired_split_stability,C2_gaussian_paired_partial_null_n5000,gaussian,5000,13,SGL-WQS,719102,1580051,1580051,1580051,51,baseline,partial_null,legacy13,0.6,0.3,,,TRUE,split_partial_binary_n5000_w0p6_b0p3,split_partial_binary_n5000_w0p6_b0p3_split0051,1580051
C2_gaussian_paired_split_stability_C2_gaussian_paired_partial_null_n5000_SGL-WQS_719102_52,C2_gaussian_paired_split_stability,C2_gaussian_paired_partial_null_n5000,gaussian,5000,13,SGL-WQS,719102,1580052,1580052,1580052,52,baseline,partial_null,legacy13,0.6,0.3,,,TRUE,split_partial_binary_n5000_w0p6_b0p3,split_partial_binary_n5000_w0p6_b0p3_split0052,1580052
C2_gaussian_paired_split_stability_C2_gaussian_paired_partial_null_n5000_SGL-WQS_719102_53,C2_gaussian_paired_split_stability,C2_gaussian_paired_partial_null_n5000,gaussian,5000,13,SGL-WQS,719102,1580053,1580053,1580053,53,baseline,partial_null,legacy13,0.6,0.3,,,TRUE,split_partial_binary_n5000_w0p6_b0p3,split_partial_binary_n5000_w0p6_b0p3_split0053,1580053
C2_gaussian_paired_split_stability_C2_gaussian_paired_partial_null_n5000_SGL-WQS_719102_54,C2_gaussian_paired_split_stability,C2_gaussian_paired_partial_null_n5000,gaussian,5000,13,SGL-WQS,719102,1580054,1580054,1580054,54,baseline,partial_null,legacy13,0.6,0.3,,,TRUE,split_partial_binary_n5000_w0p6_b0p3,split_partial_binary_n5000_w0p6_b0p3_split0054,1580054
C2_gaussian_paired_split_stability_C2_gaussian_paired_partial_null_n5000_SGL-WQS_719102_55,C2_gaussian_paired_split_stability,C2_gaussian_paired_partial_null_n5000,gaussian,5000,13,SGL-WQS,719102,1580055,1580055,1580055,55,baseline,partial_null,legacy13,0.6,0.3,,,TRUE,split_partial_binary_n5000_w0p6_b0p3,split_partial_binary_n5000_w0p6_b0p3_split0055,1580055
C2_gaussian_paired_split_stability_C2_gaussian_paired_partial_null_n5000_SGL-WQS_719102_56,C2_gaussian_paired_split_stability,C2_gaussian_paired_partial_null_n5000,gaussian,5000,13,SGL-WQS,719102,1580056,1580056,1580056,56,baseline,partial_null,legacy13,0.6,0.3,,,TRUE,split_partial_binary_n5000_w0p6_b0p3,split_partial_binary_n5000_w0p6_b0p3_split0056,1580056
C2_gaussian_paired_split_stability_C2_gaussian_paired_partial_null_n5000_SGL-WQS_719102_57,C2_gaussian_paired_split_stability,C2_gaussian_paired_partial_null_n5000,gaussian,5000,13,SGL-WQS,719102,1580057,1580057,1580057,57,baseline,partial_null,legacy13,0.6,0.3,,,TRUE,split_partial_binary_n5000_w0p6_b0p3,split_partial_binary_n5000_w0p6_b0p3_split0057,1580057
C2_gaussian_paired_split_stability_C2_gaussian_paired_partial_null_n5000_SGL-WQS_719102_58,C2_gaussian_paired_split_stability,C2_gaussian_paired_partial_null_n5000,gaussian,5000,13,SGL-WQS,719102,1580058,1580058,1580058,58,baseline,partial_null,legacy13,0.6,0.3,,,TRUE,split_partial_binary_n5000_w0p6_b0p3,split_partial_binary_n5000_w0p6_b0p3_split0058,1580058
C2_gaussian_paired_split_stability_C2_gaussian_paired_partial_null_n5000_SGL-WQS_719102_59,C2_gaussian_paired_split_stability,C2_gaussian_paired_partial_null_n5000,gaussian,5000,13,SGL-WQS,719102,1580059,1580059,1580059,59,baseline,partial_null,legacy13,0.6,0.3,,,TRUE,split_partial_binary_n5000_w0p6_b0p3,split_partial_binary_n5000_w0p6_b0p3_split0059,1580059
C2_gaussian_paired_split_stability_C2_gaussian_paired_partial_null_n5000_SGL-WQS_719102_60,C2_gaussian_paired_split_stability,C2_gaussian_paired_partial_null_n5000,gaussian,5000,13,SGL-WQS,719102,1580060,1580060,1580060,60,baseline,partial_null,legacy13,0.6,0.3,,,TRUE,split_partial_binary_n5000_w0p6_b0p3,split_partial_binary_n5000_w0p6_b0p3_split0060,1580060
C2_gaussian_paired_split_stability_C2_gaussian_paired_partial_null_n5000_SGL-WQS_719102_61,C2_gaussian_paired_split_stability,C2_gaussian_paired_partial_null_n5000,gaussian,5000,13,SGL-WQS,719102,1580061,1580061,1580061,61,baseline,partial_null,legacy13,0.6,0.3,,,TRUE,split_partial_binary_n5000_w0p6_b0p3,split_partial_binary_n5000_w0p6_b0p3_split0061,1580061
C2_gaussian_paired_split_stability_C2_gaussian_paired_partial_null_n5000_SGL-WQS_719102_62,C2_gaussian_paired_split_stability,C2_gaussian_paired_partial_null_n5000,gaussian,5000,13,SGL-WQS,719102,1580062,1580062,1580062,62,baseline,partial_null,legacy13,0.6,0.3,,,TRUE,split_partial_binary_n5000_w0p6_b0p3,split_partial_binary_n5000_w0p6_b0p3_split0062,1580062
C2_gaussian_paired_split_stability_C2_gaussian_paired_partial_null_n5000_SGL-WQS_719102_63,C2_gaussian_paired_split_stability,C2_gaussian_paired_partial_null_n5000,gaussian,5000,13,SGL-WQS,719102,1580063,1580063,1580063,63,baseline,partial_null,legacy13,0.6,0.3,,,TRUE,split_partial_binary_n5000_w0p6_b0p3,split_partial_binary_n5000_w0p6_b0p3_split0063,1580063
C2_gaussian_paired_split_stability_C2_gaussian_paired_partial_null_n5000_SGL-WQS_719102_64,C2_gaussian_paired_split_stability,C2_gaussian_paired_partial_null_n5000,gaussian,5000,13,SGL-WQS,719102,1580064,1580064,1580064,64,baseline,partial_null,legacy13,0.6,0.3,,,TRUE,split_partial_binary_n5000_w0p6_b0p3,split_partial_binary_n5000_w0p6_b0p3_split0064,1580064
C2_gaussian_paired_split_stability_C2_gaussian_paired_partial_null_n5000_SGL-WQS_719102_65,C2_gaussian_paired_split_stability,C2_gaussian_paired_partial_null_n5000,gaussian,5000,13,SGL-WQS,719102,1580065,1580065,1580065,65,baseline,partial_null,legacy13,0.6,0.3,,,TRUE,split_partial_binary_n5000_w0p6_b0p3,split_partial_binary_n5000_w0p6_b0p3_split0065,1580065
C2_gaussian_paired_split_stability_C2_gaussian_paired_partial_null_n5000_SGL-WQS_719102_66,C2_gaussian_paired_split_stability,C2_gaussian_paired_partial_null_n5000,gaussian,5000,13,SGL-WQS,719102,1580066,1580066,1580066,66,baseline,partial_null,legacy13,0.6,0.3,,,TRUE,split_partial_binary_n5000_w0p6_b0p3,split_partial_binary_n5000_w0p6_b0p3_split0066,1580066
C2_gaussian_paired_split_stability_C2_gaussian_paired_partial_null_n5000_SGL-WQS_719102_67,C2_gaussian_paired_split_stability,C2_gaussian_paired_partial_null_n5000,gaussian,5000,13,SGL-WQS,719102,1580067,1580067,1580067,67,baseline,partial_null,legacy13,0.6,0.3,,,TRUE,split_partial_binary_n5000_w0p6_b0p3,split_partial_binary_n5000_w0p6_b0p3_split0067,1580067
C2_gaussian_paired_split_stability_C2_gaussian_paired_partial_null_n5000_SGL-WQS_719102_68,C2_gaussian_paired_split_stability,C2_gaussian_paired_partial_null_n5000,gaussian,5000,13,SGL-WQS,719102,1580068,1580068,1580068,68,baseline,partial_null,legacy13,0.6,0.3,,,TRUE,split_partial_binary_n5000_w0p6_b0p3,split_partial_binary_n5000_w0p6_b0p3_split0068,1580068
C2_gaussian_paired_split_stability_C2_gaussian_paired_partial_null_n5000_SGL-WQS_719102_69,C2_gaussian_paired_split_stability,C2_gaussian_paired_partial_null_n5000,gaussian,5000,13,SGL-WQS,719102,1580069,1580069,1580069,69,baseline,partial_null,legacy13,0.6,0.3,,,TRUE,split_partial_binary_n5000_w0p6_b0p3,split_partial_binary_n5000_w0p6_b0p3_split0069,1580069
C2_gaussian_paired_split_stability_C2_gaussian_paired_partial_null_n5000_SGL-WQS_719102_70,C2_gaussian_paired_split_stability,C2_gaussian_paired_partial_null_n5000,gaussian,5000,13,SGL-WQS,719102,1580070,1580070,1580070,70,baseline,partial_null,legacy13,0.6,0.3,,,TRUE,split_partial_binary_n5000_w0p6_b0p3,split_partial_binary_n5000_w0p6_b0p3_split0070,1580070
C2_gaussian_paired_split_stability_C2_gaussian_paired_partial_null_n5000_SGL-WQS_719102_71,C2_gaussian_paired_split_stability,C2_gaussian_paired_partial_null_n5000,gaussian,5000,13,SGL-WQS,719102,1580071,1580071,1580071,71,baseline,partial_null,legacy13,0.6,0.3,,,TRUE,split_partial_binary_n5000_w0p6_b0p3,split_partial_binary_n5000_w0p6_b0p3_split0071,1580071
C2_gaussian_paired_split_stability_C2_gaussian_paired_partial_null_n5000_SGL-WQS_719102_72,C2_gaussian_paired_split_stability,C2_gaussian_paired_partial_null_n5000,gaussian,5000,13,SGL-WQS,719102,1580072,1580072,1580072,72,baseline,partial_null,legacy13,0.6,0.3,,,TRUE,split_partial_binary_n5000_w0p6_b0p3,split_partial_binary_n5000_w0p6_b0p3_split0072,1580072
C2_gaussian_paired_split_stability_C2_gaussian_paired_partial_null_n5000_SGL-WQS_719102_73,C2_gaussian_paired_split_stability,C2_gaussian_paired_partial_null_n5000,gaussian,5000,13,SGL-WQS,719102,1580073,1580073,1580073,73,baseline,partial_null,legacy13,0.6,0.3,,,TRUE,split_partial_binary_n5000_w0p6_b0p3,split_partial_binary_n5000_w0p6_b0p3_split0073,1580073
C2_gaussian_paired_split_stability_C2_gaussian_paired_partial_null_n5000_SGL-WQS_719102_74,C2_gaussian_paired_split_stability,C2_gaussian_paired_partial_null_n5000,gaussian,5000,13,SGL-WQS,719102,1580074,1580074,1580074,74,baseline,partial_null,legacy13,0.6,0.3,,,TRUE,split_partial_binary_n5000_w0p6_b0p3,split_partial_binary_n5000_w0p6_b0p3_split0074,1580074
C2_gaussian_paired_split_stability_C2_gaussian_paired_partial_null_n5000_SGL-WQS_719102_75,C2_gaussian_paired_split_stability,C2_gaussian_paired_partial_null_n5000,gaussian,5000,13,SGL-WQS,719102,1580075,1580075,1580075,75,baseline,partial_null,legacy13,0.6,0.3,,,TRUE,split_partial_binary_n5000_w0p6_b0p3,split_partial_binary_n5000_w0p6_b0p3_split0075,1580075
C2_gaussian_paired_split_stability_C2_gaussian_paired_partial_null_n5000_SGL-WQS_719102_76,C2_gaussian_paired_split_stability,C2_gaussian_paired_partial_null_n5000,gaussian,5000,13,SGL-WQS,719102,1580076,1580076,1580076,76,baseline,partial_null,legacy13,0.6,0.3,,,TRUE,split_partial_binary_n5000_w0p6_b0p3,split_partial_binary_n5000_w0p6_b0p3_split0076,1580076
C2_gaussian_paired_split_stability_C2_gaussian_paired_partial_null_n5000_SGL-WQS_719102_77,C2_gaussian_paired_split_stability,C2_gaussian_paired_partial_null_n5000,gaussian,5000,13,SGL-WQS,719102,1580077,1580077,1580077,77,baseline,partial_null,legacy13,0.6,0.3,,,TRUE,split_partial_binary_n5000_w0p6_b0p3,split_partial_binary_n5000_w0p6_b0p3_split0077,1580077
C2_gaussian_paired_split_stability_C2_gaussian_paired_partial_null_n5000_SGL-WQS_719102_78,C2_gaussian_paired_split_stability,C2_gaussian_paired_partial_null_n5000,gaussian,5000,13,SGL-WQS,719102,1580078,1580078,1580078,78,baseline,partial_null,legacy13,0.6,0.3,,,TRUE,split_partial_binary_n5000_w0p6_b0p3,split_partial_binary_n5000_w0p6_b0p3_split0078,1580078
C2_gaussian_paired_split_stability_C2_gaussian_paired_partial_null_n5000_SGL-WQS_719102_79,C2_gaussian_paired_split_stability,C2_gaussian_paired_partial_null_n5000,gaussian,5000,13,SGL-WQS,719102,1580079,1580079,1580079,79,baseline,partial_null,legacy13,0.6,0.3,,,TRUE,split_partial_binary_n5000_w0p6_b0p3,split_partial_binary_n5000_w0p6_b0p3_split0079,1580079
C2_gaussian_paired_split_stability_C2_gaussian_paired_partial_null_n5000_SGL-WQS_719102_80,C2_gaussian_paired_split_stability,C2_gaussian_paired_partial_null_n5000,gaussian,5000,13,SGL-WQS,719102,1580080,1580080,1580080,80,baseline,partial_null,legacy13,0.6,0.3,,,TRUE,split_partial_binary_n5000_w0p6_b0p3,split_partial_binary_n5000_w0p6_b0p3_split0080,1580080
C2_gaussian_paired_split_stability_C2_gaussian_paired_partial_null_n5000_SGL-WQS_719102_81,C2_gaussian_paired_split_stability,C2_gaussian_paired_partial_null_n5000,gaussian,5000,13,SGL-WQS,719102,1580081,1580081,1580081,81,baseline,partial_null,legacy13,0.6,0.3,,,TRUE,split_partial_binary_n5000_w0p6_b0p3,split_partial_binary_n5000_w0p6_b0p3_split0081,1580081
C2_gaussian_paired_split_stability_C2_gaussian_paired_partial_null_n5000_SGL-WQS_719102_82,C2_gaussian_paired_split_stability,C2_gaussian_paired_partial_null_n5000,gaussian,5000,13,SGL-WQS,719102,1580082,1580082,1580082,82,baseline,partial_null,legacy13,0.6,0.3,,,TRUE,split_partial_binary_n5000_w0p6_b0p3,split_partial_binary_n5000_w0p6_b0p3_split0082,1580082
C2_gaussian_paired_split_stability_C2_gaussian_paired_partial_null_n5000_SGL-WQS_719102_83,C2_gaussian_paired_split_stability,C2_gaussian_paired_partial_null_n5000,gaussian,5000,13,SGL-WQS,719102,1580083,1580083,1580083,83,baseline,partial_null,legacy13,0.6,0.3,,,TRUE,split_partial_binary_n5000_w0p6_b0p3,split_partial_binary_n5000_w0p6_b0p3_split0083,1580083
C2_gaussian_paired_split_stability_C2_gaussian_paired_partial_null_n5000_SGL-WQS_719102_84,C2_gaussian_paired_split_stability,C2_gaussian_paired_partial_null_n5000,gaussian,5000,13,SGL-WQS,719102,1580084,1580084,1580084,84,baseline,partial_null,legacy13,0.6,0.3,,,TRUE,split_partial_binary_n5000_w0p6_b0p3,split_partial_binary_n5000_w0p6_b0p3_split0084,1580084
C2_gaussian_paired_split_stability_C2_gaussian_paired_partial_null_n5000_SGL-WQS_719102_85,C2_gaussian_paired_split_stability,C2_gaussian_paired_partial_null_n5000,gaussian,5000,13,SGL-WQS,719102,1580085,1580085,1580085,85,baseline,partial_null,legacy13,0.6,0.3,,,TRUE,split_partial_binary_n5000_w0p6_b0p3,split_partial_binary_n5000_w0p6_b0p3_split0085,1580085
C2_gaussian_paired_split_stability_C2_gaussian_paired_partial_null_n5000_SGL-WQS_719102_86,C2_gaussian_paired_split_stability,C2_gaussian_paired_partial_null_n5000,gaussian,5000,13,SGL-WQS,719102,1580086,1580086,1580086,86,baseline,partial_null,legacy13,0.6,0.3,,,TRUE,split_partial_binary_n5000_w0p6_b0p3,split_partial_binary_n5000_w0p6_b0p3_split0086,1580086
C2_gaussian_paired_split_stability_C2_gaussian_paired_partial_null_n5000_SGL-WQS_719102_87,C2_gaussian_paired_split_stability,C2_gaussian_paired_partial_null_n5000,gaussian,5000,13,SGL-WQS,719102,1580087,1580087,1580087,87,baseline,partial_null,legacy13,0.6,0.3,,,TRUE,split_partial_binary_n5000_w0p6_b0p3,split_partial_binary_n5000_w0p6_b0p3_split0087,1580087
C2_gaussian_paired_split_stability_C2_gaussian_paired_partial_null_n5000_SGL-WQS_719102_88,C2_gaussian_paired_split_stability,C2_gaussian_paired_partial_null_n5000,gaussian,5000,13,SGL-WQS,719102,1580088,1580088,1580088,88,baseline,partial_null,legacy13,0.6,0.3,,,TRUE,split_partial_binary_n5000_w0p6_b0p3,split_partial_binary_n5000_w0p6_b0p3_split0088,1580088
C2_gaussian_paired_split_stability_C2_gaussian_paired_partial_null_n5000_SGL-WQS_719102_89,C2_gaussian_paired_split_stability,C2_gaussian_paired_partial_null_n5000,gaussian,5000,13,SGL-WQS,719102,1580089,1580089,1580089,89,baseline,partial_null,legacy13,0.6,0.3,,,TRUE,split_partial_binary_n5000_w0p6_b0p3,split_partial_binary_n5000_w0p6_b0p3_split0089,1580089
C2_gaussian_paired_split_stability_C2_gaussian_paired_partial_null_n5000_SGL-WQS_719102_90,C2_gaussian_paired_split_stability,C2_gaussian_paired_partial_null_n5000,gaussian,5000,13,SGL-WQS,719102,1580090,1580090,1580090,90,baseline,partial_null,legacy13,0.6,0.3,,,TRUE,split_partial_binary_n5000_w0p6_b0p3,split_partial_binary_n5000_w0p6_b0p3_split0090,1580090
C2_gaussian_paired_split_stability_C2_gaussian_paired_partial_null_n5000_SGL-WQS_719102_91,C2_gaussian_paired_split_stability,C2_gaussian_paired_partial_null_n5000,gaussian,5000,13,SGL-WQS,719102,1580091,1580091,1580091,91,baseline,partial_null,legacy13,0.6,0.3,,,TRUE,split_partial_binary_n5000_w0p6_b0p3,split_partial_binary_n5000_w0p6_b0p3_split0091,1580091
C2_gaussian_paired_split_stability_C2_gaussian_paired_partial_null_n5000_SGL-WQS_719102_92,C2_gaussian_paired_split_stability,C2_gaussian_paired_partial_null_n5000,gaussian,5000,13,SGL-WQS,719102,1580092,1580092,1580092,92,baseline,partial_null,legacy13,0.6,0.3,,,TRUE,split_partial_binary_n5000_w0p6_b0p3,split_partial_binary_n5000_w0p6_b0p3_split0092,1580092
C2_gaussian_paired_split_stability_C2_gaussian_paired_partial_null_n5000_SGL-WQS_719102_93,C2_gaussian_paired_split_stability,C2_gaussian_paired_partial_null_n5000,gaussian,5000,13,SGL-WQS,719102,1580093,1580093,1580093,93,baseline,partial_null,legacy13,0.6,0.3,,,TRUE,split_partial_binary_n5000_w0p6_b0p3,split_partial_binary_n5000_w0p6_b0p3_split0093,1580093
C2_gaussian_paired_split_stability_C2_gaussian_paired_partial_null_n5000_SGL-WQS_719102_94,C2_gaussian_paired_split_stability,C2_gaussian_paired_partial_null_n5000,gaussian,5000,13,SGL-WQS,719102,1580094,1580094,1580094,94,baseline,partial_null,legacy13,0.6,0.3,,,TRUE,split_partial_binary_n5000_w0p6_b0p3,split_partial_binary_n5000_w0p6_b0p3_split0094,1580094
C2_gaussian_paired_split_stability_C2_gaussian_paired_partial_null_n5000_SGL-WQS_719102_95,C2_gaussian_paired_split_stability,C2_gaussian_paired_partial_null_n5000,gaussian,5000,13,SGL-WQS,719102,1580095,1580095,1580095,95,baseline,partial_null,legacy13,0.6,0.3,,,TRUE,split_partial_binary_n5000_w0p6_b0p3,split_partial_binary_n5000_w0p6_b0p3_split0095,1580095
C2_gaussian_paired_split_stability_C2_gaussian_paired_partial_null_n5000_SGL-WQS_719102_96,C2_gaussian_paired_split_stability,C2_gaussian_paired_partial_null_n5000,gaussian,5000,13,SGL-WQS,719102,1580096,1580096,1580096,96,baseline,partial_null,legacy13,0.6,0.3,,,TRUE,split_partial_binary_n5000_w0p6_b0p3,split_partial_binary_n5000_w0p6_b0p3_split0096,1580096
C2_gaussian_paired_split_stability_C2_gaussian_paired_partial_null_n5000_SGL-WQS_719102_97,C2_gaussian_paired_split_stability,C2_gaussian_paired_partial_null_n5000,gaussian,5000,13,SGL-WQS,719102,1580097,1580097,1580097,97,baseline,partial_null,legacy13,0.6,0.3,,,TRUE,split_partial_binary_n5000_w0p6_b0p3,split_partial_binary_n5000_w0p6_b0p3_split0097,1580097
C2_gaussian_paired_split_stability_C2_gaussian_paired_partial_null_n5000_SGL-WQS_719102_98,C2_gaussian_paired_split_stability,C2_gaussian_paired_partial_null_n5000,gaussian,5000,13,SGL-WQS,719102,1580098,1580098,1580098,98,baseline,partial_null,legacy13,0.6,0.3,,,TRUE,split_partial_binary_n5000_w0p6_b0p3,split_partial_binary_n5000_w0p6_b0p3_split0098,1580098
C2_gaussian_paired_split_stability_C2_gaussian_paired_partial_null_n5000_SGL-WQS_719102_99,C2_gaussian_paired_split_stability,C2_gaussian_paired_partial_null_n5000,gaussian,5000,13,SGL-WQS,719102,1580099,1580099,1580099,99,baseline,partial_null,legacy13,0.6,0.3,,,TRUE,split_partial_binary_n5000_w0p6_b0p3,split_partial_binary_n5000_w0p6_b0p3_split0099,1580099
C2_gaussian_paired_split_stability_C2_gaussian_paired_partial_null_n5000_SGL-WQS_719102_100,C2_gaussian_paired_split_stability,C2_gaussian_paired_partial_null_n5000,gaussian,5000,13,SGL-WQS,719102,1580100,1580100,1580100,100,baseline,partial_null,legacy13,0.6,0.3,,,TRUE,split_partial_binary_n5000_w0p6_b0p3,split_partial_binary_n5000_w0p6_b0p3_split0100,1580100
C2_gaussian_paired_split_stability_C2_gaussian_paired_partial_null_n500_SGL-WQS_719101_1,C2_gaussian_paired_split_stability,C2_gaussian_paired_partial_null_n500,gaussian,500,13,SGL-WQS,719101,1380001,1380001,1380001,1,baseline,partial_null,legacy13,0.6,0.3,,,TRUE,split_partial_binary_n500_w0p6_b0p3,split_partial_binary_n500_w0p6_b0p3_split0001,1380001
C2_gaussian_paired_split_stability_C2_gaussian_paired_partial_null_n500_SGL-WQS_719101_2,C2_gaussian_paired_split_stability,C2_gaussian_paired_partial_null_n500,gaussian,500,13,SGL-WQS,719101,1380002,1380002,1380002,2,baseline,partial_null,legacy13,0.6,0.3,,,TRUE,split_partial_binary_n500_w0p6_b0p3,split_partial_binary_n500_w0p6_b0p3_split0002,1380002
C2_gaussian_paired_split_stability_C2_gaussian_paired_partial_null_n500_SGL-WQS_719101_3,C2_gaussian_paired_split_stability,C2_gaussian_paired_partial_null_n500,gaussian,500,13,SGL-WQS,719101,1380003,1380003,1380003,3,baseline,partial_null,legacy13,0.6,0.3,,,TRUE,split_partial_binary_n500_w0p6_b0p3,split_partial_binary_n500_w0p6_b0p3_split0003,1380003
C2_gaussian_paired_split_stability_C2_gaussian_paired_partial_null_n500_SGL-WQS_719101_4,C2_gaussian_paired_split_stability,C2_gaussian_paired_partial_null_n500,gaussian,500,13,SGL-WQS,719101,1380004,1380004,1380004,4,baseline,partial_null,legacy13,0.6,0.3,,,TRUE,split_partial_binary_n500_w0p6_b0p3,split_partial_binary_n500_w0p6_b0p3_split0004,1380004
C2_gaussian_paired_split_stability_C2_gaussian_paired_partial_null_n500_SGL-WQS_719101_5,C2_gaussian_paired_split_stability,C2_gaussian_paired_partial_null_n500,gaussian,500,13,SGL-WQS,719101,1380005,1380005,1380005,5,baseline,partial_null,legacy13,0.6,0.3,,,TRUE,split_partial_binary_n500_w0p6_b0p3,split_partial_binary_n500_w0p6_b0p3_split0005,1380005
C2_gaussian_paired_split_stability_C2_gaussian_paired_partial_null_n500_SGL-WQS_719101_6,C2_gaussian_paired_split_stability,C2_gaussian_paired_partial_null_n500,gaussian,500,13,SGL-WQS,719101,1380006,1380006,1380006,6,baseline,partial_null,legacy13,0.6,0.3,,,TRUE,split_partial_binary_n500_w0p6_b0p3,split_partial_binary_n500_w0p6_b0p3_split0006,1380006
C2_gaussian_paired_split_stability_C2_gaussian_paired_partial_null_n500_SGL-WQS_719101_7,C2_gaussian_paired_split_stability,C2_gaussian_paired_partial_null_n500,gaussian,500,13,SGL-WQS,719101,1380007,1380007,1380007,7,baseline,partial_null,legacy13,0.6,0.3,,,TRUE,split_partial_binary_n500_w0p6_b0p3,split_partial_binary_n500_w0p6_b0p3_split0007,1380007
C2_gaussian_paired_split_stability_C2_gaussian_paired_partial_null_n500_SGL-WQS_719101_8,C2_gaussian_paired_split_stability,C2_gaussian_paired_partial_null_n500,gaussian,500,13,SGL-WQS,719101,1380008,1380008,1380008,8,baseline,partial_null,legacy13,0.6,0.3,,,TRUE,split_partial_binary_n500_w0p6_b0p3,split_partial_binary_n500_w0p6_b0p3_split0008,1380008
C2_gaussian_paired_split_stability_C2_gaussian_paired_partial_null_n500_SGL-WQS_719101_9,C2_gaussian_paired_split_stability,C2_gaussian_paired_partial_null_n500,gaussian,500,13,SGL-WQS,719101,1380009,1380009,1380009,9,baseline,partial_null,legacy13,0.6,0.3,,,TRUE,split_partial_binary_n500_w0p6_b0p3,split_partial_binary_n500_w0p6_b0p3_split0009,1380009
C2_gaussian_paired_split_stability_C2_gaussian_paired_partial_null_n500_SGL-WQS_719101_10,C2_gaussian_paired_split_stability,C2_gaussian_paired_partial_null_n500,gaussian,500,13,SGL-WQS,719101,1380010,1380010,1380010,10,baseline,partial_null,legacy13,0.6,0.3,,,TRUE,split_partial_binary_n500_w0p6_b0p3,split_partial_binary_n500_w0p6_b0p3_split0010,1380010
C2_gaussian_paired_split_stability_C2_gaussian_paired_partial_null_n500_SGL-WQS_719101_11,C2_gaussian_paired_split_stability,C2_gaussian_paired_partial_null_n500,gaussian,500,13,SGL-WQS,719101,1380011,1380011,1380011,11,baseline,partial_null,legacy13,0.6,0.3,,,TRUE,split_partial_binary_n500_w0p6_b0p3,split_partial_binary_n500_w0p6_b0p3_split0011,1380011
C2_gaussian_paired_split_stability_C2_gaussian_paired_partial_null_n500_SGL-WQS_719101_12,C2_gaussian_paired_split_stability,C2_gaussian_paired_partial_null_n500,gaussian,500,13,SGL-WQS,719101,1380012,1380012,1380012,12,baseline,partial_null,legacy13,0.6,0.3,,,TRUE,split_partial_binary_n500_w0p6_b0p3,split_partial_binary_n500_w0p6_b0p3_split0012,1380012
C2_gaussian_paired_split_stability_C2_gaussian_paired_partial_null_n500_SGL-WQS_719101_13,C2_gaussian_paired_split_stability,C2_gaussian_paired_partial_null_n500,gaussian,500,13,SGL-WQS,719101,1380013,1380013,1380013,13,baseline,partial_null,legacy13,0.6,0.3,,,TRUE,split_partial_binary_n500_w0p6_b0p3,split_partial_binary_n500_w0p6_b0p3_split0013,1380013
C2_gaussian_paired_split_stability_C2_gaussian_paired_partial_null_n500_SGL-WQS_719101_14,C2_gaussian_paired_split_stability,C2_gaussian_paired_partial_null_n500,gaussian,500,13,SGL-WQS,719101,1380014,1380014,1380014,14,baseline,partial_null,legacy13,0.6,0.3,,,TRUE,split_partial_binary_n500_w0p6_b0p3,split_partial_binary_n500_w0p6_b0p3_split0014,1380014
C2_gaussian_paired_split_stability_C2_gaussian_paired_partial_null_n500_SGL-WQS_719101_15,C2_gaussian_paired_split_stability,C2_gaussian_paired_partial_null_n500,gaussian,500,13,SGL-WQS,719101,1380015,1380015,1380015,15,baseline,partial_null,legacy13,0.6,0.3,,,TRUE,split_partial_binary_n500_w0p6_b0p3,split_partial_binary_n500_w0p6_b0p3_split0015,1380015
C2_gaussian_paired_split_stability_C2_gaussian_paired_partial_null_n500_SGL-WQS_719101_16,C2_gaussian_paired_split_stability,C2_gaussian_paired_partial_null_n500,gaussian,500,13,SGL-WQS,719101,1380016,1380016,1380016,16,baseline,partial_null,legacy13,0.6,0.3,,,TRUE,split_partial_binary_n500_w0p6_b0p3,split_partial_binary_n500_w0p6_b0p3_split0016,1380016
C2_gaussian_paired_split_stability_C2_gaussian_paired_partial_null_n500_SGL-WQS_719101_17,C2_gaussian_paired_split_stability,C2_gaussian_paired_partial_null_n500,gaussian,500,13,SGL-WQS,719101,1380017,1380017,1380017,17,baseline,partial_null,legacy13,0.6,0.3,,,TRUE,split_partial_binary_n500_w0p6_b0p3,split_partial_binary_n500_w0p6_b0p3_split0017,1380017
C2_gaussian_paired_split_stability_C2_gaussian_paired_partial_null_n500_SGL-WQS_719101_18,C2_gaussian_paired_split_stability,C2_gaussian_paired_partial_null_n500,gaussian,500,13,SGL-WQS,719101,1380018,1380018,1380018,18,baseline,partial_null,legacy13,0.6,0.3,,,TRUE,split_partial_binary_n500_w0p6_b0p3,split_partial_binary_n500_w0p6_b0p3_split0018,1380018
C2_gaussian_paired_split_stability_C2_gaussian_paired_partial_null_n500_SGL-WQS_719101_19,C2_gaussian_paired_split_stability,C2_gaussian_paired_partial_null_n500,gaussian,500,13,SGL-WQS,719101,1380019,1380019,1380019,19,baseline,partial_null,legacy13,0.6,0.3,,,TRUE,split_partial_binary_n500_w0p6_b0p3,split_partial_binary_n500_w0p6_b0p3_split0019,1380019
C2_gaussian_paired_split_stability_C2_gaussian_paired_partial_null_n500_SGL-WQS_719101_20,C2_gaussian_paired_split_stability,C2_gaussian_paired_partial_null_n500,gaussian,500,13,SGL-WQS,719101,1380020,1380020,1380020,20,baseline,partial_null,legacy13,0.6,0.3,,,TRUE,split_partial_binary_n500_w0p6_b0p3,split_partial_binary_n500_w0p6_b0p3_split0020,1380020
C2_gaussian_paired_split_stability_C2_gaussian_paired_partial_null_n500_SGL-WQS_719101_21,C2_gaussian_paired_split_stability,C2_gaussian_paired_partial_null_n500,gaussian,500,13,SGL-WQS,719101,1380021,1380021,1380021,21,baseline,partial_null,legacy13,0.6,0.3,,,TRUE,split_partial_binary_n500_w0p6_b0p3,split_partial_binary_n500_w0p6_b0p3_split0021,1380021
C2_gaussian_paired_split_stability_C2_gaussian_paired_partial_null_n500_SGL-WQS_719101_22,C2_gaussian_paired_split_stability,C2_gaussian_paired_partial_null_n500,gaussian,500,13,SGL-WQS,719101,1380022,1380022,1380022,22,baseline,partial_null,legacy13,0.6,0.3,,,TRUE,split_partial_binary_n500_w0p6_b0p3,split_partial_binary_n500_w0p6_b0p3_split0022,1380022
C2_gaussian_paired_split_stability_C2_gaussian_paired_partial_null_n500_SGL-WQS_719101_23,C2_gaussian_paired_split_stability,C2_gaussian_paired_partial_null_n500,gaussian,500,13,SGL-WQS,719101,1380023,1380023,1380023,23,baseline,partial_null,legacy13,0.6,0.3,,,TRUE,split_partial_binary_n500_w0p6_b0p3,split_partial_binary_n500_w0p6_b0p3_split0023,1380023
C2_gaussian_paired_split_stability_C2_gaussian_paired_partial_null_n500_SGL-WQS_719101_24,C2_gaussian_paired_split_stability,C2_gaussian_paired_partial_null_n500,gaussian,500,13,SGL-WQS,719101,1380024,1380024,1380024,24,baseline,partial_null,legacy13,0.6,0.3,,,TRUE,split_partial_binary_n500_w0p6_b0p3,split_partial_binary_n500_w0p6_b0p3_split0024,1380024
C2_gaussian_paired_split_stability_C2_gaussian_paired_partial_null_n500_SGL-WQS_719101_25,C2_gaussian_paired_split_stability,C2_gaussian_paired_partial_null_n500,gaussian,500,13,SGL-WQS,719101,1380025,1380025,1380025,25,baseline,partial_null,legacy13,0.6,0.3,,,TRUE,split_partial_binary_n500_w0p6_b0p3,split_partial_binary_n500_w0p6_b0p3_split0025,1380025
C2_gaussian_paired_split_stability_C2_gaussian_paired_partial_null_n500_SGL-WQS_719101_26,C2_gaussian_paired_split_stability,C2_gaussian_paired_partial_null_n500,gaussian,500,13,SGL-WQS,719101,1380026,1380026,1380026,26,baseline,partial_null,legacy13,0.6,0.3,,,TRUE,split_partial_binary_n500_w0p6_b0p3,split_partial_binary_n500_w0p6_b0p3_split0026,1380026
C2_gaussian_paired_split_stability_C2_gaussian_paired_partial_null_n500_SGL-WQS_719101_27,C2_gaussian_paired_split_stability,C2_gaussian_paired_partial_null_n500,gaussian,500,13,SGL-WQS,719101,1380027,1380027,1380027,27,baseline,partial_null,legacy13,0.6,0.3,,,TRUE,split_partial_binary_n500_w0p6_b0p3,split_partial_binary_n500_w0p6_b0p3_split0027,1380027
C2_gaussian_paired_split_stability_C2_gaussian_paired_partial_null_n500_SGL-WQS_719101_28,C2_gaussian_paired_split_stability,C2_gaussian_paired_partial_null_n500,gaussian,500,13,SGL-WQS,719101,1380028,1380028,1380028,28,baseline,partial_null,legacy13,0.6,0.3,,,TRUE,split_partial_binary_n500_w0p6_b0p3,split_partial_binary_n500_w0p6_b0p3_split0028,1380028
C2_gaussian_paired_split_stability_C2_gaussian_paired_partial_null_n500_SGL-WQS_719101_29,C2_gaussian_paired_split_stability,C2_gaussian_paired_partial_null_n500,gaussian,500,13,SGL-WQS,719101,1380029,1380029,1380029,29,baseline,partial_null,legacy13,0.6,0.3,,,TRUE,split_partial_binary_n500_w0p6_b0p3,split_partial_binary_n500_w0p6_b0p3_split0029,1380029
C2_gaussian_paired_split_stability_C2_gaussian_paired_partial_null_n500_SGL-WQS_719101_30,C2_gaussian_paired_split_stability,C2_gaussian_paired_partial_null_n500,gaussian,500,13,SGL-WQS,719101,1380030,1380030,1380030,30,baseline,partial_null,legacy13,0.6,0.3,,,TRUE,split_partial_binary_n500_w0p6_b0p3,split_partial_binary_n500_w0p6_b0p3_split0030,1380030
C2_gaussian_paired_split_stability_C2_gaussian_paired_partial_null_n500_SGL-WQS_719101_31,C2_gaussian_paired_split_stability,C2_gaussian_paired_partial_null_n500,gaussian,500,13,SGL-WQS,719101,1380031,1380031,1380031,31,baseline,partial_null,legacy13,0.6,0.3,,,TRUE,split_partial_binary_n500_w0p6_b0p3,split_partial_binary_n500_w0p6_b0p3_split0031,1380031
C2_gaussian_paired_split_stability_C2_gaussian_paired_partial_null_n500_SGL-WQS_719101_32,C2_gaussian_paired_split_stability,C2_gaussian_paired_partial_null_n500,gaussian,500,13,SGL-WQS,719101,1380032,1380032,1380032,32,baseline,partial_null,legacy13,0.6,0.3,,,TRUE,split_partial_binary_n500_w0p6_b0p3,split_partial_binary_n500_w0p6_b0p3_split0032,1380032
C2_gaussian_paired_split_stability_C2_gaussian_paired_partial_null_n500_SGL-WQS_719101_33,C2_gaussian_paired_split_stability,C2_gaussian_paired_partial_null_n500,gaussian,500,13,SGL-WQS,719101,1380033,1380033,1380033,33,baseline,partial_null,legacy13,0.6,0.3,,,TRUE,split_partial_binary_n500_w0p6_b0p3,split_partial_binary_n500_w0p6_b0p3_split0033,1380033
C2_gaussian_paired_split_stability_C2_gaussian_paired_partial_null_n500_SGL-WQS_719101_34,C2_gaussian_paired_split_stability,C2_gaussian_paired_partial_null_n500,gaussian,500,13,SGL-WQS,719101,1380034,1380034,1380034,34,baseline,partial_null,legacy13,0.6,0.3,,,TRUE,split_partial_binary_n500_w0p6_b0p3,split_partial_binary_n500_w0p6_b0p3_split0034,1380034
C2_gaussian_paired_split_stability_C2_gaussian_paired_partial_null_n500_SGL-WQS_719101_35,C2_gaussian_paired_split_stability,C2_gaussian_paired_partial_null_n500,gaussian,500,13,SGL-WQS,719101,1380035,1380035,1380035,35,baseline,partial_null,legacy13,0.6,0.3,,,TRUE,split_partial_binary_n500_w0p6_b0p3,split_partial_binary_n500_w0p6_b0p3_split0035,1380035
C2_gaussian_paired_split_stability_C2_gaussian_paired_partial_null_n500_SGL-WQS_719101_36,C2_gaussian_paired_split_stability,C2_gaussian_paired_partial_null_n500,gaussian,500,13,SGL-WQS,719101,1380036,1380036,1380036,36,baseline,partial_null,legacy13,0.6,0.3,,,TRUE,split_partial_binary_n500_w0p6_b0p3,split_partial_binary_n500_w0p6_b0p3_split0036,1380036
C2_gaussian_paired_split_stability_C2_gaussian_paired_partial_null_n500_SGL-WQS_719101_37,C2_gaussian_paired_split_stability,C2_gaussian_paired_partial_null_n500,gaussian,500,13,SGL-WQS,719101,1380037,1380037,1380037,37,baseline,partial_null,legacy13,0.6,0.3,,,TRUE,split_partial_binary_n500_w0p6_b0p3,split_partial_binary_n500_w0p6_b0p3_split0037,1380037
C2_gaussian_paired_split_stability_C2_gaussian_paired_partial_null_n500_SGL-WQS_719101_38,C2_gaussian_paired_split_stability,C2_gaussian_paired_partial_null_n500,gaussian,500,13,SGL-WQS,719101,1380038,1380038,1380038,38,baseline,partial_null,legacy13,0.6,0.3,,,TRUE,split_partial_binary_n500_w0p6_b0p3,split_partial_binary_n500_w0p6_b0p3_split0038,1380038
C2_gaussian_paired_split_stability_C2_gaussian_paired_partial_null_n500_SGL-WQS_719101_39,C2_gaussian_paired_split_stability,C2_gaussian_paired_partial_null_n500,gaussian,500,13,SGL-WQS,719101,1380039,1380039,1380039,39,baseline,partial_null,legacy13,0.6,0.3,,,TRUE,split_partial_binary_n500_w0p6_b0p3,split_partial_binary_n500_w0p6_b0p3_split0039,1380039
C2_gaussian_paired_split_stability_C2_gaussian_paired_partial_null_n500_SGL-WQS_719101_40,C2_gaussian_paired_split_stability,C2_gaussian_paired_partial_null_n500,gaussian,500,13,SGL-WQS,719101,1380040,1380040,1380040,40,baseline,partial_null,legacy13,0.6,0.3,,,TRUE,split_partial_binary_n500_w0p6_b0p3,split_partial_binary_n500_w0p6_b0p3_split0040,1380040
C2_gaussian_paired_split_stability_C2_gaussian_paired_partial_null_n500_SGL-WQS_719101_41,C2_gaussian_paired_split_stability,C2_gaussian_paired_partial_null_n500,gaussian,500,13,SGL-WQS,719101,1380041,1380041,1380041,41,baseline,partial_null,legacy13,0.6,0.3,,,TRUE,split_partial_binary_n500_w0p6_b0p3,split_partial_binary_n500_w0p6_b0p3_split0041,1380041
C2_gaussian_paired_split_stability_C2_gaussian_paired_partial_null_n500_SGL-WQS_719101_42,C2_gaussian_paired_split_stability,C2_gaussian_paired_partial_null_n500,gaussian,500,13,SGL-WQS,719101,1380042,1380042,1380042,42,baseline,partial_null,legacy13,0.6,0.3,,,TRUE,split_partial_binary_n500_w0p6_b0p3,split_partial_binary_n500_w0p6_b0p3_split0042,1380042
C2_gaussian_paired_split_stability_C2_gaussian_paired_partial_null_n500_SGL-WQS_719101_43,C2_gaussian_paired_split_stability,C2_gaussian_paired_partial_null_n500,gaussian,500,13,SGL-WQS,719101,1380043,1380043,1380043,43,baseline,partial_null,legacy13,0.6,0.3,,,TRUE,split_partial_binary_n500_w0p6_b0p3,split_partial_binary_n500_w0p6_b0p3_split0043,1380043
C2_gaussian_paired_split_stability_C2_gaussian_paired_partial_null_n500_SGL-WQS_719101_44,C2_gaussian_paired_split_stability,C2_gaussian_paired_partial_null_n500,gaussian,500,13,SGL-WQS,719101,1380044,1380044,1380044,44,baseline,partial_null,legacy13,0.6,0.3,,,TRUE,split_partial_binary_n500_w0p6_b0p3,split_partial_binary_n500_w0p6_b0p3_split0044,1380044
C2_gaussian_paired_split_stability_C2_gaussian_paired_partial_null_n500_SGL-WQS_719101_45,C2_gaussian_paired_split_stability,C2_gaussian_paired_partial_null_n500,gaussian,500,13,SGL-WQS,719101,1380045,1380045,1380045,45,baseline,partial_null,legacy13,0.6,0.3,,,TRUE,split_partial_binary_n500_w0p6_b0p3,split_partial_binary_n500_w0p6_b0p3_split0045,1380045
C2_gaussian_paired_split_stability_C2_gaussian_paired_partial_null_n500_SGL-WQS_719101_46,C2_gaussian_paired_split_stability,C2_gaussian_paired_partial_null_n500,gaussian,500,13,SGL-WQS,719101,1380046,1380046,1380046,46,baseline,partial_null,legacy13,0.6,0.3,,,TRUE,split_partial_binary_n500_w0p6_b0p3,split_partial_binary_n500_w0p6_b0p3_split0046,1380046
C2_gaussian_paired_split_stability_C2_gaussian_paired_partial_null_n500_SGL-WQS_719101_47,C2_gaussian_paired_split_stability,C2_gaussian_paired_partial_null_n500,gaussian,500,13,SGL-WQS,719101,1380047,1380047,1380047,47,baseline,partial_null,legacy13,0.6,0.3,,,TRUE,split_partial_binary_n500_w0p6_b0p3,split_partial_binary_n500_w0p6_b0p3_split0047,1380047
C2_gaussian_paired_split_stability_C2_gaussian_paired_partial_null_n500_SGL-WQS_719101_48,C2_gaussian_paired_split_stability,C2_gaussian_paired_partial_null_n500,gaussian,500,13,SGL-WQS,719101,1380048,1380048,1380048,48,baseline,partial_null,legacy13,0.6,0.3,,,TRUE,split_partial_binary_n500_w0p6_b0p3,split_partial_binary_n500_w0p6_b0p3_split0048,1380048
C2_gaussian_paired_split_stability_C2_gaussian_paired_partial_null_n500_SGL-WQS_719101_49,C2_gaussian_paired_split_stability,C2_gaussian_paired_partial_null_n500,gaussian,500,13,SGL-WQS,719101,1380049,1380049,1380049,49,baseline,partial_null,legacy13,0.6,0.3,,,TRUE,split_partial_binary_n500_w0p6_b0p3,split_partial_binary_n500_w0p6_b0p3_split0049,1380049
C2_gaussian_paired_split_stability_C2_gaussian_paired_partial_null_n500_SGL-WQS_719101_50,C2_gaussian_paired_split_stability,C2_gaussian_paired_partial_null_n500,gaussian,500,13,SGL-WQS,719101,1380050,1380050,1380050,50,baseline,partial_null,legacy13,0.6,0.3,,,TRUE,split_partial_binary_n500_w0p6_b0p3,split_partial_binary_n500_w0p6_b0p3_split0050,1380050
C2_gaussian_paired_split_stability_C2_gaussian_paired_partial_null_n500_SGL-WQS_719101_51,C2_gaussian_paired_split_stability,C2_gaussian_paired_partial_null_n500,gaussian,500,13,SGL-WQS,719101,1380051,1380051,1380051,51,baseline,partial_null,legacy13,0.6,0.3,,,TRUE,split_partial_binary_n500_w0p6_b0p3,split_partial_binary_n500_w0p6_b0p3_split0051,1380051
C2_gaussian_paired_split_stability_C2_gaussian_paired_partial_null_n500_SGL-WQS_719101_52,C2_gaussian_paired_split_stability,C2_gaussian_paired_partial_null_n500,gaussian,500,13,SGL-WQS,719101,1380052,1380052,1380052,52,baseline,partial_null,legacy13,0.6,0.3,,,TRUE,split_partial_binary_n500_w0p6_b0p3,split_partial_binary_n500_w0p6_b0p3_split0052,1380052
C2_gaussian_paired_split_stability_C2_gaussian_paired_partial_null_n500_SGL-WQS_719101_53,C2_gaussian_paired_split_stability,C2_gaussian_paired_partial_null_n500,gaussian,500,13,SGL-WQS,719101,1380053,1380053,1380053,53,baseline,partial_null,legacy13,0.6,0.3,,,TRUE,split_partial_binary_n500_w0p6_b0p3,split_partial_binary_n500_w0p6_b0p3_split0053,1380053
C2_gaussian_paired_split_stability_C2_gaussian_paired_partial_null_n500_SGL-WQS_719101_54,C2_gaussian_paired_split_stability,C2_gaussian_paired_partial_null_n500,gaussian,500,13,SGL-WQS,719101,1380054,1380054,1380054,54,baseline,partial_null,legacy13,0.6,0.3,,,TRUE,split_partial_binary_n500_w0p6_b0p3,split_partial_binary_n500_w0p6_b0p3_split0054,1380054
C2_gaussian_paired_split_stability_C2_gaussian_paired_partial_null_n500_SGL-WQS_719101_55,C2_gaussian_paired_split_stability,C2_gaussian_paired_partial_null_n500,gaussian,500,13,SGL-WQS,719101,1380055,1380055,1380055,55,baseline,partial_null,legacy13,0.6,0.3,,,TRUE,split_partial_binary_n500_w0p6_b0p3,split_partial_binary_n500_w0p6_b0p3_split0055,1380055
C2_gaussian_paired_split_stability_C2_gaussian_paired_partial_null_n500_SGL-WQS_719101_56,C2_gaussian_paired_split_stability,C2_gaussian_paired_partial_null_n500,gaussian,500,13,SGL-WQS,719101,1380056,1380056,1380056,56,baseline,partial_null,legacy13,0.6,0.3,,,TRUE,split_partial_binary_n500_w0p6_b0p3,split_partial_binary_n500_w0p6_b0p3_split0056,1380056
C2_gaussian_paired_split_stability_C2_gaussian_paired_partial_null_n500_SGL-WQS_719101_57,C2_gaussian_paired_split_stability,C2_gaussian_paired_partial_null_n500,gaussian,500,13,SGL-WQS,719101,1380057,1380057,1380057,57,baseline,partial_null,legacy13,0.6,0.3,,,TRUE,split_partial_binary_n500_w0p6_b0p3,split_partial_binary_n500_w0p6_b0p3_split0057,1380057
C2_gaussian_paired_split_stability_C2_gaussian_paired_partial_null_n500_SGL-WQS_719101_58,C2_gaussian_paired_split_stability,C2_gaussian_paired_partial_null_n500,gaussian,500,13,SGL-WQS,719101,1380058,1380058,1380058,58,baseline,partial_null,legacy13,0.6,0.3,,,TRUE,split_partial_binary_n500_w0p6_b0p3,split_partial_binary_n500_w0p6_b0p3_split0058,1380058
C2_gaussian_paired_split_stability_C2_gaussian_paired_partial_null_n500_SGL-WQS_719101_59,C2_gaussian_paired_split_stability,C2_gaussian_paired_partial_null_n500,gaussian,500,13,SGL-WQS,719101,1380059,1380059,1380059,59,baseline,partial_null,legacy13,0.6,0.3,,,TRUE,split_partial_binary_n500_w0p6_b0p3,split_partial_binary_n500_w0p6_b0p3_split0059,1380059
C2_gaussian_paired_split_stability_C2_gaussian_paired_partial_null_n500_SGL-WQS_719101_60,C2_gaussian_paired_split_stability,C2_gaussian_paired_partial_null_n500,gaussian,500,13,SGL-WQS,719101,1380060,1380060,1380060,60,baseline,partial_null,legacy13,0.6,0.3,,,TRUE,split_partial_binary_n500_w0p6_b0p3,split_partial_binary_n500_w0p6_b0p3_split0060,1380060
C2_gaussian_paired_split_stability_C2_gaussian_paired_partial_null_n500_SGL-WQS_719101_61,C2_gaussian_paired_split_stability,C2_gaussian_paired_partial_null_n500,gaussian,500,13,SGL-WQS,719101,1380061,1380061,1380061,61,baseline,partial_null,legacy13,0.6,0.3,,,TRUE,split_partial_binary_n500_w0p6_b0p3,split_partial_binary_n500_w0p6_b0p3_split0061,1380061
C2_gaussian_paired_split_stability_C2_gaussian_paired_partial_null_n500_SGL-WQS_719101_62,C2_gaussian_paired_split_stability,C2_gaussian_paired_partial_null_n500,gaussian,500,13,SGL-WQS,719101,1380062,1380062,1380062,62,baseline,partial_null,legacy13,0.6,0.3,,,TRUE,split_partial_binary_n500_w0p6_b0p3,split_partial_binary_n500_w0p6_b0p3_split0062,1380062
C2_gaussian_paired_split_stability_C2_gaussian_paired_partial_null_n500_SGL-WQS_719101_63,C2_gaussian_paired_split_stability,C2_gaussian_paired_partial_null_n500,gaussian,500,13,SGL-WQS,719101,1380063,1380063,1380063,63,baseline,partial_null,legacy13,0.6,0.3,,,TRUE,split_partial_binary_n500_w0p6_b0p3,split_partial_binary_n500_w0p6_b0p3_split0063,1380063
C2_gaussian_paired_split_stability_C2_gaussian_paired_partial_null_n500_SGL-WQS_719101_64,C2_gaussian_paired_split_stability,C2_gaussian_paired_partial_null_n500,gaussian,500,13,SGL-WQS,719101,1380064,1380064,1380064,64,baseline,partial_null,legacy13,0.6,0.3,,,TRUE,split_partial_binary_n500_w0p6_b0p3,split_partial_binary_n500_w0p6_b0p3_split0064,1380064
C2_gaussian_paired_split_stability_C2_gaussian_paired_partial_null_n500_SGL-WQS_719101_65,C2_gaussian_paired_split_stability,C2_gaussian_paired_partial_null_n500,gaussian,500,13,SGL-WQS,719101,1380065,1380065,1380065,65,baseline,partial_null,legacy13,0.6,0.3,,,TRUE,split_partial_binary_n500_w0p6_b0p3,split_partial_binary_n500_w0p6_b0p3_split0065,1380065
C2_gaussian_paired_split_stability_C2_gaussian_paired_partial_null_n500_SGL-WQS_719101_66,C2_gaussian_paired_split_stability,C2_gaussian_paired_partial_null_n500,gaussian,500,13,SGL-WQS,719101,1380066,1380066,1380066,66,baseline,partial_null,legacy13,0.6,0.3,,,TRUE,split_partial_binary_n500_w0p6_b0p3,split_partial_binary_n500_w0p6_b0p3_split0066,1380066
C2_gaussian_paired_split_stability_C2_gaussian_paired_partial_null_n500_SGL-WQS_719101_67,C2_gaussian_paired_split_stability,C2_gaussian_paired_partial_null_n500,gaussian,500,13,SGL-WQS,719101,1380067,1380067,1380067,67,baseline,partial_null,legacy13,0.6,0.3,,,TRUE,split_partial_binary_n500_w0p6_b0p3,split_partial_binary_n500_w0p6_b0p3_split0067,1380067
C2_gaussian_paired_split_stability_C2_gaussian_paired_partial_null_n500_SGL-WQS_719101_68,C2_gaussian_paired_split_stability,C2_gaussian_paired_partial_null_n500,gaussian,500,13,SGL-WQS,719101,1380068,1380068,1380068,68,baseline,partial_null,legacy13,0.6,0.3,,,TRUE,split_partial_binary_n500_w0p6_b0p3,split_partial_binary_n500_w0p6_b0p3_split0068,1380068
C2_gaussian_paired_split_stability_C2_gaussian_paired_partial_null_n500_SGL-WQS_719101_69,C2_gaussian_paired_split_stability,C2_gaussian_paired_partial_null_n500,gaussian,500,13,SGL-WQS,719101,1380069,1380069,1380069,69,baseline,partial_null,legacy13,0.6,0.3,,,TRUE,split_partial_binary_n500_w0p6_b0p3,split_partial_binary_n500_w0p6_b0p3_split0069,1380069
C2_gaussian_paired_split_stability_C2_gaussian_paired_partial_null_n500_SGL-WQS_719101_70,C2_gaussian_paired_split_stability,C2_gaussian_paired_partial_null_n500,gaussian,500,13,SGL-WQS,719101,1380070,1380070,1380070,70,baseline,partial_null,legacy13,0.6,0.3,,,TRUE,split_partial_binary_n500_w0p6_b0p3,split_partial_binary_n500_w0p6_b0p3_split0070,1380070
C2_gaussian_paired_split_stability_C2_gaussian_paired_partial_null_n500_SGL-WQS_719101_71,C2_gaussian_paired_split_stability,C2_gaussian_paired_partial_null_n500,gaussian,500,13,SGL-WQS,719101,1380071,1380071,1380071,71,baseline,partial_null,legacy13,0.6,0.3,,,TRUE,split_partial_binary_n500_w0p6_b0p3,split_partial_binary_n500_w0p6_b0p3_split0071,1380071
C2_gaussian_paired_split_stability_C2_gaussian_paired_partial_null_n500_SGL-WQS_719101_72,C2_gaussian_paired_split_stability,C2_gaussian_paired_partial_null_n500,gaussian,500,13,SGL-WQS,719101,1380072,1380072,1380072,72,baseline,partial_null,legacy13,0.6,0.3,,,TRUE,split_partial_binary_n500_w0p6_b0p3,split_partial_binary_n500_w0p6_b0p3_split0072,1380072
C2_gaussian_paired_split_stability_C2_gaussian_paired_partial_null_n500_SGL-WQS_719101_73,C2_gaussian_paired_split_stability,C2_gaussian_paired_partial_null_n500,gaussian,500,13,SGL-WQS,719101,1380073,1380073,1380073,73,baseline,partial_null,legacy13,0.6,0.3,,,TRUE,split_partial_binary_n500_w0p6_b0p3,split_partial_binary_n500_w0p6_b0p3_split0073,1380073
C2_gaussian_paired_split_stability_C2_gaussian_paired_partial_null_n500_SGL-WQS_719101_74,C2_gaussian_paired_split_stability,C2_gaussian_paired_partial_null_n500,gaussian,500,13,SGL-WQS,719101,1380074,1380074,1380074,74,baseline,partial_null,legacy13,0.6,0.3,,,TRUE,split_partial_binary_n500_w0p6_b0p3,split_partial_binary_n500_w0p6_b0p3_split0074,1380074
C2_gaussian_paired_split_stability_C2_gaussian_paired_partial_null_n500_SGL-WQS_719101_75,C2_gaussian_paired_split_stability,C2_gaussian_paired_partial_null_n500,gaussian,500,13,SGL-WQS,719101,1380075,1380075,1380075,75,baseline,partial_null,legacy13,0.6,0.3,,,TRUE,split_partial_binary_n500_w0p6_b0p3,split_partial_binary_n500_w0p6_b0p3_split0075,1380075
C2_gaussian_paired_split_stability_C2_gaussian_paired_partial_null_n500_SGL-WQS_719101_76,C2_gaussian_paired_split_stability,C2_gaussian_paired_partial_null_n500,gaussian,500,13,SGL-WQS,719101,1380076,1380076,1380076,76,baseline,partial_null,legacy13,0.6,0.3,,,TRUE,split_partial_binary_n500_w0p6_b0p3,split_partial_binary_n500_w0p6_b0p3_split0076,1380076
C2_gaussian_paired_split_stability_C2_gaussian_paired_partial_null_n500_SGL-WQS_719101_77,C2_gaussian_paired_split_stability,C2_gaussian_paired_partial_null_n500,gaussian,500,13,SGL-WQS,719101,1380077,1380077,1380077,77,baseline,partial_null,legacy13,0.6,0.3,,,TRUE,split_partial_binary_n500_w0p6_b0p3,split_partial_binary_n500_w0p6_b0p3_split0077,1380077
C2_gaussian_paired_split_stability_C2_gaussian_paired_partial_null_n500_SGL-WQS_719101_78,C2_gaussian_paired_split_stability,C2_gaussian_paired_partial_null_n500,gaussian,500,13,SGL-WQS,719101,1380078,1380078,1380078,78,baseline,partial_null,legacy13,0.6,0.3,,,TRUE,split_partial_binary_n500_w0p6_b0p3,split_partial_binary_n500_w0p6_b0p3_split0078,1380078
C2_gaussian_paired_split_stability_C2_gaussian_paired_partial_null_n500_SGL-WQS_719101_79,C2_gaussian_paired_split_stability,C2_gaussian_paired_partial_null_n500,gaussian,500,13,SGL-WQS,719101,1380079,1380079,1380079,79,baseline,partial_null,legacy13,0.6,0.3,,,TRUE,split_partial_binary_n500_w0p6_b0p3,split_partial_binary_n500_w0p6_b0p3_split0079,1380079
C2_gaussian_paired_split_stability_C2_gaussian_paired_partial_null_n500_SGL-WQS_719101_80,C2_gaussian_paired_split_stability,C2_gaussian_paired_partial_null_n500,gaussian,500,13,SGL-WQS,719101,1380080,1380080,1380080,80,baseline,partial_null,legacy13,0.6,0.3,,,TRUE,split_partial_binary_n500_w0p6_b0p3,split_partial_binary_n500_w0p6_b0p3_split0080,1380080
C2_gaussian_paired_split_stability_C2_gaussian_paired_partial_null_n500_SGL-WQS_719101_81,C2_gaussian_paired_split_stability,C2_gaussian_paired_partial_null_n500,gaussian,500,13,SGL-WQS,719101,1380081,1380081,1380081,81,baseline,partial_null,legacy13,0.6,0.3,,,TRUE,split_partial_binary_n500_w0p6_b0p3,split_partial_binary_n500_w0p6_b0p3_split0081,1380081
C2_gaussian_paired_split_stability_C2_gaussian_paired_partial_null_n500_SGL-WQS_719101_82,C2_gaussian_paired_split_stability,C2_gaussian_paired_partial_null_n500,gaussian,500,13,SGL-WQS,719101,1380082,1380082,1380082,82,baseline,partial_null,legacy13,0.6,0.3,,,TRUE,split_partial_binary_n500_w0p6_b0p3,split_partial_binary_n500_w0p6_b0p3_split0082,1380082
C2_gaussian_paired_split_stability_C2_gaussian_paired_partial_null_n500_SGL-WQS_719101_83,C2_gaussian_paired_split_stability,C2_gaussian_paired_partial_null_n500,gaussian,500,13,SGL-WQS,719101,1380083,1380083,1380083,83,baseline,partial_null,legacy13,0.6,0.3,,,TRUE,split_partial_binary_n500_w0p6_b0p3,split_partial_binary_n500_w0p6_b0p3_split0083,1380083
C2_gaussian_paired_split_stability_C2_gaussian_paired_partial_null_n500_SGL-WQS_719101_84,C2_gaussian_paired_split_stability,C2_gaussian_paired_partial_null_n500,gaussian,500,13,SGL-WQS,719101,1380084,1380084,1380084,84,baseline,partial_null,legacy13,0.6,0.3,,,TRUE,split_partial_binary_n500_w0p6_b0p3,split_partial_binary_n500_w0p6_b0p3_split0084,1380084
C2_gaussian_paired_split_stability_C2_gaussian_paired_partial_null_n500_SGL-WQS_719101_85,C2_gaussian_paired_split_stability,C2_gaussian_paired_partial_null_n500,gaussian,500,13,SGL-WQS,719101,1380085,1380085,1380085,85,baseline,partial_null,legacy13,0.6,0.3,,,TRUE,split_partial_binary_n500_w0p6_b0p3,split_partial_binary_n500_w0p6_b0p3_split0085,1380085
C2_gaussian_paired_split_stability_C2_gaussian_paired_partial_null_n500_SGL-WQS_719101_86,C2_gaussian_paired_split_stability,C2_gaussian_paired_partial_null_n500,gaussian,500,13,SGL-WQS,719101,1380086,1380086,1380086,86,baseline,partial_null,legacy13,0.6,0.3,,,TRUE,split_partial_binary_n500_w0p6_b0p3,split_partial_binary_n500_w0p6_b0p3_split0086,1380086
C2_gaussian_paired_split_stability_C2_gaussian_paired_partial_null_n500_SGL-WQS_719101_87,C2_gaussian_paired_split_stability,C2_gaussian_paired_partial_null_n500,gaussian,500,13,SGL-WQS,719101,1380087,1380087,1380087,87,baseline,partial_null,legacy13,0.6,0.3,,,TRUE,split_partial_binary_n500_w0p6_b0p3,split_partial_binary_n500_w0p6_b0p3_split0087,1380087
C2_gaussian_paired_split_stability_C2_gaussian_paired_partial_null_n500_SGL-WQS_719101_88,C2_gaussian_paired_split_stability,C2_gaussian_paired_partial_null_n500,gaussian,500,13,SGL-WQS,719101,1380088,1380088,1380088,88,baseline,partial_null,legacy13,0.6,0.3,,,TRUE,split_partial_binary_n500_w0p6_b0p3,split_partial_binary_n500_w0p6_b0p3_split0088,1380088
C2_gaussian_paired_split_stability_C2_gaussian_paired_partial_null_n500_SGL-WQS_719101_89,C2_gaussian_paired_split_stability,C2_gaussian_paired_partial_null_n500,gaussian,500,13,SGL-WQS,719101,1380089,1380089,1380089,89,baseline,partial_null,legacy13,0.6,0.3,,,TRUE,split_partial_binary_n500_w0p6_b0p3,split_partial_binary_n500_w0p6_b0p3_split0089,1380089
C2_gaussian_paired_split_stability_C2_gaussian_paired_partial_null_n500_SGL-WQS_719101_90,C2_gaussian_paired_split_stability,C2_gaussian_paired_partial_null_n500,gaussian,500,13,SGL-WQS,719101,1380090,1380090,1380090,90,baseline,partial_null,legacy13,0.6,0.3,,,TRUE,split_partial_binary_n500_w0p6_b0p3,split_partial_binary_n500_w0p6_b0p3_split0090,1380090
C2_gaussian_paired_split_stability_C2_gaussian_paired_partial_null_n500_SGL-WQS_719101_91,C2_gaussian_paired_split_stability,C2_gaussian_paired_partial_null_n500,gaussian,500,13,SGL-WQS,719101,1380091,1380091,1380091,91,baseline,partial_null,legacy13,0.6,0.3,,,TRUE,split_partial_binary_n500_w0p6_b0p3,split_partial_binary_n500_w0p6_b0p3_split0091,1380091
C2_gaussian_paired_split_stability_C2_gaussian_paired_partial_null_n500_SGL-WQS_719101_92,C2_gaussian_paired_split_stability,C2_gaussian_paired_partial_null_n500,gaussian,500,13,SGL-WQS,719101,1380092,1380092,1380092,92,baseline,partial_null,legacy13,0.6,0.3,,,TRUE,split_partial_binary_n500_w0p6_b0p3,split_partial_binary_n500_w0p6_b0p3_split0092,1380092
C2_gaussian_paired_split_stability_C2_gaussian_paired_partial_null_n500_SGL-WQS_719101_93,C2_gaussian_paired_split_stability,C2_gaussian_paired_partial_null_n500,gaussian,500,13,SGL-WQS,719101,1380093,1380093,1380093,93,baseline,partial_null,legacy13,0.6,0.3,,,TRUE,split_partial_binary_n500_w0p6_b0p3,split_partial_binary_n500_w0p6_b0p3_split0093,1380093
C2_gaussian_paired_split_stability_C2_gaussian_paired_partial_null_n500_SGL-WQS_719101_94,C2_gaussian_paired_split_stability,C2_gaussian_paired_partial_null_n500,gaussian,500,13,SGL-WQS,719101,1380094,1380094,1380094,94,baseline,partial_null,legacy13,0.6,0.3,,,TRUE,split_partial_binary_n500_w0p6_b0p3,split_partial_binary_n500_w0p6_b0p3_split0094,1380094
C2_gaussian_paired_split_stability_C2_gaussian_paired_partial_null_n500_SGL-WQS_719101_95,C2_gaussian_paired_split_stability,C2_gaussian_paired_partial_null_n500,gaussian,500,13,SGL-WQS,719101,1380095,1380095,1380095,95,baseline,partial_null,legacy13,0.6,0.3,,,TRUE,split_partial_binary_n500_w0p6_b0p3,split_partial_binary_n500_w0p6_b0p3_split0095,1380095
C2_gaussian_paired_split_stability_C2_gaussian_paired_partial_null_n500_SGL-WQS_719101_96,C2_gaussian_paired_split_stability,C2_gaussian_paired_partial_null_n500,gaussian,500,13,SGL-WQS,719101,1380096,1380096,1380096,96,baseline,partial_null,legacy13,0.6,0.3,,,TRUE,split_partial_binary_n500_w0p6_b0p3,split_partial_binary_n500_w0p6_b0p3_split0096,1380096
C2_gaussian_paired_split_stability_C2_gaussian_paired_partial_null_n500_SGL-WQS_719101_97,C2_gaussian_paired_split_stability,C2_gaussian_paired_partial_null_n500,gaussian,500,13,SGL-WQS,719101,1380097,1380097,1380097,97,baseline,partial_null,legacy13,0.6,0.3,,,TRUE,split_partial_binary_n500_w0p6_b0p3,split_partial_binary_n500_w0p6_b0p3_split0097,1380097
C2_gaussian_paired_split_stability_C2_gaussian_paired_partial_null_n500_SGL-WQS_719101_98,C2_gaussian_paired_split_stability,C2_gaussian_paired_partial_null_n500,gaussian,500,13,SGL-WQS,719101,1380098,1380098,1380098,98,baseline,partial_null,legacy13,0.6,0.3,,,TRUE,split_partial_binary_n500_w0p6_b0p3,split_partial_binary_n500_w0p6_b0p3_split0098,1380098
C2_gaussian_paired_split_stability_C2_gaussian_paired_partial_null_n500_SGL-WQS_719101_99,C2_gaussian_paired_split_stability,C2_gaussian_paired_partial_null_n500,gaussian,500,13,SGL-WQS,719101,1380099,1380099,1380099,99,baseline,partial_null,legacy13,0.6,0.3,,,TRUE,split_partial_binary_n500_w0p6_b0p3,split_partial_binary_n500_w0p6_b0p3_split0099,1380099
C2_gaussian_paired_split_stability_C2_gaussian_paired_partial_null_n500_SGL-WQS_719101_100,C2_gaussian_paired_split_stability,C2_gaussian_paired_partial_null_n500,gaussian,500,13,SGL-WQS,719101,1380100,1380100,1380100,100,baseline,partial_null,legacy13,0.6,0.3,,,TRUE,split_partial_binary_n500_w0p6_b0p3,split_partial_binary_n500_w0p6_b0p3_split0100,1380100
